<?xml version="1.0"?>
<COLLADA xmlns="http://www.collada.org/2005/11/COLLADASchema" version="1.4.1">
    <asset>
        <contributor>
            <authoring_tool>J3D Ripoff Exporter</authoring_tool>
        </contributor>
        <created>2023-05-29T22:27:36.438Z</created>
        <modified>2023-05-29T22:27:36.438Z</modified>
		<unit meter="0.01" name="centimeter" ></unit>
        <up_axis>Y_UP</up_axis>
    </asset>
    <library_images>
        <image id="tex0">
            <init_from>DiskGarden_a.png</init_from>
        </image>
        <image id="tex1">
            <init_from>DiskGarden_b.png</init_from>
        </image>
        <image id="tex2">
            <init_from>DiskGarden_c.png</init_from>
        </image>
        <image id="tex3">
            <init_from>DiskGarden_d.png</init_from>
        </image>
        <image id="tex4">
            <init_from>DiskGarden_e.png</init_from>
        </image>
        <image id="tex5">
            <init_from>DiskGarden_f.png</init_from>
        </image>
        <image id="tex6">
            <init_from>DiskGarden_g.png</init_from>
        </image>
        <image id="tex7">
            <init_from>DiskGarden_h.png</init_from>
        </image>
        <image id="tex8">
            <init_from>DiskGarden_i.png</init_from>
        </image>
        <image id="tex9">
            <init_from>DiskGarden_j.png</init_from>
        </image>
        <image id="tex10">
            <init_from>EggStarLow.png</init_from>
        </image>
        <image id="tex11">
            <init_from>LawnALow.png</init_from>
        </image>
        <image id="tex12">
            <init_from>MiniEggEgg.png</init_from>
        </image>
        <image id="tex13">
            <init_from>MiniEggLawnWall.png</init_from>
        </image>
        <image id="tex14">
            <init_from>MiniEggTurf.png</init_from>
        </image>
        <image id="tex15">
            <init_from>PeanutRock.png</init_from>
        </image>
        <image id="tex16">
            <init_from>RockALow.png</init_from>
        </image>
        <image id="tex17">
            <init_from>SoilLow.png</init_from>
        </image>
        <image id="tex18">
            <init_from>StrawTopLow.png</init_from>
        </image>
        <image id="tex19">
            <init_from>YellowRockcLow.png</init_from>
        </image>
        <image id="tex20">
            <init_from>EggStarLow.png</init_from>
        </image>
        <image id="tex21">
            <init_from>PeanutRock.png</init_from>
        </image>
        <image id="tex22">
            <init_from>DiskGarden_j.png</init_from>
        </image>
        <image id="tex23">
            <init_from>DiskGarden_i.png</init_from>
        </image>
        <image id="tex24">
            <init_from>DiskGarden_h.png</init_from>
        </image>
        <image id="tex25">
            <init_from>DiskGarden_g.png</init_from>
        </image>
        <image id="tex26">
            <init_from>DiskGarden_f.png</init_from>
        </image>
        <image id="tex27">
            <init_from>DiskGarden_e.png</init_from>
        </image>
        <image id="tex28">
            <init_from>DiskGarden_d.png</init_from>
        </image>
        <image id="tex29">
            <init_from>DiskGarden_c.png</init_from>
        </image>
        <image id="tex30">
            <init_from>DiskGarden_b.png</init_from>
        </image>
        <image id="tex31">
            <init_from>DiskGarden_a.png</init_from>
        </image>
        <image id="tex32">
            <init_from>MiniEggLawnWall.png</init_from>
        </image>
        <image id="tex33">
            <init_from>MiniEggEgg.png</init_from>
        </image>
        <image id="tex34">
            <init_from>MiniEggTurf.png</init_from>
        </image>
        <image id="tex35">
            <init_from>YellowRockcLow.png</init_from>
        </image>
        <image id="tex36">
            <init_from>RockALow.png</init_from>
        </image>
        <image id="tex37">
            <init_from>LawnALow.png</init_from>
        </image>
        <image id="tex38">
            <init_from>SoilLow.png</init_from>
        </image>
    </library_images>
    <library_effects>
        <effect id="effect0">
            <profile_COMMON>
                <newparam sid="surface0">
                    <surface type="2D">
                        <init_from>tex35</init_from>
                    </surface>
                </newparam>
                <newparam sid="sampler0">
                    <sampler2D>
                        <source>surface0</source>
                    </sampler2D>
                </newparam>
                <technique sid="COMMON">
                    <blinn>
                        <diffuse>
                            <texture texture="sampler0" texcoord="UVSET0"></texture>
                        </diffuse>
                    </blinn>
                </technique>
            </profile_COMMON>
        </effect>
        <effect id="effect1">
            <profile_COMMON>
                <newparam sid="surface1">
                    <surface type="2D">
                        <init_from>tex38</init_from>
                    </surface>
                </newparam>
                <newparam sid="sampler1">
                    <sampler2D>
                        <source>surface1</source>
                    </sampler2D>
                </newparam>
                <technique sid="COMMON">
                    <blinn>
                        <diffuse>
                            <texture texture="sampler1" texcoord="UVSET0"></texture>
                        </diffuse>
                    </blinn>
                </technique>
            </profile_COMMON>
        </effect>
        <effect id="effect2">
            <profile_COMMON>
                <newparam sid="surface2">
                    <surface type="2D">
                        <init_from>tex37</init_from>
                    </surface>
                </newparam>
                <newparam sid="sampler2">
                    <sampler2D>
                        <source>surface2</source>
                    </sampler2D>
                </newparam>
                <technique sid="COMMON">
                    <blinn>
                        <diffuse>
                            <texture texture="sampler2" texcoord="UVSET0"></texture>
                        </diffuse>
                    </blinn>
                </technique>
            </profile_COMMON>
        </effect>
        <effect id="effect3">
            <profile_COMMON>
                <newparam sid="surface3">
                    <surface type="2D">
                        <init_from>tex36</init_from>
                    </surface>
                </newparam>
                <newparam sid="sampler3">
                    <sampler2D>
                        <source>surface3</source>
                    </sampler2D>
                </newparam>
                <technique sid="COMMON">
                    <blinn>
                        <diffuse>
                            <texture texture="sampler3" texcoord="UVSET0"></texture>
                        </diffuse>
                    </blinn>
                </technique>
            </profile_COMMON>
        </effect>
        <effect id="effect4">
            <profile_COMMON>
                <newparam sid="surface4">
                    <surface type="2D">
                        <init_from>tex35</init_from>
                    </surface>
                </newparam>
                <newparam sid="sampler4">
                    <sampler2D>
                        <source>surface4</source>
                    </sampler2D>
                </newparam>
                <technique sid="COMMON">
                    <blinn>
                        <diffuse>
                            <texture texture="sampler4" texcoord="UVSET0"></texture>
                        </diffuse>
                    </blinn>
                </technique>
            </profile_COMMON>
        </effect>
        <effect id="effect5">
            <profile_COMMON>
                <newparam sid="surface5">
                    <surface type="2D">
                        <init_from>tex34</init_from>
                    </surface>
                </newparam>
                <newparam sid="sampler5">
                    <sampler2D>
                        <source>surface5</source>
                    </sampler2D>
                </newparam>
                <technique sid="COMMON">
                    <blinn>
                        <diffuse>
                            <texture texture="sampler5" texcoord="UVSET0"></texture>
                        </diffuse>
                    </blinn>
                </technique>
            </profile_COMMON>
        </effect>
        <effect id="effect6">
            <profile_COMMON>
                <newparam sid="surface6">
                    <surface type="2D">
                        <init_from>tex33</init_from>
                    </surface>
                </newparam>
                <newparam sid="sampler6">
                    <sampler2D>
                        <source>surface6</source>
                    </sampler2D>
                </newparam>
                <technique sid="COMMON">
                    <blinn>
                        <diffuse>
                            <texture texture="sampler6" texcoord="UVSET0"></texture>
                        </diffuse>
                    </blinn>
                </technique>
            </profile_COMMON>
        </effect>
        <effect id="effect7">
            <profile_COMMON>
                <newparam sid="surface7">
                    <surface type="2D">
                        <init_from>tex32</init_from>
                    </surface>
                </newparam>
                <newparam sid="sampler7">
                    <sampler2D>
                        <source>surface7</source>
                    </sampler2D>
                </newparam>
                <technique sid="COMMON">
                    <blinn>
                        <diffuse>
                            <texture texture="sampler7" texcoord="UVSET0"></texture>
                        </diffuse>
                    </blinn>
                </technique>
            </profile_COMMON>
        </effect>
        <effect id="effect8">
            <profile_COMMON>
                <newparam sid="surface8">
                    <surface type="2D">
                        <init_from>tex31</init_from>
                    </surface>
                </newparam>
                <newparam sid="sampler8">
                    <sampler2D>
                        <source>surface8</source>
                    </sampler2D>
                </newparam>
                <technique sid="COMMON">
                    <blinn>
                        <diffuse>
                            <texture texture="sampler8" texcoord="UVSET0"></texture>
                        </diffuse>
                    </blinn>
                </technique>
            </profile_COMMON>
        </effect>
        <effect id="effect9">
            <profile_COMMON>
                <newparam sid="surface9">
                    <surface type="2D">
                        <init_from>tex30</init_from>
                    </surface>
                </newparam>
                <newparam sid="sampler9">
                    <sampler2D>
                        <source>surface9</source>
                    </sampler2D>
                </newparam>
                <technique sid="COMMON">
                    <blinn>
                        <diffuse>
                            <texture texture="sampler9" texcoord="UVSET0"></texture>
                        </diffuse>
                    </blinn>
                </technique>
            </profile_COMMON>
        </effect>
        <effect id="effect10">
            <profile_COMMON>
                <newparam sid="surface10">
                    <surface type="2D">
                        <init_from>tex29</init_from>
                    </surface>
                </newparam>
                <newparam sid="sampler10">
                    <sampler2D>
                        <source>surface10</source>
                    </sampler2D>
                </newparam>
                <technique sid="COMMON">
                    <blinn>
                        <diffuse>
                            <texture texture="sampler10" texcoord="UVSET0"></texture>
                        </diffuse>
                    </blinn>
                </technique>
            </profile_COMMON>
        </effect>
        <effect id="effect11">
            <profile_COMMON>
                <newparam sid="surface11">
                    <surface type="2D">
                        <init_from>tex28</init_from>
                    </surface>
                </newparam>
                <newparam sid="sampler11">
                    <sampler2D>
                        <source>surface11</source>
                    </sampler2D>
                </newparam>
                <technique sid="COMMON">
                    <blinn>
                        <diffuse>
                            <texture texture="sampler11" texcoord="UVSET0"></texture>
                        </diffuse>
                    </blinn>
                </technique>
            </profile_COMMON>
        </effect>
        <effect id="effect12">
            <profile_COMMON>
                <newparam sid="surface12">
                    <surface type="2D">
                        <init_from>tex27</init_from>
                    </surface>
                </newparam>
                <newparam sid="sampler12">
                    <sampler2D>
                        <source>surface12</source>
                    </sampler2D>
                </newparam>
                <technique sid="COMMON">
                    <blinn>
                        <diffuse>
                            <texture texture="sampler12" texcoord="UVSET0"></texture>
                        </diffuse>
                    </blinn>
                </technique>
            </profile_COMMON>
        </effect>
        <effect id="effect13">
            <profile_COMMON>
                <newparam sid="surface13">
                    <surface type="2D">
                        <init_from>tex26</init_from>
                    </surface>
                </newparam>
                <newparam sid="sampler13">
                    <sampler2D>
                        <source>surface13</source>
                    </sampler2D>
                </newparam>
                <technique sid="COMMON">
                    <blinn>
                        <diffuse>
                            <texture texture="sampler13" texcoord="UVSET0"></texture>
                        </diffuse>
                    </blinn>
                </technique>
            </profile_COMMON>
        </effect>
        <effect id="effect14">
            <profile_COMMON>
                <newparam sid="surface14">
                    <surface type="2D">
                        <init_from>tex25</init_from>
                    </surface>
                </newparam>
                <newparam sid="sampler14">
                    <sampler2D>
                        <source>surface14</source>
                    </sampler2D>
                </newparam>
                <technique sid="COMMON">
                    <blinn>
                        <diffuse>
                            <texture texture="sampler14" texcoord="UVSET0"></texture>
                        </diffuse>
                    </blinn>
                </technique>
            </profile_COMMON>
        </effect>
        <effect id="effect15">
            <profile_COMMON>
                <newparam sid="surface15">
                    <surface type="2D">
                        <init_from>tex24</init_from>
                    </surface>
                </newparam>
                <newparam sid="sampler15">
                    <sampler2D>
                        <source>surface15</source>
                    </sampler2D>
                </newparam>
                <technique sid="COMMON">
                    <blinn>
                        <diffuse>
                            <texture texture="sampler15" texcoord="UVSET0"></texture>
                        </diffuse>
                    </blinn>
                </technique>
            </profile_COMMON>
        </effect>
        <effect id="effect16">
            <profile_COMMON>
                <newparam sid="surface16">
                    <surface type="2D">
                        <init_from>tex23</init_from>
                    </surface>
                </newparam>
                <newparam sid="sampler16">
                    <sampler2D>
                        <source>surface16</source>
                    </sampler2D>
                </newparam>
                <technique sid="COMMON">
                    <blinn>
                        <diffuse>
                            <texture texture="sampler16" texcoord="UVSET0"></texture>
                        </diffuse>
                    </blinn>
                </technique>
            </profile_COMMON>
        </effect>
        <effect id="effect17">
            <profile_COMMON>
                <newparam sid="surface17">
                    <surface type="2D">
                        <init_from>tex22</init_from>
                    </surface>
                </newparam>
                <newparam sid="sampler17">
                    <sampler2D>
                        <source>surface17</source>
                    </sampler2D>
                </newparam>
                <technique sid="COMMON">
                    <blinn>
                        <diffuse>
                            <texture texture="sampler17" texcoord="UVSET0"></texture>
                        </diffuse>
                    </blinn>
                </technique>
            </profile_COMMON>
        </effect>
        <effect id="effect18">
            <profile_COMMON>
                <newparam sid="surface18">
                    <surface type="2D">
                        <init_from>tex21</init_from>
                    </surface>
                </newparam>
                <newparam sid="sampler18">
                    <sampler2D>
                        <source>surface18</source>
                    </sampler2D>
                </newparam>
                <technique sid="COMMON">
                    <blinn>
                        <diffuse>
                            <texture texture="sampler18" texcoord="UVSET0"></texture>
                        </diffuse>
                    </blinn>
                </technique>
            </profile_COMMON>
        </effect>
        <effect id="effect19">
            <profile_COMMON>
                <newparam sid="surface19">
                    <surface type="2D">
                        <init_from>tex20</init_from>
                    </surface>
                </newparam>
                <newparam sid="sampler19">
                    <sampler2D>
                        <source>surface19</source>
                    </sampler2D>
                </newparam>
                <technique sid="COMMON">
                    <blinn>
                        <diffuse>
                            <texture texture="sampler19" texcoord="UVSET0"></texture>
                        </diffuse>
                    </blinn>
                </technique>
            </profile_COMMON>
        </effect>
    </library_effects>
    <library_materials>
        <material id="mat0" name="DinoPBPa_v">
            <instance_effect url="#effect0"></instance_effect>
        </material>
        <material id="mat1" name="DinoPBPb_v">
            <instance_effect url="#effect1"></instance_effect>
        </material>
        <material id="mat2" name="DinoPBPc_v">
            <instance_effect url="#effect2"></instance_effect>
        </material>
        <material id="mat3" name="DinoPBPd_v">
            <instance_effect url="#effect3"></instance_effect>
        </material>
        <material id="mat4" name="DinoPBPe_v">
            <instance_effect url="#effect4"></instance_effect>
        </material>
        <material id="mat5" name="EggGreenMat_v">
            <instance_effect url="#effect5"></instance_effect>
        </material>
        <material id="mat6" name="EggWhiteMat_v">
            <instance_effect url="#effect6"></instance_effect>
        </material>
        <material id="mat7" name="LawnWallMat_v">
            <instance_effect url="#effect7"></instance_effect>
        </material>
        <material id="mat8" name="Low_a_v">
            <instance_effect url="#effect8"></instance_effect>
        </material>
        <material id="mat9" name="Low_b_v">
            <instance_effect url="#effect9"></instance_effect>
        </material>
        <material id="mat10" name="Low_c_v">
            <instance_effect url="#effect10"></instance_effect>
        </material>
        <material id="mat11" name="Low_d_v">
            <instance_effect url="#effect11"></instance_effect>
        </material>
        <material id="mat12" name="Low_e_v">
            <instance_effect url="#effect12"></instance_effect>
        </material>
        <material id="mat13" name="Low_f_v">
            <instance_effect url="#effect13"></instance_effect>
        </material>
        <material id="mat14" name="Low_g_v">
            <instance_effect url="#effect14"></instance_effect>
        </material>
        <material id="mat15" name="Low_h_v">
            <instance_effect url="#effect15"></instance_effect>
        </material>
        <material id="mat16" name="Low_i_v">
            <instance_effect url="#effect16"></instance_effect>
        </material>
        <material id="mat17" name="Low_j_v">
            <instance_effect url="#effect17"></instance_effect>
        </material>
        <material id="mat18" name="PeanutGrass_v">
            <instance_effect url="#effect18"></instance_effect>
        </material>
        <material id="mat19" name="StarYellow_v">
            <instance_effect url="#effect19"></instance_effect>
        </material>
    </library_materials>
    <library_geometries>
        <geometry id="mesh0">
            <mesh>
                <source id="points0">
                    <float_array id="pointarray0" count="2541">-3154.75 -4695.25 -360.5 -3366.75 -4602.75 -267 -3103.25 -4576.5 -175.25 -3254 -4474.5 -59.5 -2957.25 -4450.25 -51.25 -3130 -4319.5 86.75 -2764.75 -4366.75 -39.25 -3087.25 -4184.5 187.5 -2941.25 -3970.75 276.25 -3044.5 -4013.25 271.25 -3002 -3659.75 386.5 -3022.5 -3572.5 381.25 -2835.5 -3916.25 267.25 -2841.75 -3853.25 257.5 -2548.25 -4061.5 39.75 -2555 -4001 38.5 -2162 -3934 -200.5 -3154.75 -4695.25 -360.5 -3425.75 -4666.75 -361.5 -3215.25 -4779.75 -546.75 -3273.5 -4779.75 -602.75 -2862 -4736.75 -613 -2888.5 -4727.5 -650.5 -2844.5 -4773 -769.5 -2894.5 -4769 -807.25 -2921.75 -4822.25 -917.75 -2979 -4822 -976.25 -2933.25 -4832 -985.5 -2980.5 -4829.75 -1057.75 -2839 -4803.75 -1041.75 -2899.75 -4805.25 -1070 -2723.25 -2343.5 -112.75 -2767.75 -2374 -34.25 -2917 -2376.5 -9.25 -2956.5 -2388 42.25 -3380.5 -2352 28.25 -3370.75 -2368.75 85.25 -3711.5 -2334 -42.75 -3627.25 -2440.75 114.5 -3914.75 -2375 -114.25 -3912.5 -2696.5 115.25 -4181.25 -2520.5 -235.75 -4124.75 -2729 -2.5 -4257 -2613.25 -221 -4251.25 -2657.25 -232.75 -4346.75 -2504 -524 -4137.75 -4548.5 -870.5 -3949.25 -4612.5 -611.25 -3939.5 -4646.25 -610.25 -3784.5 -4588 -439.75 -3807 -4621.75 -452 -3747.5 -4574.5 -404.5 -3775.75 -4613.25 -424 -3666 -4606.5 -410 -3711.5 -4632 -421.25 -3654.75 -4632.5 -427.5 -3700 -4655.75 -437.25 -3804.25 -4713.25 -670 -3109.75 -3971 273.5 -3141.75 -4121 182.75 -3190.5 -4268.75 62.5 -3313 -4432.25 -100.5 -3431.75 -4583.25 -298 -3529.75 -4640.75 -378.25 -3486 -2759.5 -2451 -3623.5 -3150.75 -2544.5 -3457.75 -2775 -2483.25 -3584.5 -3154.25 -2577.25 -3470.75 -3250 -2610.75 -3476 -3441 -2604.5 -3310 -3197 -2622.25 -3202.5 -3490.75 -2619.5 -3167 -3112 -2603.5 -2893 -3340.5 -2589.5 -2705 -3024 -2442.5 -2545.75 -3382 -2453.75 -2513.75 -3388 -2364.5 -2531.5 -3687.75 -2353.75 -2732.25 -3880 -2441.25 -2565.25 -3673.25 -2434.25 -2924 -3670 -2556.5 -2922.5 -3508.5 -2579.75 -3098 -3726.25 -2567 -3250.75 -3809.75 -2572 -3516.25 -3614.5 -2569.25 -3789 -3325.25 -2534.75 -3947.75 -3377.5 -2470.25 -3941.5 -3331.25 -2478 -3989 -3362 -2434 -3979.5 -3311.75 -2440.25 -4572 -4057.75 -980 -4626.75 -4029.75 -922.5 -4443.75 -4254.25 -979 -4473 -4256.25 -919.5 -4385.5 -4383 -935 -4411.25 -4241 -638 -4227.75 -4436.75 -632.75 -4236 -4319.5 -408.75 -4092.5 -4461.75 -442 -3909.5 -4478 -257.5 -3856.75 -4559.25 -427.75 -3801.25 -4582.25 -431.5 -3953.75 -4612.25 -607.5 -2553.25 -2292.25 -254 -2474 -2314.75 -282 -2518.25 -2323.25 -228.25 -2730 -2512.5 91.75 -2955.75 -2486 173 -2657.75 -2772 199.25 -3013.75 -2761 349.25 -2918.25 -2912.75 367 -3148.5 -2985.25 432.75 -2902.25 -2959.25 318.75 -3131 -3031 391.5 -3794.5 -4473 -243.75 -3893 -4316.25 -124.25 -3840.5 -4317.25 -97.5 -3951.25 -4132.75 -27.25 -3892 -4143.5 0.25 -3991 -3981.75 49 -3937.5 -3986.75 75.75 -4060 -3837 81 -4027 -3828.25 110 -4162.5 -3683.75 64.75 -2154.5 -2527.5 -1697.5 -2156.75 -2410.5 -1576 -2330.25 -2275 -1682 -2241.25 -2264.25 -1478.75 -2712.25 -1964.75 -1451.5 -2406 -2062 -1200 -2469 -2029.25 -1058 -2254 -2175.75 -984.75 -2375.25 -2120.75 -680 -2271.5 -2244.25 -586.25 -2400.25 -2159 -520.25 -2406.5 -2230.5 -356.5 -2177 -2896.25 -2114.75 -2478.5 -2909.25 -2383.5 -2309.5 -3260.5 -2359.75 -2456 -3403.5 -2331.5 -2158.75 -3492 -2262.5 -2480.5 -3698.25 -2335.75 -2296 -3711.5 -2287.5 -2674.75 -3951.25 -2380.75 -2423.5 -3888.75 -2306.5 -2587.5 -4054.25 -2295.5 -2398 -4016 -2176.25 -2540.75 -4171.75 -2164.5 -3697.75 -2303.25 -103.75 -3999.5 -2241.25 -374.5 -3983 -2228.5 -459.5 -4117.5 -2223.75 -547.5 -4104.5 -2225.25 -618.5 -4298.25 -2386.75 -545.75 -4302 -2404 -614 -4328.5 -2493.75 -457.5 -2847 -4754 -1471.5 -3117.25 -4796.5 -1536 -2916.25 -4795.25 -1374.75 -3025 -4805 -1435.75 -3025.5 -4803.25 -1399.5 -3287.75 -4824.5 -1450.25 -3308.25 -4816 -1403.75 -3440.5 -4788.25 -1528.5 -3474.5 -4774.25 -1519.25 -3438 -4766.5 -1592.25 -3463 -4732.25 -1604.25 -3343 -4721 -1660.5 -4560.5 -2974.75 -1776.25 -4348 -3229.5 -2186.5 -4499.75 -2823 -1781.75 -4339.25 -2839.25 -2030.5 -4284.5 -2549.25 -1863 -4082.5 -2462.75 -2017.75 -4060.25 -2308.5 -1825 -3915.5 -2407 -2109.75 -3968 -2292.25 -1892 -3853.5 -2406.75 -2093.5 -3907.75 -2244 -1832.25 -2628.25 -4676.75 -669.75 -2661.5 -4607.25 -400.25 -2408.25 -4559.75 -603.75 -2437.5 -4503.75 -399 -2199.25 -4236.25 -327 -2453 -4291.25 -131.5 -2169.75 -4002 -188.75 -1974.75 -2841.75 -428.25 -1917.25 -3235 -363.75 -1970.75 -2861.75 -362.25 -1918.75 -3235.5 -301 -2053.5 -3385.25 -91 -1977.5 -3643.5 -245.5 -2292.25 -3556.75 108 -2145.5 -3863.5 -90.5 -2475.5 -3925.25 102.75 -2160 -3928 -167.25 -2538 -3993.75 59.75 -2661.5 -4362.75 -2076.25 -2698.75 -4426.5 -2044.75 -2558 -4388.5 -2033.75 -2614 -4453 -1994.25 -2307.75 -4387.75 -1721.25 -2543 -4485.5 -1861.75 -2416.75 -4503.5 -1665.5 -2531 -4535.5 -1749.75 -2628 -4624 -1643.5 -2673.5 -4614.75 -1668.5 -2986.75 -4721.25 -1629.75 -4728.75 -3624 -1380.25 -4738 -3499.5 -1373 -4726.25 -3726.25 -1092.75 -4753 -3420.25 -1004.75 -4710 -3470.75 -692 -4744.25 -3163.25 -898.5 -4705.5 -3214.75 -685.25 -4728.75 -3093.75 -794 -4694 -2989.25 -723 -4695.5 -3059.25 -820.5 -4667.25 -2940.25 -738.5 -3893.25 -3551.25 -2445 -3839.75 -3580 -2493.25 -3718.25 -3865.5 -2450.25 -3295 -4090.25 -2445.5 -3033.25 -4046.75 -2463.25 -3023.25 -4103.75 -2402 -2066 -3764.75 -1900.25 -2167 -3829.25 -2002 -2030.5 -3844 -1870.5 -2127.75 -3907 -1965.5 -2096.5 -4203.75 -1716.5 -2225 -3980.75 -2044.25 -2213.75 -4259.25 -1814.5 -2348.5 -4109.75 -2091.25 -2450.25 -4246 -2077.75 -2565.5 -4218.75 -2123 -2378.25 -4560.75 -1434.75 -2236.25 -4506 -1276.75 -2156.25 -4374.5 -1492.25 -2036 -4325.5 -1239.5 -1982.25 -4185 -1461.25 -1961.25 -4208.75 -1289.25 -1821.25 -3889 -1210 -1845.75 -3960.5 -1051 -1805.25 -3813 -1189.75 -1835.5 -3907 -1016.75 -4081.75 -3184.25 -2378.25 -4114 -3065 -2330.75 -4116.75 -3162.75 -2374 -4145.75 -3052.25 -2330.25 -4085.75 -2858.75 -2311.5 -4089.75 -2672.75 -2188 -3938.5 -2562 -2213 -1807.75 -3771 -1356.75 -1823 -3850.25 -1368.75 -1851.25 -3810 -1525.5 -1992.75 -4122 -1636.25 -1913.25 -3809 -1718 -4624.75 -3913.25 -1334.75 -4694.25 -3869.5 -1271.5 -4711 -3772 -1339.75 -4668.5 -3631.25 -1458 -4694 -3488.75 -1449.75 -2271.5 -2244.25 -586.25 -2127.25 -2305.5 -864.25 -2120.5 -2334.75 -1322.5 -2000.75 -2448.75 -1201 -1961.75 -2576.75 -1370.75 -1881.25 -2662.5 -1174.75 -1796 -2821.75 -1194.5 -1806.75 -2854.75 -753.5 -3696 -2752 299.75 -3363.5 -2599.25 250.75 -3359.5 -2772.25 348 -3389.5 -2949 379.75 -2639.75 -2811.75 137.25 -2389.5 -2571.5 -91.5 -2360 -2509.75 -162.5 -2645 -2191.5 -1755.75 -2785.5 -1971.75 -1412.25 -2509 -2028.25 -1031.5 -2448.5 -2117.75 -647.75 -2494.5 -2172 -450.5 -2559.75 -2810.75 89.75 -2299.75 -2603.25 -153.25 -2502.5 -2838.75 113.75 -2267.75 -2643 -121.75 -2176.75 -2695.75 -182.25 -2239.75 -2540 -222.25 -2167.5 -2513.75 -348.5 -2282 -2491.5 -268.5 -2193.75 -2450.5 -423.25 -3774.5 -4699.75 -691.5 -4065.75 -4610.5 -907.25 -4073.25 -4629.75 -873.75 -4111.5 -4586.25 -845.5 -3956.5 -3534.75 -2434 -4013.25 -3341.5 -2425.25 -4003.25 -3482.75 -2427.5 -4054.25 -3305.25 -2419.25 -4262.25 -3527.75 -2256 -3154.75 -4695.25 -360.5 -2866 -4671 -376 -2330.25 -2275 -1682 -2222.5 -2521 -1849.75 -2381 -2475.25 -2005 -2280.75 -2659 -2078.5 -2607.5 -2712.5 -2343.75 -2177 -2896.25 -2114.75 -3942.25 -2855.25 211 -3729.25 -2930.5 350.75 -3726.25 -2961.75 273.75 -3414.25 -2987.75 317.25 -4349.75 -4377.5 -1002.75 -4265.75 -4471.75 -854 -4235.75 -4480 -921.5 -4145 -4523.5 -741.25 -4131.5 -4547.75 -782.75 -2689 -4756 -917.5 -2489 -4662.25 -846.5 -2271.5 -4541.75 -857 -2070.75 -4319.25 -766 -4615.5 -3068.25 -491.5 -4651.25 -3082 -499.25 -4669.75 -3286 -548.5 -4609.75 -3450.75 -405.5 -4612.75 -3374.75 -424 -2006.5 -2681.5 -530.25 -2165.5 -2456.75 -493 -2089.25 -2449.25 -612.25 -2215 -2403.75 -447 -2175.75 -2385.25 -541.5 -2284 -2356.75 -338.5 -2406.5 -2230.5 -356.5 -2217 -3084.25 8.75 -2589 -3185.25 273.5 -2801.75 -3021.25 340 -2870.5 -2994.75 325 -2271.5 -2244.25 -586.25 -1995.5 -2482.5 -788.25 -1950.75 -2516.75 -1094 -2734 -2267.75 -1933.75 -2787.5 -2295 -2037.25 -2828.5 -2694.25 -2392.75 -3027.5 -2432.5 -2288.75 -3111.75 -2665.5 -2455 -3079.5 -2347.75 -2212.5 -3363.5 -2573 -2388.25 -3377.5 -2552.25 -2354.5 -2693 -4466 -1993 -2593 -4479 -1882.5 -2592.5 -4530 -1777.25 -4330.5 -4162.75 -353.5 -4151.25 -4150.5 -148.25 -4050.25 -4327.75 -209.25 -2597.5 -4676 -1449.5 -2667 -4746.25 -1248.75 -2378.25 -4560.75 -1434.75 -2495.5 -4679.25 -1181 -2367.25 -4607.75 -1061 -4210.75 -3813.5 -2175.75 -4016 -3823.5 -2333.5 -4235.25 -3745 -2186.5 -4055.25 -3754.75 -2330.5 -3975.75 -3661.25 -2397.75 -3252.75 -4721.25 -1671.5 -3294.25 -4752 -1666 -3174.25 -4762 -1653 -2932.5 -4739.5 -1606 -2847 -4754 -1471.5 -4235.25 -3745 -2186.5 -4373.25 -3609.25 -2107 -4513.25 -3367.5 -1965 -4510.75 -3406.25 -1935.75 -1886.25 -3144.5 -1810.25 -1971.5 -3537.75 -2001.75 -1788 -3516 -1622.5 -1831.5 -3675 -1575.75 -1743.25 -3458 -1448.25 -1807 -3672.5 -1489 -1752.75 -3543.75 -1354.75 -4375.25 -2462 -1625.5 -4499 -2813.75 -1734 -4563.5 -2980.25 -1728.5 -2063.75 -3854.5 -288.5 -2080.5 -3944.25 -274.25 -2057.5 -4054 -452.75 -2033 -3993 -502.25 -2006.75 -4128.5 -731.5 -2411.5 -4063 -2131.75 -2271 -3910 -2084.25 -2029.75 -2693.75 -404.25 -2561 -3608.75 259 -2730.25 -3791.75 275.5 -2806 -3855.25 262 -2857 -3119.75 373 -2891 -3439.5 395.25 -4054.75 -2326.5 -298.25 -2378.25 -4560.75 -1434.75 -1746.25 -3015.25 -927 -1868.25 -2937 -598 -1892 -2679.5 -694.25 -4760.75 -3343.5 -1248 -3376.25 -2466 179 -1971.25 -3694.5 -317.75 -2811.5 -4800 -1227.25 -2847 -4754 -1471.5 -2336 -2600 -154.25 -2320.25 -2519.5 -227.5 -2149.75 -4283.25 -515.25 -2718.25 -3923.25 -2369.5 -3033.25 -4046.75 -2463.25 -2732.25 -3880 -2441.25 -2613.25 -3005.25 -2344 -2705.5 -2733.75 -2312 -2570.25 -2154.25 -1767 -4344.25 -3727 -78 -4259 -3902 -86 -4427.75 -3882.5 -262.5 -4572.75 -3744 -424.5 -4546.5 -4001.25 -584.25 -3086.5 -2316 -2141.75 -2936 -2298.25 -2096.75 -2934.5 -2255 -2012.75 -2653 -4316.25 -2122.75 -2761.75 -4199.25 -2276.25 -2739 -4437.5 -2066 -2904.75 -4415.5 -2139.5 -4676.5 -3789.75 -768.75 -1923.75 -2952.5 -1767.5 -2029.75 -3065.5 -2012.5 -2024.5 -2828.75 -1807 -2104.25 -2801.75 -1953.5 -4359.25 -3669.25 -2089.75 -3111.75 -2665.5 -2455 -2798.25 -2696.75 -2336.75 -2272.75 -3846 -2153.75 -2181.25 -3726.5 -2098.75 -2065.75 -3680 -1975 -2847 -4754 -1471.5 -2883.75 -4802 -1217.75 -2005.5 -4153.75 -740.25 -4041.25 -2857.75 -2301.5 -3875.5 -2536.75 -2191 -2177 -2896.25 -2114.75 -4118.25 -2770.25 -24.5 -3951.25 -2897.75 152.75 -3966.25 -4580.5 -556.5 -3809.5 -3299 -2505.25 -4150.25 -3654.75 92 -4312 -3574.75 -8.25 -4296 -3504.75 -7.25 -4480 -3509 -192 -4471 -3441 -206.75 -4612.75 -3374.75 -424 -4471 -3441 -206.75 -4474 -3684.5 -212.5 -4619.25 -3106 -481.25 -4633.5 -3137.75 -499 -4651.5 -3256.25 -520 -2114.25 -4429.75 -1161.5 -1794.5 -3104.5 -804.75 -4632.75 -3801.5 -1412.25 -4344.25 -3727 -78 -1947.5 -2704.5 -1479.25 -1855.5 -2839.5 -1455.5 -1796 -2821.75 -1194.5 -1778 -3061.75 -1476.5 -1886.25 -3144.5 -1810.25 -1778 -3061.75 -1476.5 -3111.75 -2665.5 -2455 -2302.5 -2425.25 -297.75 -4060.25 -2308.5 -1825 -4236.25 -2388 -1732 -4344.25 -3727 -78 -4474 -3684.5 -212.5 -2057 -2546.75 -1528 -3057.75 -4232.5 -2353.25 -2918.75 -4131.25 -2398 -1840.75 -3728.75 -1523 -1932.5 -3733 -1725 -2675 -3020 -2410.5 -2494 -2219.25 -365.75 -2406.5 -2230.5 -356.5 -3019.25 -4364.25 -2201 -3772.75 -3918 -2407 -2597.5 -4676 -1449.5 -3303.75 -4156.25 -2401 -2732.25 -3880 -2441.25 -4733.75 -3309.5 -1307.5 -4474 -3684.5 -212.5 -3927.5 -3727 -2405.5 -3975.75 -3661.25 -2397.75 -4722.25 -3148.5 -974.5 -4017.5 -2254.75 -1779.75 -4205.25 -2340.5 -1679.25 -4236.25 -2388 -1732 -4060.25 -2308.5 -1825 -3975.75 -3661.25 -2397.75 -4359 -2422 -1563.5 -4205.25 -2340.5 -1679.25 -3951.25 -2897.75 152.75 -1796 -2821.75 -1194.5 -2029.75 -2666 -479.5 -2927.75 -3107.5 351.5 -2970.75 -3448.75 373 -2130.25 -2668.5 -1836.25 -1931.5 -2837.5 -1627.75 -1886.25 -3144.5 -1810.25 -2437.5 -2280 -318 -4235.25 -3745 -2186.5 -3033.25 -4046.75 -2463.25 -4236.25 -2388 -1732 -2434.25 -1132.25 1749 -2568 -1189.75 1780.5 -2420.5 -1194.5 1834 -2517.75 -1258 1834 -2395.25 -1277 1906.75 -2473.75 -1300.5 1954.75 -2402.25 -1284.5 1987.75 -2498.25 -1356.75 2008.5 -2365.5 -1051.5 1817.75 -2356.75 -1119.75 1897.5 -2313.5 -1185.75 1946.25 -2375 -1241.5 2035.25 -2578 -962 2036.25 -2530.75 -927.25 2022.75 -2503.5 -1008.5 2089.75 -2427.5 -969.75 2041.5 -2500.25 -1072 2166 -2406.25 -1044 2102.5 -2460.5 -1158 2161 -2388.5 -1136.75 2112.25 -2480.75 -915.25 1920.25 -2388 -978 1960 -2471 -963 1796.75 -2504.25 -1033 1733.25 -2633.5 -913.25 1795 -2701.5 -881 1821.25 -2629.25 -1007.5 1749.5 -2728.5 -1008.75 1791.5 -2616.75 -1106.25 1754.25 -2710.75 -1134.25 1817.5 -2351.5 -1062.25 2000 -2309.5 -1141.75 2024.75 -2614.75 -854 2023.25 -2695 -906.5 2023.25 -2627 -843.5 1919.5 -2686.75 -875.5 1932.5 -2659.75 -872.75 1855.75 -2723 -861.5 1885 -2585.75 -857.25 1842.5 -2496.5 -893.5 1801.75 -2492 -846 1886.25 -2640 -1215.25 1849 -2611.75 -1285.75 1883.75 -2416 -1227.75 2112 -2533.75 -945.25 1728.5 -2535 -1206.5 2161 -2583.5 -1263.75 2112.25 -2597.75 -1135.25 2166 -2661.25 -1210 2102.5 -2587.75 -1307.75 2033.75 -2661.25 -1210 2102.5 -2666.5 -1267.5 2000 -2525 -1315.75 2119.75 -2695 -906.5 2023.25 -2754.25 -967.25 1972.25 -2525 -1315.75 2119.75 -2540.25 -1355 2064 -2540.25 -1355 2064 -2545.75 -1321.75 1986.75 -2578 -962 2036.25 -2633 -1035 2036.25 -2614.75 -854 2023.25 -2695 -906.5 2023.25 -2773.5 -993.75 1876.25 -2578 -962 2036.25 -2537.25 -831 1971 -2714.5 -1078.75 1972.75 -2752 -1107 1920.25 -2609 -1077.25 2089.75 -2633 -1035 2036.25 -2677.75 -1158.25 2021.25 -2654.75 -1216 1910 -2661.25 -1210 2102.5 -2411.25 -1310.25 2070.75 -2525 -1315.75 2119.75 -2540.25 -1355 2064 -2614.75 -854 2023.25 1075 -1939 -470 1004.25 -1937.25 -414.25 1131.25 -1884 -420.25 1039 -1881.75 -347.5 1219.75 -1862.25 -367.75 1089.25 -1830.75 -277.5 1244.25 -1761.5 -309.75 1150 -1755.5 -243.25 1253.25 -1706.25 -237.75 1177 -1704.5 -177.5 976 -1889.75 -520.5 1175.75 -1863.25 -566.5 1067.75 -1867.75 -582.5 1165 -1798 -626 1065.25 -1785.25 -670.5 1003 -1806.25 -266.5 1034.75 -1702.25 -203.5 1093.5 -1659.25 -157 1221 -1806.75 -468.5 1179.75 -1832.75 -513.5 1175.75 -1863.25 -566.5 1221 -1806.75 -468.5 1191.75 -1685.5 -541.25 1165.75 -1747.5 -591.25 1175.75 -1863.25 -566.5 1191.75 -1685.5 -541.25 1150.5 -1591.75 -576.5 1134.5 -1661 -623.75 1035 -1733.25 -639 1034.75 -1587.75 -184 1090 -1502.75 -260.25 1138.5 -1572 -191.75 1163.75 -1494.5 -213.5 1195.25 -1543 -235.75 1187.5 -1467.75 -297.25 1061.75 -1468.5 -325 1033.25 -1495.25 -402.75 951.25 -1552.25 -351 988.25 -1577 -491 936 -1632.5 -390.25 937.75 -1827 -322.5 915 -1860.25 -408.5 1299.5 -1720.75 -385.5 1316 -1676.75 -305.75 1090 -1502.75 -260.25 1034.75 -1587.75 -184 948.5 -1664.25 -246.25 951.25 -1724.75 -306 1281.5 -1593.75 -378.5 1280.5 -1676.75 -488 1221 -1806.75 -468.5 1216.75 -1511.75 -508.75 1235.25 -1497 -389.5 1281.5 -1593.75 -378.5 1187.5 -1467.75 -297.25 1250.5 -1574.5 -280.25 1281.5 -1593.75 -378.5 1214.25 -1613 -210.5 1214.25 -1613 -210.5 1090 -1502.75 -260.25 866.5 -1740.25 -355.25 860.5 -1794 -433.5 852.5 -1655 -433 900.75 -1603.75 -526 849.75 -1728.75 -493 886.75 -1689.5 -564.25 957.5 -1691.25 -620 900.75 -1603.75 -526 993.25 -1606 -599 1035 -1733.25 -639 900.25 -1848.5 -501.75 874.5 -1756 -604 874.5 -1756 -604 922.75 -1746.5 -653.5 1035 -1733.25 -639 900.75 -1603.75 -526 1033.25 -1495.25 -402.75 1100.75 -1536.75 -461 1061.75 -1468.5 -325 1157.5 -1497.25 -338.25 1100.75 -1536.75 -461 1216.75 -1511.75 -508.75 1235.25 -1497 -389.5 1280.5 -1676.75 -488 1191.75 -1685.5 -541.25 1100.75 -1536.75 -461 993.25 -1606 -599 993.25 -1606 -599 988.25 -1577 -491 1150.5 -1591.75 -576.5 1214.25 -1613 -210.5 1214.25 -1613 -210.5 937.75 -1844.5 -569.25 874.5 -1756 -604 1034.75 -1587.75 -184 1187.5 -1467.75 -297.25 1157.5 -1497.25 -338.25 1214.25 -1613 -210.5 1280.5 -1676.75 -488 1035 -1733.25 -639 1157.5 -1497.25 -338.25 -43.75 1.75 -2025.25 -78.5 30 -1996.25 -10 22.5 -2023.75 -49.25 78.25 -1993.25 31 67 -2059.25 -19.25 101 -2038.5 24.5 135.5 -2088.25 -2.5 148.5 -2070.5 56.5 177 -2109.25 19.25 207.25 -2078 -130 72.25 -2222.5 -57 25.75 -2241 -94.75 129.25 -2216 -31.5 93.25 -2239 -55 173.75 -2235.75 1.5 137 -2253.25 -15.75 196.75 -2213.75 39.5 136 -2209.75 27.5 192 -2185.5 19.5 31.5 -2103.75 5.5 19 -2200.25 -25 -8 -2153 -57 25.75 -2241 -83 -1.75 -2190.5 -146.75 24.75 -2190.5 -178.75 112.25 -2181.75 -191.75 61.75 -2153 -104 -31.25 -2147.25 -152.75 -10.75 -2147.25 -121.25 -40.5 -2099.25 -188.75 -17.5 -2087 -150.25 161 -2185.75 -98.5 211.5 -2219.25 -47.75 217.5 -2198.25 -43 -51.25 -2123.75 -111.25 -34 -2062.25 -121.25 -40.5 -2099.25 64.25 149.75 -2159.5 36.75 107.75 -2147 26.25 87 -2212.75 5.5 19 -2200.25 -57 25.75 -2241 -20 -38.75 -2077.25 -98 -15 -2025.25 -77.25 152.5 -2054.5 -120 77.75 -1994.75 -171 111.25 -2031 5.5 19 -2200.25 2.5 226.25 -2136 2.25 241.75 -2185.5 2.5 226.25 -2136 -45.25 234.75 -2160.25 -82.75 238 -2108.25 -171 111.25 -2031 -201 94.75 -2092 -137.5 159 -2093.75 -183.5 118.75 -2145.25 -102.25 238.75 -2165.5 -171.5 55.25 -2025.25 -194.5 42.5 -2071.75 -171 111.25 -2031 -187.5 17.25 -2118.5 -177.5 9 -2020.75 -120 77.75 -1994.75 -177.5 9 -2020.75 -202 3.5 -2053.75 -77.25 152.5 -2054.5 19.25 207.25 -2078 -33 229.25 -2078 -137.5 159 -2093.75 -33 229.25 -2078 -150.75 190.25 -2139.25 -202 3.5 -2053.75 -177.5 9 -2020.75 -202 3.5 -2053.75 -121.25 -40.5 -2099.25 -137.5 159 -2093.75 19.25 207.25 -2078 -120 77.75 -1994.75 -78.5 30 -1996.25 -33 229.25 -2078 2.5 226.25 -2136 -2486.75 922.75 -1923.75 -2570.5 901.25 -1905.25 -2484.25 885 -1873.25 -2547.25 856.75 -1873.25 -2477.25 849.25 -1830 -2525.5 815.25 -1830 -2482 842.5 -1782 -2545 817.75 -1769.75 -2439 963.75 -1883 -2440 923 -1835.75 -2420.75 880.25 -1806.5 -2462 853 -1753.75 -2514.5 1055.25 -1914.25 -2506.75 988.25 -1921.25 -2481.5 1025 -1879.5 -2445.25 1009 -1798.5 -2431.75 956.25 -1774.75 -2462 972 -1713.75 -2550.25 1098.25 -1868.25 -2514.5 1055.25 -1914.25 -2494.25 1096 -1842.25 -2475.75 1054.5 -1822 -2506.25 1070.25 -1761 -2460.5 1012.75 -1747 -2578 1114.5 -1766.5 -2621 1098.75 -1766.25 -2573.25 1110 -1822.5 -2611.25 1096.75 -1814.75 -2595.25 1082.75 -1860.25 -2631.25 1062.5 -1843 -2659.25 1049 -1791 -2635.75 987.25 -1796.5 -2602.25 1018 -1753.25 -2632 930 -1762 -2584.25 971 -1721.25 -2621 1098.75 -1766.25 -2578 1114.5 -1766.5 -2539.25 1046.5 -1753.25 -2516 1001.75 -1721.25 -2583.5 1097 -1915 -2633 1060.75 -1896.25 -2589.75 1014 -1923.5 -2648 1022.25 -1898.5 -2577.5 971 -1909.25 -2622 959.25 -1888.25 -2633 893 -1864.5 -2605 849 -1835.75 -2414.25 905.5 -1760 -2484.75 865 -1694.75 -2460.25 916 -1708 -2514.5 1055.25 -1914.25 -2519.5 1109 -1792 -2504.5 910 -1679 -2552.75 888.25 -1679 -2520 964.25 -1676 -2583 936 -1676 -2586.5 859.25 -1708 -2627 898 -1713.75 -2593 833.75 -1754.5 -2627 898 -1713.75 -2635.5 864.75 -1774.75 -2556.75 823.5 -1703.5 -2621 1098.75 -1766.25 -2556.75 823.5 -1703.5 -2569.5 801.75 -1736.5 -2569.5 801.75 -1736.5 -2569.5 821.75 -1801.25 -2692.75 1032.5 -1841.25 -2641.25 894 -1828 -2638 980.5 -1845.5 -2627 898 -1713.75 -2498 831.25 -1736.5 -2556.75 823.5 -1703.5 -2569.5 801.75 -1736.5 -2578 1114.5 -1766.5</float_array>
                    <technique_common>
                        <accessor count="847" source="#pointarray0" stride="3">
                            <param name="X" type="float"/>
                            <param name="Y" type="float"/>
                            <param name="Z" type="float"/>
                        </accessor>
                    </technique_common>
                </source>
                <source id="uvs0">
                    <float_array id="uvarray0" count="1680">5.109375 1.19970703125 4.86962890625 1.4560546875 5.150390625 1.63037109375 4.9833984375 1.9453125 5.32861328125 2.001953125 5.10546875 2.4111328125 5.50537109375 2.162109375 5.14453125 2.7822265625 5.29833984375 3.28369140625 5.18701171875 3.1962890625 5.2568359375 4.00634765625 5.212890625 4.16796875 5.41748046875 3.37939453125 5.40869140625 3.4736328125 5.74560546875 2.83935546875 5.73095703125 2.93115234375 6.2470703125 2.7119140625 4.8046875 1.22412109375 5.05029296875 0.79345703125 4.97509765625 0.69384765625 5.47998046875 0.7412109375 5.44775390625 0.662109375 5.54345703125 0.42626953125 5.4765625 0.34912109375 5.48681640625 0.0810546875 5.4091796875 -0.0458984375 5.49365234375 -0.05908203125 5.43310546875 -0.2119140625 5.5634765625 0.0166015625 5.54052734375 -0.14990234375 4.38037109375 6.85595703125 1.6982421875 7.1611328125 3.96435546875 6.91259765625 1.455078125 7.05517578125 2.46630859375 6.95654296875 0.86328125 6.9609375 0.322265625 7.060546875 0.544921875 6.87158203125 0.13916015625 6.955078125 0.22314453125 6.34228515625 -0.296875 6.7841796875 -0.11083984375 6.31005859375 -0.36767578125 6.54541015625 1.18115234375 5.88427734375 0.86083984375 5.95458984375 3.85400390625 0.607421875 4.1845703125 0.81396484375 4.2275390625 0.7958984375 4.390625 1.109375 4.39453125 1.05517578125 4.43408203125 1.20654296875 4.42822265625 1.11376953125 4.53076171875 1.1533203125 4.498046875 1.1025390625 4.54443359375 1.0810546875 4.51123046875 1.05908203125 4.357421875 0.62744140625 5.10888671875 3.2529296875 5.08447265625 2.85693359375 5.03564453125 2.45361328125 4.91748046875 1.94921875 4.791015625 1.42919921875 4.68505859375 1.20263671875 0.275390625 1.67333984375 0.46142578125 0.8154296875 0.2333984375 1.6220703125 0.40087890625 0.77490234375 0.2666015625 0.54248046875 0.2919921875 0.142578125 0.0634765625 0.64208984375 -0.09130859375 0.03271484375 -0.1064453125 0.841796875 -0.48291015625 0.4306640625 -0.650390625 1.24365234375 -0.95654296875 0.576171875 -1.01611328125 0.64404296875 -1.18212890625 -0.00146484375 -1.0390625 -0.556640625 -1.10302734375 -0.00927734375 -0.55078125 -0.2568359375 -0.49169921875 0.07421875 -0.29638671875 -0.4541015625 -0.04345703125 -0.66455078125 0.38232421875 -0.2099609375 0.6884765625 0.4931640625 0.91552734375 0.48486328125 0.88818359375 0.572265625 0.9677734375 0.572265625 0.9375 0.66015625 3.20947265625 1.3349609375 3.26416015625 1.3759765625 3.349609375 0.93115234375 3.388671875 0.98974609375 3.50732421875 0.83935546875 3.720703125 1.44482421875 3.89404296875 1.2001953125 4.02685546875 1.7734375 4.11767578125 1.38330078125 4.341796875 1.56640625 4.32861328125 1.171875 4.35693359375 1.15576171875 4.1708984375 0.85302734375 4.69189453125 6.80078125 4.7578125 6.71142578125 1.99755859375 7.40283203125 1.79296875 6.90478515625 1.4755859375 6.88037109375 1.9326171875 6.59619140625 1.36279296875 6.240234375 1.6376953125 6.06640625 1.30078125 5.8662109375 3.72802734375 5.79296875 3.20703125 5.6865234375 4.39501953125 1.61376953125 4.28076171875 2.03564453125 4.35009765625 2.08740234375 4.15673828125 2.37841796875 4.28173828125 2.51953125 4.14990234375 2.88671875 4.18896484375 2.88427734375 4.0458984375 3.18310546875 4.0595703125 3.193359375 3.88134765625 3.4248046875 0.44677734375 3.45361328125 0.45458984375 3.58203125 -1.052734375 3.67333984375 -1.3115234375 4.05615234375 -0.64453125 4.5341796875 -1.23291015625 4.78271484375 -1.12744140625 4.9970703125 -1.5185546875 4.95751953125 -1.6259765625 5.5244140625 -1.95947265625 5.42333984375 -1.85888671875 5.7666015625 -2.095703125 5.73828125 -1.23388671875 2.005859375 -0.86181640625 1.61376953125 -1.2421875 1.0361328125 -1.1181640625 0.73779296875 -1.505859375 0.75244140625 -1.318359375 0.07177734375 -1.5185546875 0.2333984375 -1.255859375 -0.63525390625 -1.5341796875 -0.2158203125 -1.5390625 -0.67626953125 -1.73779296875 -0.3759765625 -1.7998046875 -0.818359375 1.52001953125 6.79150390625 -0.19384765625 7.314453125 0.90087890625 6.57568359375 -0.4140625 7.423828125 0.82080078125 6.5029296875 -0.646484375 7.1328125 0.79248046875 6.1083984375 -0.6533203125 6.970703125 5.97607421875 -0.89501953125 5.4111328125 -1.1982421875 5.7353515625 -0.82958984375 5.5556640625 -0.95947265625 5.4345703125 -0.9638671875 5.0380859375 -1.10546875 4.9267578125 -1.02734375 4.58203125 -1.2265625 4.46826171875 -1.197265625 4.54443359375 -1.35791015625 4.3154296875 -1.34716796875 4.7685546875 -1.53125 1.66357421875 2.15966796875 1.43603515625 1.18505859375 1.53955078125 2.41650390625 1.236328125 2.53857421875 1.18896484375 2.849609375 0.9619140625 2.755859375 0.9462890625 3.27783203125 0.73486328125 2.66162109375 0.83056640625 3.22265625 0.6689453125 2.7275390625 0.77099609375 3.328125 5.77392578125 0.791015625 5.67822265625 1.23291015625 5.984375 1.11279296875 5.85986328125 1.37548828125 6.16748046875 2.04443359375 5.6953125 2.24755859375 6.2265625 2.619140625 7.25341796875 4.4921875 6.923828125 3.82177734375 7.173828125 4.52685546875 6.8642578125 3.8828125 6.6162109375 3.87255859375 6.552734375 3.208984375 6.18701171875 3.94140625 6.25244140625 2.97802734375 5.82958984375 3.15771484375 6.24267578125 2.7958984375 5.75048828125 3.00341796875 7.763671875 -1.1904296875 0.96630859375 -1.29248046875 7.6044921875 -1.0361328125 7.43310546875 -1.11962890625 7.18505859375 -0.3681640625 7.20068359375 -0.93115234375 6.9462890625 -0.55029296875 6.96337890625 -0.83203125 6.611328125 -0.88671875 6.61181640625 -1.013671875 5.8271484375 -1.31396484375 2.455078125 1.5322265625 2.37451171875 1.765625 2.857421875 1.84228515625 2.57958984375 2.37548828125 2.91552734375 2.71484375 2.53515625 2.99072265625 2.666015625 3.08349609375 2.55810546875 3.21826171875 2.5615234375 3.53564453125 2.5087890625 3.27587890625 2.5068359375 3.52685546875 0.93017578125 0.1484375 0.73876953125 -0.095703125 0.87646484375 -0.66650390625 0.0439453125 -1.3359375 -0.6015625 -1.13330078125 -0.65478515625 -1.234375 -2.04736328125 0.66259765625 -1.95947265625 0.3408203125 -2.15087890625 0.57958984375 -2.080078125 0.28271484375 7.3798828125 0.0966796875 -2.02490234375 -0.0185546875 7.4296875 -0.2099609375 -2.04150390625 -0.41064453125 -2.16650390625 -0.78076171875 -1.9833984375 -0.892578125 6.6474609375 -0.232421875 6.6220703125 0.18701171875 6.984375 0.095703125 6.82568359375 0.611328125 7.166015625 0.544921875 6.9931640625 0.7666015625 7.20556640625 1.4873046875 7.013671875 1.5771484375 7.26025390625 1.630859375 7.05078125 1.708984375 1.01123046875 0.99169921875 1.0185546875 1.2705078125 1.05126953125 1.0537109375 1.0556640625 1.31591796875 0.93896484375 1.69189453125 0.994140625 2.439453125 0.75244140625 2.33984375 7.43017578125 1.4765625 7.3701171875 1.33251953125 7.5380859375 1.17626953125 7.37744140625 0.4150390625 7.7099609375 0.90380859375 3.197265625 1.52978515625 2.69970703125 1.1064453125 3.17236328125 1.62939453125 2.73046875 1.24462890625 2.59814453125 1.31982421875 2.39208984375 1.44140625 2.30419921875 1.703125 -1.81201171875 4.80859375 -1.490234375 4.0546875 -1.67724609375 4.068359375 0.357421875 3.5849609375 -1.923828125 3.83154296875 -2.03662109375 3.40087890625 -2.43505859375 3.970703125 0.57421875 6.234375 0.931640625 6.54150390625 0.955078125 6.2197265625 0.9462890625 5.9287109375 4.302734375 6.173828125 2.23828125 6.96875 2.24462890625 7.0927734375 -0.6826171875 3.853515625 -0.59765625 4.59619140625 -1.11572265625 5.10205078125 -1.61962890625 5.6259765625 -1.89306640625 5.9208984375 6.72314453125 5.49365234375 7.05615234375 5.4599609375 6.69580078125 5.41552734375 7.00048828125 5.3916015625 7.06396484375 5.15087890625 7.2451171875 5.4365234375 7.44189453125 5.26025390625 7.34326171875 5.50439453125 7.59765625 5.28515625 4.36328125 0.568359375 3.8837890625 0.40234375 3.9619140625 0.4677734375 3.88720703125 0.58154296875 0.9931640625 0.21923828125 0.982421875 0.625 1.0458984375 0.32080078125 1.02734375 0.71044921875 1.44287109375 0.50537109375 5.48779296875 1.12158203125 0.4853515625 3.38037109375 -0.93408203125 2.865234375 -1.05810546875 2.45263671875 -0.6572265625 1.93994140625 0.162109375 6.05908203125 0.5205078125 5.92138671875 2.2265625 5.6552734375 2.78662109375 5.76611328125 3.439453125 0.7578125 3.68310546875 0.77734375 3.640625 0.6923828125 3.88720703125 0.84326171875 3.861328125 0.76220703125 5.68701171875 0.369140625 5.89990234375 0.681640625 6.06982421875 0.9580078125 6.38037109375 1.6396484375 2.80322265625 3.64892578125 2.82958984375 3.6044921875 2.91162109375 3.072265625 3.11083984375 3.10888671875 3.06982421875 3.2392578125 7.5439453125 4.599609375 -2.275390625 5.1416015625 -2.20263671875 4.9580078125 -2.27392578125 5.3515625 -2.197265625 5.2216796875 -2.28173828125 5.44921875 6.6650390625 4.576171875 5.83984375 4.9345703125 5.63818359375 5.31005859375 5.5673828125 5.3974609375 -2.07763671875 4.6015625 -1.8505859375 4.08203125 -0.546875 3.306640625 -0.513671875 3.18505859375 -0.45068359375 1.94189453125 -0.2041015625 2.69921875 -0.13623046875 1.88525390625 -0.15576171875 2.78369140625 0.1337890625 2.11669921875 0.158203125 2.17138671875 2.48095703125 -1.28466796875 7.25634765625 -1.05615234375 6.99658203125 -0.97998046875 3.7177734375 2.0048828125 3.89013671875 2.22607421875 4.07861328125 1.91650390625 6.36572265625 -0.57373046875 5.9482421875 -0.2392578125 6.0048828125 0.17822265625 6.1015625 0.490234375 5.85888671875 0.134765625 6.04345703125 0.5107421875 1.6416015625 0.00439453125 1.32958984375 -0.26318359375 1.63232421875 0.1171875 1.3525390625 -0.146484375 1.1328125 -0.0458984375 5.06640625 -1.54443359375 5.0390625 -1.52197265625 5.33447265625 -1.45849609375 5.9287109375 -1.19970703125 1.6982421875 0.54833984375 1.73486328125 1.21728515625 1.74755859375 1.1591796875 -1.75341796875 2.005859375 -1.76708984375 1.03466796875 -2.177734375 1.61865234375 -2.28955078125 1.41943359375 -2.28662109375 1.95361328125 -2.3642578125 1.5478515625 -2.3857421875 1.935546875 1.35107421875 3.26318359375 1.5400390625 2.462890625 1.67578125 2.18017578125 6.4111328125 2.75634765625 6.361328125 2.623046875 6.42431640625 2.21533203125 6.49267578125 2.248046875 6.57666015625 1.73388671875 -1.890625 -0.451171875 -1.88916015625 0.00732421875 7.34814453125 4.7998046875 5.76416015625 3.9765625 5.54345703125 3.62890625 5.45458984375 3.50439453125 5.509765625 5.12255859375 5.3896484375 4.45703125 -0.1982421875 7.12548828125 7.59375 3.4296875 7.419921875 4.02197265625 7.564453125 3.970703125 7.6533203125 4.38427734375 2.37353515625 2.21044921875 0.888671875 6.81787109375 6.5810546875 3.0439453125 5.61181640625 -0.2509765625 5.75390625 -0.2265625 5.79931640625 -0.4365234375 4.67626953125 6.224609375 4.7578125 6.33251953125 6.3017578125 1.8251953125 -1.115234375 -0.625 -0.75 1.43798828125 -0.56884765625 1.96484375 -0.73291015625 3.8369140625 3.7021484375 3.1025390625 3.86181640625 2.86865234375 3.71044921875 2.66943359375 3.376953125 2.751953125 3.41796875 1.90966796875 -0.138671875 2.87939453125 -0.31298828125 3.044921875 -0.30810546875 3.1787109375 -1.98828125 -1.16943359375 -1.53564453125 -1.171875 -2.1845703125 -1.4072265625 -1.88916015625 -1.66748046875 3.0556640625 2.05029296875 0.35009765625 3.162109375 -1.4892578125 1.86083984375 0.38671875 3.21435546875 0.43115234375 3.162109375 1.71142578125 0.44970703125 -0.48046875 1.97998046875 -1.7080078125 0.0927734375 -1.734375 0.4716796875 -1.8818359375 0.79248046875 5.67822265625 -0.48583984375 6.48876953125 1.8037109375 0.89453125 1.67236328125 0.68798828125 2.375 1.4853515625 5.798828125 1.85009765625 5.69189453125 4.19482421875 0.95166015625 0.7197265625 0.5869140625 6.66796875 1.6572265625 6.67041015625 1.51220703125 3.86962890625 3.45703125 3.6748046875 3.50732421875 3.62646484375 3.58251953125 3.4052734375 3.35888671875 3.3486328125 3.41162109375 3.1318359375 3.30078125 3.2412109375 3.2548828125 3.404296875 3.1025390625 2.83740234375 3.59619140625 2.84033203125 3.51708984375 2.900390625 3.3193359375 6.21484375 0.76806640625 6.525390625 1.37744140625 6.6376953125 0.53369140625 -2.34619140625 4.38427734375 2.47216796875 3.43017578125 2.55078125 1.197265625 0.3447265625 3.455078125 0.31103515625 3.38232421875 -1.9912109375 2.59765625 2.544921875 5.55859375 7.7177734375 5.44921875 1.162109375 3.25341796875 0.3974609375 3.52734375 -0.77880859375 -1.5517578125 -1.029296875 -1.22509765625 -2.39501953125 -1.0361328125 -2.212890625 -1.19091796875 -2.39697265625 1.31591796875 -2.212890625 1.01123046875 -2.46142578125 1.17626953125 -2.28955078125 0.90380859375 7.6025390625 1.31591796875 -0.67578125 1.30126953125 -2.07373046875 5.99658203125 -1.40283203125 -1.82958984375 1.03076171875 -0.669921875 0.107421875 -1.44140625 2.3037109375 2.1962890625 1.0849609375 -0.16455078125 2.4873046875 3.03173828125 0.89990234375 3.38818359375 1.1298828125 3.36474609375 3.3193359375 2.1123046875 3.28857421875 2.5966796875 1.33642578125 3.37353515625 -2.40576171875 3.4296875 7.45068359375 4.75048828125 5.3857421875 5.17333984375 5.271484375 4.453125 0.43603515625 3.2978515625 0.341796875 3.2978515625 7.8330078125 -0.78076171875 -2.23876953125 5.9111328125 3.14990234375 0.01025390625 2.46484375 0.158203125 3.04345703125 0.41064453125 2.48779296875 0.41064453125 2.978515625 0.75390625 2.552734375 0.75390625 2.880859375 1.134765625 2.30810546875 1.23291015625 3.63671875 0.333984375 3.4931640625 0.70947265625 3.49365234375 0.9404296875 3.1025390625 1.35888671875 2.61083984375 3.10791015625 2.93115234375 3.15966796875 2.6337890625 2.78955078125 3.076171875 2.70947265625 2.4814453125 2.58349609375 2.93115234375 2.47802734375 2.416015625 2.2294921875 2.76025390625 2.14892578125 4.0009765625 3.46923828125 4.28173828125 2.8740234375 3.9404296875 3.06201171875 4.111328125 2.29150390625 3.66259765625 2.390625 4.00634765625 1.99267578125 3.548828125 2.06689453125 0.19091796875 4.10302734375 0.1474609375 4.40478515625 0.4970703125 4.33251953125 0.29736328125 4.7333984375 0.83447265625 4.5400390625 0.7294921875 4.98974609375 3.599609375 3.25 3.4296875 2.7666015625 3.26220703125 3.3671875 3.1318359375 2.9970703125 0.8037109375 2.48291015625 0.8037109375 2.94140625 1.29345703125 2.50390625 1.23193359375 2.8271484375 1.59326171875 2.71240234375 1.45556640625 3.04931640625 4.728515625 2.5078125 4.43017578125 2.3154296875 4.5703125 2.71435546875 4.45166015625 3.35791015625 1.97802734375 0.4814453125 2.0380859375 0.70947265625 3.62548828125 1.31005859375 2.9736328125 1.72119140625 3.322265625 1.72265625 4.34326171875 1.97021484375 0.55810546875 0.0341796875 0.4775390625 0.26318359375 0.91162109375 0.01025390625 0.806640625 0.30908203125 0.34716796875 0.63330078125 0.63623046875 0.79296875 3.06298828125 1.97021484375 3.10302734375 2.3076171875 2.30810546875 1.75732421875 2.978515625 1.951171875 2.552734375 1.951171875 1.0439453125 3.33740234375 0.19384765625 0.228515625 0.1015625 0.49072265625 0.00927734375 0.7529296875 0.21728515625 1.00341796875 2.0546875 3.10791015625 2.591796875 3.505859375 2.13330078125 3.505859375 1.49755859375 3.484375 1.896484375 3.34228515625 1.75634765625 3.013671875 2.20849609375 0.982421875 0.1123046875 3.76611328125 0.41064453125 3.5029296875 0.4970703125 3.7880859375 0.83447265625 3.8984375 2.96240234375 3.4189453125 1.4365234375 0.6220703125 1.3310546875 0.9208984375 1.83447265625 0.68310546875 1.763671875 0.92333984375 1.318359375 1.16845703125 1.720703125 1.3759765625 1.14794921875 1.65234375 1.580078125 1.775390625 1.2919921875 3.8779296875 2.0771484375 1.3525390625 1.8662109375 1.19287109375 2.0322265625 2.78955078125 1.1181640625 0.36962890625 1.00439453125 0.69287109375 0.81982421875 1.21630859375 0.79296875 1.50439453125 0.67919921875 1.82763671875 1.04296875 1.95166015625 3.77001953125 3.73388671875 1.3212890625 3.67724609375 1.3212890625 4.23291015625 1.6806640625 3.52490234375 1.6806640625 4.12646484375 1.62060546875 4.6826171875 2.00439453125 4.61328125 0.46630859375 1.2763671875 1.44921875 1.97021484375 1.05029296875 2.11181640625 1.65625 2.375 1.99072265625 2.2294921875 1.92529296875 2.58349609375 0.00927734375 4.10302734375 2.765625 1.49609375 2.1435546875 1.4951171875 1.1982421875 4.56298828125 4.7109375 3.11328125 1.3125 1.11962890625 1.5009765625 1.4375 1.5517578125 0.86474609375 1.79736328125 1.2802734375 1.7265625 0.47998046875 2.0908203125 1.05517578125 2.1162109375 0.32666015625 2.36669921875 0.83642578125 2.40576171875 0.3056640625 2.6083984375 0.6484375 4.478515625 1.232421875 4.36474609375 0.91455078125 4.01611328125 1.322265625 3.88720703125 0.7666015625 3.8154296875 1.13525390625 3.4931640625 0.7822265625 3.29052734375 1.25146484375 2.19384765625 1.42626953125 2.57373046875 1.2646484375 2.779296875 1.00146484375 4.42236328125 0.2744140625 3.978515625 0.01025390625 4.32470703125 0.6591796875 3.91455078125 0.41552734375 3.3359375 0.1591796875 3.3994140625 0.4365234375 2.87744140625 0.45947265625 2.97607421875 0.71435546875 3.1689453125 0.9951171875 1.27734375 4.01806640625 1.26025390625 4.44287109375 1.73681640625 4.0537109375 1.6708984375 4.35498046875 2.001953125 4.25 1.98974609375 4.53564453125 2.51318359375 2.0341796875 2.14990234375 1.8896484375 2.58447265625 2.4453125 2.17431640625 2.25390625 2.59716796875 2.7177734375 2.1533203125 2.51123046875 2.00439453125 1.70849609375 1.6904296875 1.80419921875 1.52001953125 0.2158203125 1.92529296875 0.0830078125 2.24365234375 0.01025390625 1.72509765625 1.83740234375 1.65966796875 2.19091796875 1.595703125 2.44287109375 0.50732421875 3.912109375 0.5546875 4.41455078125 0.82568359375 3.97412109375 0.8837890625 4.56640625 1.23095703125 3.8994140625 1.20166015625 4.54248046875 0.794921875 4.98974609375 0.38818359375 4.8056640625 0.193359375 4.51611328125 0.21728515625 4.23388671875 0.34521484375 3.6513671875 0.07373046875 3.9267578125 1.85986328125 3.52880859375 1.5068359375 3.6689453125 2.05810546875 3.9267578125 1.45703125 4.80615234375 1.18017578125 2.49609375 1.2822265625 2.685546875 1.70556640625 2.5966796875 1.724609375 2.931640625 2.26953125 3.638671875 2.24853515625 4.15380859375 2.6357421875 3.52880859375 2.61328125 4.08642578125 0.63427734375 1.81982421875 0.8251953125 1.57568359375 0.4853515625 1.455078125 0.6923828125 1.19091796875 1.37646484375 1.91064453125 1.3701171875 2.1162109375 2.11865234375 2.97998046875 2.22021484375 2.66015625 2.4326171875 3.1259765625 2.54638671875 3.314453125 2.63037109375 2.85107421875 2.77880859375 3.0966796875 3.0390625 1.322265625 2.806640625 1.14208984375 4.1845703125 1.5986328125 3.88916015625 1.6435546875 1.6962890625 3.2509765625 2.30615234375 3.36962890625 2.45263671875 3.51123046875 3.1328125 1.48681640625 1.40087890625 2.99951171875 0.41943359375 0.93212890625 0.49267578125 0.7138671875 0.0087890625 0.86376953125 0.130859375 0.45703125 0.70849609375 0.2880859375 0.3017578125 0.103515625 0.79736328125 0.01025390625 1.0185546875 0.4775390625 1.11474609375 0.1767578125 1.0712890625 1.16015625 1.27783203125 0.73193359375 0.0087890625 4.25 3.71044921875 1.46630859375 3.279296875 1.70947265625 1.86376953125 4.94580078125 2.21728515625 4.8056640625 0.142578125 3.52880859375 2.6650390625 2.25390625 2.32080078125 2.33447265625 2.8359375 2.5830078125 2.38623046875 2.6884765625 2.98095703125 2.814453125 2.5380859375 2.89453125 2.8359375 3.26513671875 2.515625 3.212890625 2.8671875 3.5244140625 2.49658203125 3.611328125 1.2919921875 3.87744140625 0.41015625 3.5029296875 0.11181640625 3.76611328125 1.84521484375 1.09912109375 1.77978515625 0.333984375 1.63623046875 0.70947265625 1.29296875 0.01025390625 1.1865234375 0.41064453125 0.607421875 0.158203125 0.63037109375 0.41064453125 0.12060546875 0.48193359375 0.1806640625 0.70947265625 1.12109375 0.75390625 0.69580078125 0.75390625 1.02392578125 1.134765625 0.45068359375 1.23291015625 0.72900390625 4.98974609375 0.296875 4.7333984375 0.1474609375 4.404296875 1.63671875 0.9404296875 1.0771484375 1.427734375 4.60595703125 2.49560546875 4.3076171875 2.30322265625 4.4482421875 2.70263671875 4.1591796875 2.86181640625 4.32958984375 3.345703125 3.87890625 3.45751953125 4.22119140625 1.9580078125 3.98876953125 2.27978515625 3.8837890625 1.98046875 3.5400390625 2.37841796875 3.42626953125 2.0546875 1.7685546875 1.310546875 1.11669921875 1.7216796875 1.46533203125 1.72314453125 1.94775390625 3.0537109375 1.86279296875 2.51171875 1.38037109375 2.5830078125 3.6474609375 3.14404296875 0.90478515625 1.97021484375 0.505859375 2.11181640625 1.111328125 2.375 0.7177734375 2.66552734375 1.048828125 2.71240234375 0.9111328125 3.04931640625 0.49951171875 3.337890625 2.67822265625 0.29736328125 2.50830078125 0.78125 3.03955078125 0.794921875 2.69189453125 1.20458984375 2.337890625 1.2646484375 2.6650390625 1.4921875 3.00927734375 2.9853515625 3.1396484375 3.35546875 3.306640625 2.75439453125 0.95263671875 3.484375 1.35205078125 3.3427734375 1.2119140625 3.013671875 2.349609375 0.2509765625 2.21923828125 0.62158203125 0.22021484375 1.3525390625 0.3515625 0.98291015625 0.0087890625 1.19287109375 2.31640625 2.02294921875 1.650390625 1.97021484375 2.0654296875 0.21630859375 1.97314453125 0.47900390625 3.6474609375 3.72216796875 3.318359375 3.76806640625 2.03759765625 3.611328125 3.1494140625 0.48388671875 3.70654296875 0.6708984375 3.6357421875 0.9111328125 3.18994140625 1.15673828125 3.5927734375 1.3642578125 1.880859375 0.7412109375 2.0888671875 0.99169921875 3.02001953125 1.640625 3.4521484375 1.763671875 2.55078125 1.81591796875 2.91455078125 1.93994140625 0.0087890625 4.10302734375 0.45068359375 1.7578125 0.28662109375 1.4951171875 0.2587890625 2.48291015625 2.60693359375 0.01025390625 0.2587890625 2.94140625 1.4794921875 2.9443359375 1.12109375 1.95166015625 4.58837890625 3.1015625 3.494140625 0.9404296875 4.38671875 2.14306640625 3.94091796875 3.06201171875 4.57080078125 2.71435546875 4.00146484375 3.46923828125 1.2314453125 2.8271484375 1.59326171875 2.7119140625 2.05517578125 3.10791015625 2.97412109375 1.72119140625 3.32275390625 1.72265625 0.4541015625 3.6455078125 1.92578125 2.58349609375 3.0634765625 1.97021484375 3.10302734375 2.30810546875 1.49755859375 3.48388671875 2.962890625 3.4189453125 2.93115234375 3.16015625 2.208984375 0.982421875</float_array>
                    <technique_common>
                        <accessor count="840" source="#uvarray0" stride="2">
                            <param name="S" type="float"/>
                            <param name="T" type="float"/>
                        </accessor>
                    </technique_common>
                </source>
                <source id="colors0">
                    <float_array id="colorarray0" count="1676">0.3843137254901961 0.2823529411764706 0.10196078431372549 1 0.5019607843137255 0.37254901960784315 0.18823529411764706 1 0.41568627450980394 0.3058823529411765 0.12549019607843137 1 0.611764705882353 0.4588235294117647 0.27058823529411763 1 0.5215686274509804 0.3764705882352941 0.2 1 0.6627450980392157 0.49411764705882355 0.30980392156862746 1 0.5294117647058824 0.38823529411764707 0.21568627450980393 1 0.7058823529411765 0.5254901960784314 0.34901960784313724 1 0.7647058823529411 0.5647058823529412 0.403921568627451 1 0.792156862745098 0.5882352941176471 0.4196078431372549 1 0.8392156862745098 0.6627450980392157 0.5647058823529412 1 0.3058823529411765 0.27058823529411763 0.4235294117647059 1 0.7333333333333333 0.5254901960784314 0.44313725490196076 1 0.09803921568627451 0.03529411764705882 0.10196078431372549 1 0.796078431372549 0.5725490196078431 0.47058823529411764 1 0 0 0 1 0.08627450980392157 0.00784313725490196 0.00784313725490196 1 0.3568627450980392 0.2627450980392157 0.08627450980392157 1 0.44313725490196076 0.3254901960784314 0.1411764705882353 1 0.14901960784313725 0.10588235294117647 0 1 0.1607843137254902 0.11372549019607843 0 1 0.17647058823529413 0.12549019607843137 0 1 0.13333333333333333 0.09019607843137255 0 1 0.043137254901960784 0 0 1 0.00784313725490196 0 0 1 0.03137254901960784 0.011764705882352941 0 1 0.5215686274509804 0.4392156862745098 0.6392156862745098 1 0.5333333333333333 0.49019607843137253 0.7215686274509804 1 0.5764705882352941 0.5450980392156862 0.803921568627451 1 0.5764705882352941 0.5137254901960784 0.7450980392156863 1 0.8862745098039215 0.8862745098039215 0.8862745098039215 1 0.7764705882352941 0.6196078431372549 0.8705882352941177 1 0.8862745098039215 0.6666666666666666 0.8862745098039215 1 0.8784313725490196 0.6352941176470588 0.7647058823529411 1 0.03137254901960784 0.01568627450980392 0 1 0.19215686274509805 0.09803921568627451 0 1 0.4235294117647059 0.32941176470588235 0.15294117647058825 1 0.36470588235294116 0.24705882352941178 0.1568627450980392 1 0.5725490196078431 0.43529411764705883 0.26666666666666666 1 0.6431372549019608 0.4745098039215686 0.3137254901960784 1 0.28627450980392155 0.18823529411764706 0.058823529411764705 1 0.12941176470588237 0.07450980392156863 0 1 0.011764705882352941 0.011764705882352941 0 1 0.17647058823529413 0.12156862745098039 0.07058823529411765 1 0.06274509803921569 0.023529411764705882 0 1 0.050980392156862744 0.00784313725490196 0 1 0.10980392156862745 0.0392156862745098 0 1 0 0 0.03529411764705882 1 0.16862745098039217 0.16862745098039217 0.07058823529411765 1 0.13333333333333333 0.12549019607843137 0.023529411764705882 1 0.10588235294117647 0.09411764705882353 0 1 0.09019607843137255 0.0784313725490196 0 1 0.09803921568627451 0.08627450980392157 0 1 0.0784313725490196 0.06666666666666667 0 1 0.09019607843137255 0.07450980392156863 0 1 0.13333333333333333 0.10980392156862745 0.0196078431372549 1 0.10196078431372549 0.08235294117647059 0 1 0.06666666666666667 0.058823529411764705 0 1 0.07058823529411765 0.058823529411764705 0 1 0.0784313725490196 0.06274509803921569 0 1 0.08235294117647059 0.07450980392156863 0 1 0.11372549019607843 0.10588235294117647 0.011764705882352941 1 0.10980392156862745 0.10196078431372549 0.00784313725490196 1 0.3058823529411765 0.25882352941176473 0.12941176470588237 1 0.30196078431372547 0.25098039215686274 0.08627450980392157 1 0.2549019607843137 0.2196078431372549 0.054901960784313725 1 0.40784313725490196 0.33725490196078434 0.1607843137254902 1 0.3333333333333333 0.2627450980392157 0.08235294117647059 1 0.4588235294117647 0.35294117647058826 0.1607843137254902 1 0.3803921568627451 0.2901960784313726 0.10980392156862745 1 0.42745098039215684 0.3176470588235294 0.1411764705882353 1 0.3333333333333333 0.24313725490196078 0.07058823529411765 1 0.596078431372549 0.5098039215686274 0.7333333333333333 1 0.8392156862745098 0.8392156862745098 0.8392156862745098 1 0.5882352941176471 0.4392156862745098 0.25098039215686274 1 0.6745098039215687 0.5019607843137255 0.3176470588235294 1 0.6823529411764706 0.5137254901960784 0.33725490196078434 1 0.7058823529411765 0.5333333333333333 0.36470588235294116 1 0.7215686274509804 0.5450980392156862 0.396078431372549 1 0.39215686274509803 0.39215686274509803 0.39215686274509803 1 0.27450980392156865 0.30196078431372547 0.20392156862745098 1 0.2549019607843137 0.32941176470588235 0.3607843137254902 1 0.07058823529411765 0.11372549019607843 0.1607843137254902 1 0.3176470588235294 0.3764705882352941 0.5019607843137255 1 0.35294117647058826 0.42745098039215684 0.596078431372549 1 0.32941176470588235 0.37254901960784315 0.5254901960784314 1 0.3607843137254902 0.403921568627451 0.5686274509803921 1 0.403921568627451 0.4392156862745098 0.6352941176470588 1 0.44313725490196076 0.4666666666666667 0.6666666666666666 1 0.5372549019607843 0.5176470588235295 0.7490196078431373 1 0.21176470588235294 0.19215686274509805 0.08627450980392157 1 0.13725490196078433 0.12156862745098039 0.011764705882352941 1 0.12156862745098039 0.10196078431372549 0 1 0.13725490196078433 0.11372549019607843 0 1 0.10196078431372549 0.08627450980392157 0 1 0.0196078431372549 0.011764705882352941 0 1 0.403921568627451 0.47058823529411764 0.6784313725490196 1 0.4196078431372549 0.48627450980392156 0.6862745098039216 1 0.5647058823529412 0.5176470588235295 0.7254901960784313 1 0.6705882352941176 0.5411764705882353 0.7490196078431373 1 0.0196078431372549 0.0196078431372549 0 1 0 0.00784313725490196 0 1 0.01568627450980392 0.01568627450980392 0 1 0.011764705882352941 0.023529411764705882 0 1 0.25098039215686274 0.25098039215686274 0.12549019607843137 1 0.20784313725490197 0.21176470588235294 0.10196078431372549 1 0.17647058823529413 0.23921568627450981 0.27058823529411763 1 0.2 0.2823529411764706 0.19215686274509805 1 0.20784313725490197 0.3058823529411765 0.2980392156862745 1 0.19607843137254902 0.27450980392156865 0.22745098039215686 1 0.2196078431372549 0.28627450980392155 0.35294117647058826 1 0.1843137254901961 0.23921568627450981 0.15294117647058825 1 0.21176470588235294 0.27450980392156865 0.33725490196078434 1 0 0 0.01568627450980392 1 0.25098039215686274 0.1843137254901961 0.027450980392156862 1 0.3176470588235294 0.23137254901960785 0.07058823529411765 1 0.30196078431372547 0.2196078431372549 0.06666666666666667 1 0.34901960784313724 0.2549019607843137 0.09803921568627451 1 0.3803921568627451 0.2823529411764706 0.14901960784313725 1 0.5058823529411764 0.3686274509803922 0.20392156862745098 1 0.6745098039215687 0.49019607843137253 0.4 1 0.4823529411764706 0.32941176470588235 0.34901960784313724 1 0.4745098039215686 0.3568627450980392 0.2980392156862745 1 0.7450980392156863 0.5333333333333333 0.4666666666666667 1 0.49019607843137253 0.36470588235294116 0.27058823529411763 1 0.7529411764705882 0.5450980392156862 0.4666666666666667 1 0.5058823529411764 0.37254901960784315 0.25098039215686274 1 0.6078431372549019 0.4470588235294118 0.2901960784313726 1 0.054901960784313725 0.047058823529411764 0 1 0.06274509803921569 0.047058823529411764 0 1 0.050980392156862744 0.0392156862745098 0 1 0.2980392156862745 0.28627450980392155 0.15294117647058825 1 0.32941176470588235 0.3176470588235294 0.18823529411764706 1 0.40784313725490196 0.36470588235294116 0.23137254901960785 1 0.45098039215686275 0.396078431372549 0.26666666666666666 1 0.5019607843137255 0.42745098039215684 0.29411764705882354 1 0.48627450980392156 0.43137254901960786 0.3333333333333333 1 0.6039215686274509 0.49411764705882355 0.40784313725490196 1 0.5568627450980392 0.4666666666666667 0.39215686274509803 1 0.5725490196078431 0.47058823529411764 0.39215686274509803 1 0 0 0.023529411764705882 1 0.07450980392156863 0.07450980392156863 0 1 0.011764705882352941 0.00784313725490196 0 1 0.027450980392156862 0.027450980392156862 0 1 0.0196078431372549 0 0 1 0.03529411764705882 0.0196078431372549 0 1 0.09019607843137255 0.07058823529411765 0 1 0.058823529411764705 0.043137254901960784 0 1 0.07450980392156863 0.06274509803921569 0 1 0.06666666666666667 0.050980392156862744 0 1 0.10980392156862745 0.08627450980392157 0 1 0.09803921568627451 0.0784313725490196 0 1 0.17254901960784313 0.13725490196078433 0.011764705882352941 1 0.1568627450980392 0.12156862745098039 0 1 0.19607843137254902 0.1607843137254902 0.03529411764705882 1 0.2980392156862745 0.23921568627450981 0.13333333333333333 1 0.3333333333333333 0.2627450980392157 0.1607843137254902 1 0.09803921568627451 0.09019607843137255 0 1 0.1411764705882353 0.13333333333333333 0.03529411764705882 1 0.1411764705882353 0.13333333333333333 0.0392156862745098 1 0.2 0.24705882352941178 0.15294117647058825 1 0.19607843137254902 0.20784313725490197 0.11764705882352941 1 0.2627450980392157 0.21568627450980393 0.10588235294117647 1 0.2196078431372549 0.1803921568627451 0.07058823529411765 1 0.12549019607843137 0.10196078431372549 0 1 0.13333333333333333 0.10588235294117647 0.00784313725490196 1 0.2784313725490196 0.2627450980392157 0.12549019607843137 1 0.2627450980392157 0.25882352941176473 0.12941176470588237 1 0.40784313725490196 0.4235294117647059 0.6235294117647059 1 0.35294117647058826 0.36470588235294116 0.5294117647058824 1 0.22745098039215686 0.32941176470588235 0.3215686274509804 1 0.2627450980392157 0.24705882352941178 0.3607843137254902 1 0.3686274509803922 0.27450980392156865 0.25098039215686274 1 0.3333333333333333 0.28627450980392155 0.21176470588235294 1 0.5137254901960784 0.34901960784313724 0.35294117647058826 1 0.8392156862745098 0.8392156862745098 0.6196078431372549 1 0.792156862745098 0.5490196078431373 0.7294117647058823 1 0.7607843137254902 0.5294117647058824 0.7215686274509804 1 0.08235294117647059 0.10588235294117647 0.20784313725490197 1 0.023529411764705882 0.058823529411764705 0.13725490196078433 1 0.11764705882352941 0.1450980392156863 0.25098039215686274 1 0.08627450980392157 0.12941176470588237 0.23921568627450981 1 0.24705882352941178 0.23529411764705882 0.396078431372549 1 0.8392156862745098 0.611764705882353 0.8392156862745098 1 0.792156862745098 0.592156862745098 0.8392156862745098 1 0.7411764705882353 0.5098039215686274 0.6313725490196078 1 0.6627450980392157 0.4549019607843137 0.5725490196078431 1 0.4980392156862745 0.40784313725490196 0.596078431372549 1 0.18823529411764706 0.13333333333333333 0.23921568627450981 1 0.0784313725490196 0.08235294117647059 0 1 0.23137254901960785 0.19215686274509805 0.043137254901960784 1 0.07450980392156863 0.07058823529411765 0 1 0.13333333333333333 0.13333333333333333 0.01568627450980392 1 0.3333333333333333 0.24313725490196078 0.06666666666666667 1 0.3058823529411765 0.2235294117647059 0.054901960784313725 1 0.27450980392156865 0.28627450980392155 0.18823529411764706 1 0.23921568627450981 0.23137254901960785 0.13333333333333333 1 0.2235294117647059 0.21176470588235294 0.10980392156862745 1 0.16470588235294117 0.15294117647058825 0.050980392156862744 1 0.21176470588235294 0.19215686274509805 0.09019607843137255 1 0.25098039215686274 0.20784313725490197 0.047058823529411764 1 0.2549019607843137 0.20392156862745098 0.03529411764705882 1 0.1568627450980392 0.11372549019607843 0 1 0.20784313725490197 0.15294117647058825 0.00784313725490196 1 0.23529411764705882 0.17647058823529413 0.03529411764705882 1 0.2784313725490196 0.21568627450980393 0.08627450980392157 1 0.20392156862745098 0.1803921568627451 0.30196078431372547 1 0.4745098039215686 0.39215686274509803 0.33725490196078434 1 0.6431372549019608 0.5176470588235295 0.41568627450980394 1 0.7294117647058823 0.5843137254901961 0.4549019607843137 1 0.08627450980392157 0.03529411764705882 0.058823529411764705 1 0.23529411764705882 0.12156862745098039 0.08235294117647059 1 0.23921568627450981 0.12549019607843137 0.07058823529411765 1 0.48627450980392156 0.4196078431372549 0.611764705882353 1 0.07450980392156863 0.011764705882352941 0 1 0.5529411764705883 0.43137254901960786 0.6196078431372549 1 0.5058823529411764 0.4235294117647059 0.6235294117647059 1 0.5764705882352941 0.5294117647058824 0.7607843137254902 1 0.8117647058823529 0.5490196078431373 0.5686274509803921 1 0.8392156862745098 0.7058823529411765 0.6196078431372549 1 0.41568627450980394 0.40784313725490196 0.611764705882353 1 0.403921568627451 0.3686274509803922 0.5450980392156862 1 0.37254901960784315 0.28627450980392155 0.41568627450980394 1 0.12941176470588237 0.12549019607843137 0.050980392156862744 1 0.14901960784313725 0.13725490196078433 0.043137254901960784 1 0.20784313725490197 0.23137254901960785 0.1411764705882353 1 0.17647058823529413 0.16862745098039217 0.07058823529411765 1 0.16862745098039217 0.23921568627450981 0.1568627450980392 1 0.1450980392156863 0.22745098039215686 0.1607843137254902 1 0.011764705882352941 0.047058823529411764 0.11372549019607843 1 0.5294117647058824 0.42745098039215684 0.24705882352941178 1 0.6196078431372549 0.47058823529411764 0.2823529411764706 1 0.5490196078431373 0.41568627450980394 0.2235294117647059 1 0.0392156862745098 0.03137254901960784 0 1 0.047058823529411764 0.03529411764705882 0 1 0.07058823529411765 0.054901960784313725 0 1 0.13725490196078433 0.10196078431372549 0 1 0.2 0.14901960784313725 0.00392156862745098 1 0.0784313725490196 0.0784313725490196 0 1 0.09411764705882353 0.09019607843137255 0 1 0.01568627450980392 0.027450980392156862 0 1 0.01568627450980392 0.0196078431372549 0 1 0.027450980392156862 0.03137254901960784 0 1 0.09019607843137255 0.09019607843137255 0 1 0.15294117647058825 0.1607843137254902 0.0392156862745098 1 0.21568627450980393 0.1843137254901961 0.0784313725490196 1 0.11764705882352941 0.09411764705882353 0 1 0.20784313725490197 0.16862745098039217 0.058823529411764705 1 0.2823529411764706 0.22745098039215686 0.12156862745098039 1 0.00392156862745098 0 0 1 0.2823529411764706 0.34509803921568627 0.4470588235294118 1 0.08235294117647059 0.08627450980392157 0.14901960784313725 1 0.06274509803921569 0.0392156862745098 0.11764705882352941 1 0.5333333333333333 0.396078431372549 0.3137254901960784 1 0.41568627450980394 0.3176470588235294 0.21176470588235294 1 0.5568627450980392 0.39215686274509803 0.5647058823529412 1 0.8392156862745098 0.6509803921568628 0.5490196078431373 1 0.7764705882352941 0.5686274509803921 0.4196078431372549 1 0.8392156862745098 0.8392156862745098 0.596078431372549 1 0.6862745098039216 0.592156862745098 0.8352941176470589 1 0.4392156862745098 0.3411764705882353 0.27058823529411763 1 0.058823529411764705 0 0 1 0.5137254901960784 0.39215686274509803 0.5647058823529412 1 0.403921568627451 0.37254901960784315 0.25098039215686274 1 0.027450980392156862 0.023529411764705882 0 1 0.35294117647058826 0.27058823529411763 0.13725490196078433 1 0.0392156862745098 0.0392156862745098 0 1 0.06274509803921569 0.054901960784313725 0 1 0.1450980392156863 0.20392156862745098 0.25098039215686274 1 0.7647058823529411 0.6 0.44313725490196076 1 0.7137254901960784 0.5490196078431373 0.3803921568627451 1 0.6784313725490196 0.5411764705882353 0.3843137254901961 1 0.611764705882353 0.4980392156862745 0.34901960784313724 1 0.49019607843137253 0.403921568627451 0.24313725490196078 1 0.027450980392156862 0.07058823529411765 0.1607843137254902 1 0.1803921568627451 0.2196078431372549 0.13725490196078433 1 0 0 0.00392156862745098 1 0.00784313725490196 0.00392156862745098 0 1 0.5019607843137255 0.41568627450980394 0.27058823529411763 1 0.17647058823529413 0.14901960784313725 0.043137254901960784 1 0.00784313725490196 0.011764705882352941 0 1 0.1607843137254902 0.15294117647058825 0.050980392156862744 1 0.023529411764705882 0.0196078431372549 0 1 0.2549019607843137 0.19215686274509805 0.09019607843137255 1 0.21176470588235294 0.18823529411764706 0.08235294117647059 1 0.043137254901960784 0.0196078431372549 0 1 0.29411764705882354 0.2196078431372549 0.043137254901960784 1 0.01568627450980392 0.00784313725490196 0 1 0.8156862745098039 0.6431372549019608 0.5019607843137255 1 0.21568627450980393 0.20392156862745098 0.33725490196078434 1 0.7568627450980392 0.6039215686274509 0.47058823529411764 1 0.1450980392156863 0.1411764705882353 0.25098039215686274 1 0 0 0.0392156862745098 1 0.13725490196078433 0.11372549019607843 0.20784313725490197 1 0.6862745098039216 0.5568627450980392 0.4117647058823529 1 0.3137254901960784 0.20392156862745098 0.10980392156862745 1 0.1607843137254902 0.08627450980392157 0.054901960784313725 1 0.16470588235294117 0.12941176470588237 0 1 0.7803921568627451 0.615686274509804 0.4549019607843137 1 0.3333333333333333 0.28627450980392155 0.20784313725490197 1 0.2823529411764706 0.23921568627450981 0.1450980392156863 1 0.23529411764705882 0.2 0.09803921568627451 1 0.26666666666666666 0.22745098039215686 0.12941176470588237 1 0.14901960784313725 0.13725490196078433 0.03529411764705882 1 0.22745098039215686 0.29411764705882354 0.3686274509803922 1 0.25098039215686274 0.3137254901960784 0.396078431372549 1 0.7450980392156863 0.5843137254901961 0.43137254901960786 1 0.6980392156862745 0.5647058823529412 0.4196078431372549 1 0.12941176470588237 0.09803921568627451 0.18823529411764706 1 0.4980392156862745 0.5098039215686274 0.7372549019607844 1 0.0196078431372549 0.01568627450980392 0 1 0.07058823529411765 0.06274509803921569 0 1 0.7137254901960784 0.5725490196078431 0.4235294117647059 1 0.09411764705882353 0.09411764705882353 0 1 0 0 0.027450980392156862 1 0.24313725490196078 0.3058823529411765 0.38823529411764707 1 0.21176470588235294 0.2784313725490196 0.3411764705882353 1 0.2 0.21568627450980393 0.3254901960784314 1 0 0 0.03137254901960784 1 0.0784313725490196 0.0392156862745098 0 1 0.3333333333333333 0.2823529411764706 0.2 1 0.2235294117647059 0.12941176470588237 0.1568627450980392 1 0.23921568627450981 0.17647058823529413 0.09411764705882353 1 0.34509803921568627 0.34509803921568627 0.34509803921568627 1 0.17647058823529413 0.15294117647058825 0.043137254901960784 1 0.3058823529411765 0.16862745098039217 0.11764705882352941 1 0.10196078431372549 0.10588235294117647 0 1 0.03529411764705882 0.03137254901960784 0 1 0.2549019607843137 0.3215686274509804 0.403921568627451 1 0.30980392156862746 0.19607843137254902 0.11764705882352941 1 0.35294117647058826 0.23529411764705882 0.1607843137254902 1 0.28627450980392155 0.17254901960784313 0.09803921568627451 1 0.30196078431372547 0.18823529411764706 0.10980392156862745 1 0.40784313725490196 0.29411764705882354 0.21568627450980393 1 0.3803921568627451 0.26666666666666666 0.19215686274509805 1 0.43529411764705883 0.3215686274509804 0.24705882352941178 1 0.3686274509803922 0.2549019607843137 0.17647058823529413 1 0.4117647058823529 0.2980392156862745 0.2235294117647059 1 0.3176470588235294 0.20392156862745098 0.12549019607843137 1 0.3254901960784314 0.20784313725490197 0.13333333333333333 1 0.34901960784313724 0.23529411764705882 0.1607843137254902 1 0.5176470588235295 0.403921568627451 0.32941176470588235 1 0.5607843137254902 0.44313725490196076 0.3686274509803922 1 0.4549019607843137 0.3411764705882353 0.26666666666666666 1 0.5137254901960784 0.4 0.3254901960784314 1 0.403921568627451 0.2901960784313726 0.21568627450980393 1 0.4627450980392157 0.34901960784313724 0.27450980392156865 1 0.5176470588235295 0.403921568627451 0.3254901960784314 1 0.5411764705882353 0.42745098039215684 0.35294117647058826 1 0.5882352941176471 0.4745098039215686 0.4 1 0.6274509803921569 0.5137254901960784 0.4392156862745098 1 0.5803921568627451 0.4666666666666667 0.38823529411764707 1 0.611764705882353 0.4980392156862745 0.4196078431372549 1 0.5215686274509804 0.40784313725490196 0.3333333333333333 1 0.38823529411764707 0.27450980392156865 0.2 1 0.40784313725490196 0.29411764705882354 0.2196078431372549 1 0.3411764705882353 0.2235294117647059 0.14901960784313725 1 0.3764705882352941 0.2627450980392157 0.1843137254901961 1 0.4588235294117647 0.34509803921568627 0.27058823529411763 1 0.49019607843137253 0.37254901960784315 0.2980392156862745 1 0.37254901960784315 0.25882352941176473 0.1843137254901961 1 0.47058823529411764 0.3568627450980392 0.2823529411764706 1 0.43529411764705883 0.3176470588235294 0.24313725490196078 1 0.3215686274509804 0.20392156862745098 0.12941176470588237 1 0.5803921568627451 0.4666666666666667 0.39215686274509803 1 0.5882352941176471 0.4745098039215686 0.396078431372549 1 0.3411764705882353 0.22745098039215686 0.14901960784313725 1 0.3137254901960784 0.2 0.12549019607843137 1 0.30980392156862746 0.19607843137254902 0.12156862745098039 1 0.3843137254901961 0.27058823529411763 0.19607843137254902 1 0.49019607843137253 0.3764705882352941 0.30196078431372547 1 0.5098039215686274 0.39215686274509803 0.3176470588235294 1 0.592156862745098 0.47843137254901963 0.4 1 0.396078431372549 0.2823529411764706 0.20392156862745098 1 0.5372549019607843 0.4196078431372549 0.34509803921568627 1 0.4745098039215686 0.3607843137254902 0.28627450980392155 1 0.5294117647058824 0.4117647058823529 0.33725490196078434 1 0.47843137254901963 0.36470588235294116 0.2901960784313726 1 0.5137254901960784 0.4 0.3215686274509804 1 0.2901960784313726 0.17647058823529413 0.10196078431372549 1 0.5490196078431373 0.43529411764705883 0.3568627450980392 1 0.34509803921568627 0.23137254901960785 0.15294117647058825 1 0.4235294117647059 0.3058823529411765 0.23137254901960785 1 0.34901960784313724 0.23137254901960785 0.1568627450980392 1 0.34509803921568627 0.23137254901960785 0.1568627450980392 1 0.23529411764705882 0.12156862745098039 0.043137254901960784 1 0.40784313725490196 0.2901960784313726 0.21568627450980393 1 0.4196078431372549 0.3058823529411765 0.23137254901960785 1 0.5450980392156862 0.42745098039215684 0.35294117647058826 1 0.4 0.28627450980392155 0.21176470588235294 1 0.4549019607843137 0.33725490196078434 0.2627450980392157 1 0.23137254901960785 0.11764705882352941 0.043137254901960784 1 0.4196078431372549 0.3058823529411765 0.22745098039215686 1 0.5686274509803921 0.4549019607843137 0.3764705882352941 1 0.4470588235294118 0.3333333333333333 0.2549019607843137 1 0.6666666666666666 0.5490196078431373 0.4745098039215686 1 0.6313725490196078 0.5176470588235295 0.44313725490196076 1 0.5019607843137255 0.38823529411764707 0.30980392156862746 1 0.4117647058823529 0.2980392156862745 0.2196078431372549 1 0.4627450980392157 0.34901960784313724 0.27058823529411763 1 0.35294117647058826 0.23921568627450981 0.1607843137254902 1 0.4666666666666667 0.35294117647058826 0.27450980392156865 1 0.5411764705882353 0.42745098039215684 0.34901960784313724 1 0.5647058823529412 0.45098039215686275 0.3764705882352941 1 0.5843137254901961 0.47058823529411764 0.396078431372549 1 0.596078431372549 0.4823529411764706 0.403921568627451 1 0.45098039215686275 0.33725490196078434 0.2627450980392157 1 0.34901960784313724 0.23529411764705882 0.1568627450980392 1 0.27058823529411763 0.1568627450980392 0.08235294117647059 1 0.6 0.4823529411764706 0.40784313725490196 1 0.3686274509803922 0.2549019607843137 0.1803921568627451 1 0.3254901960784314 0.21176470588235294 0.13725490196078433 1 0.3607843137254902 0.24313725490196078 0.16862745098039217 1 0.3764705882352941 0.2627450980392157 0.18823529411764706 1 0.36470588235294116 0.25098039215686274 0.17254901960784313 1 0.5098039215686274 0.396078431372549 0.3176470588235294 1 0.41568627450980394 0.30196078431372547 0.22745098039215686 1 0.39215686274509803 0.2784313725490196 0.2 1 0.6078431372549019 0.49411764705882355 0.4196078431372549 1</float_array>
                    <technique_common>
                        <accessor count="419" source="#colorarray0" stride="4">
                            <param name="R" type="float"/>
                            <param name="G" type="float"/>
                            <param name="B" type="float"/>
                            <param name="A" type="float"/>
                        </accessor>
                    </technique_common>
                </source>
                <vertices id="vertices0">
                    <input semantic="POSITION" source="#points0"/>
                </vertices>
                <polylist count="1210" material="Material1">
                    <input offset="0" semantic="VERTEX" source="#vertices0"/>
                    <input offset="1" semantic="TEXCOORD" source="#uvs0" set="0"/>
                    <input offset="2" semantic="COLOR" source="#colors0" set="0"/>
                    <vcount>3 3 3 3 3 3 3 3 3 3 3 3 3 3 3 3 3 3 3 3 3 3 3 3 3 3 3 3 3 3 3 3 3 3 3 3 3 3 3 3 3 3 3 3 3 3 3 3 3 3 3 3 3 3 3 3 3 3 3 3 3 3 3 3 3 3 3 3 3 3 3 3 3 3 3 3 3 3 3 3 3 3 3 3 3 3 3 3 3 3 3 3 3 3 3 3 3 3 3 3 3 3 3 3 3 3 3 3 3 3 3 3 3 3 3 3 3 3 3 3 3 3 3 3 3 3 3 3 3 3 3 3 3 3 3 3 3 3 3 3 3 3 3 3 3 3 3 3 3 3 3 3 3 3 3 3 3 3 3 3 3 3 3 3 3 3 3 3 3 3 3 3 3 3 3 3 3 3 3 3 3 3 3 3 3 3 3 3 3 3 3 3 3 3 3 3 3 3 3 3 3 3 3 3 3 3 3 3 3 3 3 3 3 3 3 3 3 3 3 3 3 3 3 3 3 3 3 3 3 3 3 3 3 3 3 3 3 3 3 3 3 3 3 3 3 3 3 3 3 3 3 3 3 3 3 3 3 3 3 3 3 3 3 3 3 3 3 3 3 3 3 3 3 3 3 3 3 3 3 3 3 3 3 3 3 3 3 3 3 3 3 3 3 3 3 3 3 3 3 3 3 3 3 3 3 3 3 3 3 3 3 3 3 3 3 3 3 3 3 3 3 3 3 3 3 3 3 3 3 3 3 3 3 3 3 3 3 3 3 3 3 3 3 3 3 3 3 3 3 3 3 3 3 3 3 3 3 3 3 3 3 3 3 3 3 3 3 3 3 3 3 3 3 3 3 3 3 3 3 3 3 3 3 3 3 3 3 3 3 3 3 3 3 3 3 3 3 3 3 3 3 3 3 3 3 3 3 3 3 3 3 3 3 3 3 3 3 3 3 3 3 3 3 3 3 3 3 3 3 3 3 3 3 3 3 3 3 3 3 3 3 3 3 3 3 3 3 3 3 3 3 3 3 3 3 3 3 3 3 3 3 3 3 3 3 3 3 3 3 3 3 3 3 3 3 3 3 3 3 3 3 3 3 3 3 3 3 3 3 3 3 3 3 3 3 3 3 3 3 3 3 3 3 3 3 3 3 3 3 3 3 3 3 3 3 3 3 3 3 3 3 3 3 3 3 3 3 3 3 3 3 3 3 3 3 3 3 3 3 3 3 3 3 3 3 3 3 3 3 3 3 3 3 3 3 3 3 3 3 3 3 3 3 3 3 3 3 3 3 3 3 3 3 3 3 3 3 3 3 3 3 3 3 3 3 3 3 3 3 3 3 3 3 3 3 3 3 3 3 3 3 3 3 3 3 3 3 3 3 3 3 3 3 3 3 3 3 3 3 3 3 3 3 3 3 3 3 3 3 3 3 3 3 3 3 3 3 3 3 3 3 3 3 3 3 3 3 3 3 3 3 3 3 3 3 3 3 3 3 3 3 3 3 3 3 3 3 3 3 3 3 3 3 3 3 3 3 3 3 3 3 3 3 3 3 3 3 3 3 3 3 3 3 3 3 3 3 3 3 3 3 3 3 3 3 3 3 3 3 3 3 3 3 3 3 3 3 3 3 3 3 3 3 3 3 3 3 3 3 3 3 3 3 3 3 3 3 3 3 3 3 3 3 3 3 3 3 3 3 3 3 3 3 3 3 3 3 3 3 3 3 3 3 3 3 3 3 3 3 3 3 3 3 3 3 3 3 3 3 3 3 3 3 3 3 3 3 3 3 3 3 3 3 3 3 3 3 3 3 3 3 3 3 3 3 3 3 3 3 3 3 3 3 3 3 3 3 3 3 3 3 3 3 3 3 3 3 3 3 3 3 3 3 3 3 3 3 3 3 3 3 3 3 3 3 3 3 3 3 3 3 3 3 3 3 3 3 3 3 3 3 3 3 3 3 3 3 3 3 3 3 3 3 3 3 3 3 3 3 3 3 3 3 3 3 3 3 3 3 3 3 3 3 3 3 3 3 3 3 3 3 3 3 3 3 3 3 3 3 3 3 3 3 3 3 3 3 3 3 3 3 3 3 3 3 3 3 3 3 3 3 3 3 3 3 3 3 3 3 3 3 3 3 3 3 3 3 3 3 3 3 3 3 3 3 3 3 3 3 3 3 3 3 3 3 3 3 3 3 3 3 3 3 3 3 3 3 3 3 3 3 3 3 3 3 3 3 3 3 3 3 3 3 3 3 3 3 3 3 3 3 3 3 3 3 3 3 3 3 3 3 3 3 3 3 3 3 3 3 3 3 3 3 3 3 3 3 3 3 3 3 3 3 3 3 3 3 3 3 3 3 3 3 3 3 3 3 3 3 3 3 3 3 3 3 3 3 3 3 3 3 3 3 3 3 3 3 3 3 3 3 3 3 3 3 3 3 3 3 3 3 3 3 3 3 3 3 3 3 3 3 3 3 3 3 3 3 3 3 3 3 3 3 3 3 3 3 3 3 3 3 3 3 3 3 3 3 3 3 3 3 3 3 3 3 3 3 3 3 3 3 3 3 3 3 3 3 3 3 3 3 3 3 3 3 3 3 3 3 3 3 3 3 3 3 3 3 3 3 3 3 3 3 3 3 3 3 3 3 3 3 3 3 3 3 3 3 3 3 3 3 3 3 3 3 3 3 3 3 3 3 3 3 3 3 3 3 3 3 3 3 3 3 3 3 3 3 3 3 3</vcount>
                    <p>2 2 2 1 1 1 0 0 0 3 3 3 1 1 1 2 2 2 4 4 4 3 3 3 2 2 2 5 5 5 3 3 3 4 4 4 6 6 6 5 5 5 4 4 4 7 7 7 5 5 5 6 6 6 8 8 8 7 7 7 6 6 6 9 9 9 7 7 7 8 8 8 10 10 10 9 9 9 8 8 8 11 11 11 9 9 9 10 10 10 12 12 12 11 11 11 10 10 10 13 13 13 11 11 11 12 12 12 14 14 14 13 13 13 12 12 12 15 15 15 13 13 13 14 14 14 16 16 16 15 15 15 14 14 14 18 17 18 17 0 17 1 1 1 19 18 19 17 0 17 18 17 18 20 19 15 19 18 19 18 17 18 21 20 20 19 18 19 20 19 15 22 21 15 21 20 20 20 19 15 23 22 21 21 20 20 22 21 15 24 23 15 23 22 21 22 21 15 25 24 22 23 22 21 24 23 15 26 25 23 25 24 22 24 23 15 27 26 24 25 24 22 26 25 23 28 27 15 27 26 24 26 25 23 29 28 25 27 26 24 28 27 15 30 29 15 29 28 25 28 27 15 33 32 15 32 31 26 31 30 15 34 33 27 32 31 26 33 32 15 35 34 15 34 33 27 33 32 15 36 35 28 34 33 27 35 34 15 37 36 29 36 35 28 35 34 15 38 37 30 36 35 28 37 36 29 39 38 31 38 37 30 37 36 29 40 39 30 38 37 30 39 38 31 41 40 32 40 39 30 39 38 31 42 41 30 40 39 30 41 40 32 43 42 33 42 41 30 41 40 32 44 43 34 42 41 30 43 42 33 45 44 15 44 43 34 43 42 33 48 47 36 47 46 35 46 45 15 49 48 37 47 46 35 48 47 36 50 49 38 49 48 37 48 47 36 51 50 15 49 48 37 50 49 38 52 51 39 51 50 15 50 49 38 53 52 15 51 50 15 52 51 39 54 53 40 53 52 15 52 51 39 55 54 15 53 52 15 54 53 40 56 55 41 55 54 15 54 53 40 57 56 42 55 54 15 56 55 41 50 49 38 57 56 42 56 55 41 48 47 36 57 56 42 50 49 38 58 57 43 9 9 9 11 11 11 7 7 7 9 9 9 58 57 43 59 58 44 7 7 7 58 57 43 5 5 5 7 7 7 59 58 44 60 59 45 5 5 5 59 58 44 3 3 3 5 5 5 60 59 45 61 60 15 3 3 3 60 59 45 1 1 1 3 3 3 61 60 15 62 61 46 1 1 1 61 60 15 18 17 18 1 1 1 62 61 46 63 62 15 18 17 18 62 61 46 20 19 15 18 17 18 63 62 15 66 65 48 65 64 15 64 63 47 67 66 49 65 64 15 66 65 48 68 67 50 67 66 49 66 65 48 69 68 51 67 66 49 68 67 50 70 69 52 69 68 51 68 67 50 71 70 53 69 68 51 70 69 52 72 71 50 71 70 53 70 69 52 73 72 54 71 70 53 72 71 50 74 73 55 73 72 54 72 71 50 75 74 56 73 72 54 74 73 55 76 75 15 75 74 56 74 73 55 77 76 15 75 74 56 76 75 15 80 79 58 79 78 56 78 77 57 81 80 59 79 78 56 80 79 58 82 81 57 81 80 59 80 79 58 71 70 53 81 80 59 82 81 57 83 82 57 71 70 53 82 81 57 69 68 51 71 70 53 83 82 57 84 83 60 69 68 51 83 82 57 85 84 61 69 68 51 84 83 60 86 85 61 85 84 61 84 83 60 87 86 62 85 84 61 86 85 61 88 87 15 87 86 62 86 85 61 89 88 15 87 86 62 88 87 15 92 91 15 91 90 63 90 89 15 93 92 64 91 90 63 92 91 15 94 93 65 93 92 64 92 91 15 95 94 66 93 92 64 94 93 65 96 95 67 95 94 66 94 93 65 97 96 68 95 94 66 96 95 67 98 97 69 97 96 68 96 95 67 99 98 70 97 96 68 98 97 69 100 99 71 99 98 70 98 97 69 101 100 15 99 98 70 100 99 71 102 101 15 101 100 15 100 99 71 31 30 15 104 103 15 103 102 15 105 104 72 104 103 15 31 30 15 32 31 26 105 104 72 31 30 15 106 105 73 105 104 72 32 31 26 107 106 73 106 105 73 32 31 26 108 107 73 106 105 73 107 106 73 109 108 73 108 107 73 107 106 73 110 109 73 108 107 73 109 108 73 111 110 73 110 109 73 109 108 73 112 111 15 110 109 73 111 110 73 113 112 15 112 111 15 111 110 73 114 113 15 99 98 70 101 100 15 115 114 74 99 98 70 114 113 15 116 115 15 115 114 74 114 113 15 117 116 75 115 114 74 116 115 15 118 117 15 117 116 75 116 115 15 119 118 76 117 116 75 118 117 15 120 119 15 119 118 76 118 117 15 121 120 77 119 118 76 120 119 15 122 121 15 121 120 77 120 119 15 123 122 78 121 120 77 122 121 15 126 125 80 125 124 79 124 123 79 127 126 81 125 124 79 126 125 80 128 127 82 127 126 81 126 125 80 129 128 83 127 126 81 128 127 82 130 129 84 129 128 83 128 127 82 131 130 85 129 128 83 130 129 84 132 131 86 131 130 85 130 129 84 133 132 87 131 130 85 132 131 86 134 133 88 133 132 87 132 131 86 135 134 89 133 132 87 134 133 88 138 137 92 137 136 91 136 135 90 139 138 15 137 136 91 138 137 92 140 139 93 139 138 15 138 137 92 141 140 15 139 138 15 140 139 93 142 141 94 141 140 15 140 139 93 143 142 15 141 140 15 142 141 94 144 143 53 143 142 15 142 141 94 145 144 95 143 142 15 144 143 53 146 145 15 145 144 95 144 143 53 147 146 15 145 144 95 146 145 15 148 147 15 37 36 29 35 34 15 149 148 96 37 36 29 148 147 15 150 149 15 149 148 96 148 147 15 151 150 97 149 148 96 150 149 15 152 151 15 151 150 97 150 149 15 153 152 98 151 150 97 152 151 15 154 153 15 153 152 98 152 151 15 155 154 99 153 152 98 154 153 15 45 44 15 155 154 99 154 153 15 43 42 33 155 154 99 45 44 15 158 157 15 157 156 101 156 155 100 159 158 42 157 156 101 158 157 15 160 159 15 159 158 42 158 157 15 161 160 102 159 158 42 160 159 15 162 161 15 161 160 102 160 159 15 163 162 103 161 160 102 162 161 15 164 163 15 163 162 103 162 161 15 165 164 15 163 162 103 164 163 15 166 165 15 165 164 15 164 163 15 167 166 15 165 164 15 166 165 15 170 169 106 169 168 105 168 167 104 171 170 107 169 168 105 170 169 106 172 171 108 171 170 107 170 169 106 173 172 109 171 170 107 172 171 108 174 173 110 173 172 109 172 171 108 175 174 111 173 172 109 174 173 110 176 175 112 175 174 111 174 173 110 177 176 15 175 174 111 176 175 112 178 177 113 177 176 15 176 175 112 179 178 114 21 20 20 23 22 21 180 179 115 21 20 20 179 178 114 181 180 116 180 179 115 179 178 114 182 181 117 180 179 115 181 180 116 183 182 118 182 181 117 181 180 116 184 183 119 182 181 117 183 182 118 185 184 120 184 183 119 183 182 118 14 14 14 184 183 119 185 184 120 16 16 16 14 14 14 185 184 120 188 187 121 187 186 15 186 185 15 189 188 122 187 186 15 188 187 121 190 189 123 189 188 122 188 187 121 191 190 124 189 188 122 190 189 123 192 191 125 191 190 124 190 189 123 193 192 126 191 190 124 192 191 125 194 193 127 193 192 126 192 191 125 195 194 15 193 192 126 194 193 127 196 195 15 195 194 15 194 193 127 199 198 128 198 197 15 197 196 15 200 199 15 198 197 15 199 198 128 201 200 129 200 199 15 199 198 128 202 201 15 200 199 15 201 200 129 203 202 130 202 201 15 201 200 129 204 203 15 202 201 15 203 202 130 205 204 15 204 203 15 203 202 130 206 205 15 204 203 15 205 204 15 207 206 15 206 205 15 205 204 15 210 209 133 209 208 132 208 207 131 211 210 134 209 208 132 210 209 133 212 211 135 211 210 134 210 209 133 213 212 136 211 210 134 212 211 135 214 213 137 213 212 136 212 211 135 215 214 138 213 212 136 214 213 137 216 215 139 215 214 138 214 213 137 217 216 140 215 214 138 216 215 139 218 217 15 217 216 140 216 215 139 86 85 61 219 218 15 88 87 15 220 219 61 219 218 15 86 85 61 84 83 60 220 219 61 86 85 61 221 220 141 220 219 61 84 83 60 83 82 57 221 220 141 84 83 60 222 221 142 221 220 141 83 82 57 223 222 143 222 221 142 83 82 57 224 223 15 222 221 142 223 222 143 227 226 144 226 225 15 225 224 15 228 227 145 226 225 15 227 226 144 229 228 146 228 227 145 227 226 144 230 229 147 228 227 145 229 228 146 231 230 129 230 229 147 229 228 146 232 231 148 230 229 147 231 230 129 233 232 58 232 231 148 231 230 129 234 233 15 232 231 148 233 232 58 237 236 151 236 235 150 235 234 149 238 237 152 236 235 150 237 236 151 239 238 153 238 237 152 237 236 151 240 239 154 238 237 152 239 238 153 241 240 155 240 239 154 239 238 153 242 241 156 240 239 154 241 240 155 243 242 15 242 241 156 241 240 155 244 243 15 242 241 156 243 242 15 247 246 157 246 245 15 245 244 15 248 247 158 246 245 15 247 246 157 171 170 107 248 247 158 247 246 157 249 248 159 248 247 158 171 170 107 250 249 160 249 248 159 171 170 107 251 250 161 249 248 159 250 249 160 173 172 109 251 250 161 250 249 160 175 174 111 251 250 161 173 172 109 241 240 155 252 251 15 243 242 15 253 252 162 252 251 15 241 240 155 239 238 153 253 252 162 241 240 155 254 253 163 253 252 162 239 238 153 255 254 164 254 253 163 239 238 153 256 255 165 254 253 163 255 254 164 227 226 144 256 255 165 255 254 164 91 258 63 257 257 15 90 256 15 258 259 166 257 257 15 91 258 63 210 209 133 258 259 166 91 258 63 259 260 167 258 259 166 210 209 133 208 207 131 259 260 167 210 209 133 260 261 15 259 260 167 208 207 131 261 262 15 260 261 15 208 207 131 263 263 169 131 130 85 262 132 168 264 264 170 131 130 85 263 263 169 265 265 171 264 264 170 263 263 169 266 266 79 264 264 170 265 265 171 267 267 172 266 266 79 265 265 171 268 268 173 266 266 79 267 267 172 269 269 174 268 268 173 267 267 172 270 270 30 38 37 30 40 39 30 271 271 73 38 37 30 270 270 30 272 272 73 271 271 73 270 270 30 109 108 73 271 271 73 272 272 73 273 273 175 109 108 73 272 272 73 111 110 73 109 108 73 273 273 175 113 112 15 111 110 73 273 273 175 274 274 15 110 109 73 112 111 15 108 107 73 110 109 73 274 274 15 275 275 176 108 107 73 274 274 15 106 105 73 108 107 73 275 275 176 276 276 177 106 105 73 275 275 176 105 104 72 106 105 73 276 276 177 104 103 15 105 104 72 276 276 177 278 278 15 128 127 82 277 277 15 130 129 84 128 127 82 278 278 15 279 279 178 130 129 84 278 278 15 132 131 86 130 129 84 279 279 178 280 280 179 132 131 86 279 279 178 134 133 88 132 131 86 280 280 179 281 281 180 134 133 88 280 280 179 284 284 183 283 283 182 282 282 181 285 285 184 283 283 182 284 284 183 286 286 185 285 285 184 284 284 183 287 287 186 285 285 184 286 286 185 288 288 187 287 287 186 286 286 185 289 289 188 287 287 186 288 288 187 290 290 15 289 289 188 288 288 187 57 56 42 292 292 15 291 291 15 293 293 189 292 292 15 57 56 42 48 47 36 293 293 189 57 56 42 294 294 190 293 293 189 48 47 36 46 45 15 294 294 190 48 47 36 293 293 189 294 294 190 46 45 15 292 292 15 293 293 189 46 45 15 297 297 191 296 296 15 295 295 15 298 298 191 296 296 15 297 297 191 299 299 192 298 298 191 297 297 191 247 246 157 298 298 191 299 299 192 169 168 105 247 246 157 299 299 192 171 170 107 247 246 157 169 168 105 21 20 20 300 0 193 19 18 19 301 300 194 300 0 193 21 20 20 180 179 115 301 300 194 21 20 20 6 6 6 301 300 194 180 179 115 184 183 119 6 6 6 180 179 115 14 14 14 6 6 6 184 183 119 303 301 79 302 125 195 124 123 79 304 302 196 302 125 195 303 301 79 305 303 197 304 302 196 303 301 79 306 304 198 304 302 196 305 303 197 307 135 199 306 304 198 305 303 197 137 136 91 306 304 198 307 135 199 308 305 30 40 39 30 42 41 30 270 270 30 40 39 30 308 305 30 309 306 30 270 270 30 308 305 30 273 273 175 270 270 30 309 306 30 310 307 144 273 273 175 309 306 30 311 308 15 273 273 175 310 307 144 312 309 15 94 93 65 92 91 15 313 310 200 94 93 65 312 309 15 314 311 15 313 310 200 312 309 15 315 312 201 313 310 200 314 311 15 316 313 15 315 312 201 314 311 15 102 101 15 315 312 201 316 313 15 317 314 202 23 22 21 25 24 22 179 178 114 23 22 21 317 314 202 318 315 203 179 178 114 317 314 202 181 180 116 179 178 114 318 315 203 319 316 204 181 180 116 318 315 203 320 317 205 181 180 116 319 316 204 216 215 139 321 318 206 218 217 15 322 319 207 321 318 206 216 215 139 214 213 137 322 319 207 216 215 139 323 320 208 322 319 207 214 213 137 324 321 209 323 320 208 214 213 137 325 322 210 323 320 208 324 321 209 328 325 213 327 324 212 326 323 211 329 326 214 327 324 212 328 325 213 330 327 215 329 326 214 328 325 213 331 328 216 329 326 214 330 327 215 262 132 168 331 328 216 330 327 215 332 134 217 331 328 216 262 132 168 333 329 218 192 191 125 190 189 123 334 330 219 192 191 125 333 329 218 284 284 183 334 330 219 333 329 218 335 331 73 334 330 219 284 284 183 282 282 181 335 331 73 284 284 183 336 332 15 335 331 73 282 282 181 328 325 213 337 132 220 330 327 215 263 263 169 337 132 220 328 325 213 338 333 221 263 263 169 328 325 213 339 334 222 263 263 169 338 333 221 267 267 172 339 334 222 338 333 221 265 265 171 339 334 222 267 267 172 342 337 224 341 336 223 340 335 15 343 338 225 341 336 223 342 337 224 344 339 226 343 338 225 342 337 224 345 340 227 343 338 225 344 339 226 346 341 228 345 340 227 344 339 226 347 342 229 345 340 227 346 341 228 200 199 15 348 343 15 198 197 15 349 344 15 348 343 15 200 199 15 202 201 15 349 344 15 200 199 15 350 345 15 349 344 15 202 201 15 204 203 15 350 345 15 202 201 15 206 205 15 350 345 15 204 203 15 97 96 68 351 346 230 95 94 66 352 347 231 351 346 230 97 96 68 353 348 232 352 347 231 97 96 68 115 114 74 352 347 231 353 348 232 99 98 70 115 114 74 353 348 232 356 234 235 355 350 234 354 349 233 357 351 236 355 350 234 356 234 235 358 352 237 357 351 236 356 234 235 317 353 202 357 351 236 358 352 237 318 354 203 317 353 202 358 352 237 361 357 191 360 356 15 359 355 15 362 358 238 360 356 15 361 357 191 299 299 192 362 358 238 361 357 191 363 359 239 362 358 238 299 299 192 297 297 191 363 359 239 299 299 192 366 362 241 365 361 240 364 360 15 157 156 101 365 361 240 366 362 241 367 363 242 157 156 101 366 362 241 368 155 102 157 156 101 367 363 242 205 204 15 368 155 102 367 363 242 370 364 244 299 299 192 369 357 243 169 168 105 299 299 192 370 364 244 371 365 104 169 168 105 370 364 244 168 167 104 169 168 105 371 365 104 372 366 15 168 167 104 371 365 104 375 369 247 374 368 246 373 367 245 376 370 15 374 368 246 375 369 247 377 371 248 376 370 15 375 369 247 378 372 15 376 370 15 377 371 248 379 373 249 378 372 15 377 371 248 170 169 106 380 374 250 172 171 108 381 375 251 380 374 250 170 169 106 168 167 104 381 375 251 170 169 106 382 376 15 381 375 251 168 167 104 372 366 15 382 376 15 168 167 104 185 184 120 383 377 252 16 16 16 384 378 253 383 377 252 185 184 120 385 379 254 384 378 253 185 184 120 386 380 15 384 378 253 385 379 254 387 381 15 386 380 15 385 379 254 388 382 15 232 231 148 234 233 15 230 229 147 232 231 148 388 382 15 389 383 15 230 229 147 388 382 15 228 227 145 230 229 147 389 383 15 226 225 15 228 227 145 389 383 15 188 187 121 333 329 218 190 189 123 286 286 185 333 329 218 188 187 121 390 384 255 286 286 185 188 187 121 288 288 187 286 286 185 390 384 255 290 290 15 288 288 187 390 384 255 391 385 256 192 191 125 334 330 219 194 193 127 192 191 125 391 385 256 392 386 257 194 193 127 391 385 256 196 195 15 194 193 127 392 386 257 393 387 15 196 195 15 392 386 257 394 388 73 334 330 219 335 331 73 391 385 256 334 330 219 394 388 73 395 389 258 391 385 256 394 388 73 392 386 257 391 385 256 395 389 258 393 387 15 392 386 257 395 389 258 41 40 32 155 154 99 43 42 33 153 152 98 155 154 99 41 40 32 396 390 259 153 152 98 41 40 32 151 150 97 153 152 98 396 390 259 149 148 96 151 150 97 396 390 259 237 236 151 229 228 146 239 238 153 201 200 129 229 228 146 237 236 151 397 234 147 201 200 129 237 236 151 203 202 130 201 200 129 397 234 147 205 204 15 203 202 130 397 234 147 269 393 174 399 392 261 398 391 260 326 323 211 399 392 261 269 393 174 400 394 262 326 323 211 269 393 174 328 325 213 326 323 211 400 394 262 209 208 132 261 262 15 208 207 131 401 395 263 261 262 15 209 208 132 211 210 134 401 395 263 209 208 132 213 212 136 401 395 263 211 210 134 161 160 102 157 156 101 159 158 42 365 361 240 157 156 101 161 160 102 163 162 103 365 361 240 161 160 102 165 164 15 365 361 240 163 162 103 34 33 27 107 106 73 32 31 26 402 396 30 107 106 73 34 33 27 36 35 28 402 396 30 34 33 27 38 37 30 402 396 30 36 35 28 191 190 124 187 186 15 189 188 122 403 397 15 187 186 15 191 190 124 193 192 126 403 397 15 191 190 124 195 194 15 403 397 15 193 192 126 404 400 15 29 399 25 30 398 15 355 350 234 29 399 25 404 400 15 405 155 264 355 350 234 404 400 15 354 349 233 355 350 234 405 155 264 406 401 15 275 275 176 274 274 15 276 276 177 275 275 176 406 401 15 407 402 15 276 276 177 406 401 15 104 103 15 276 276 177 407 402 15 183 182 118 385 379 254 185 184 120 408 403 265 385 379 254 183 182 118 181 180 116 408 403 265 183 182 118 320 317 205 408 403 265 181 180 116 410 222 266 409 404 15 224 223 15 411 77 267 409 404 15 410 222 266 82 81 57 411 77 267 410 222 266 80 79 58 411 77 267 82 81 57 412 405 15 137 136 91 139 138 15 306 304 198 137 136 91 412 405 15 413 406 15 306 304 198 412 405 15 414 407 268 306 304 198 413 406 15 417 410 271 416 409 270 415 408 269 351 346 230 416 409 270 417 410 271 418 411 272 351 346 230 417 410 271 419 412 273 351 346 230 418 411 272 420 413 274 345 340 227 347 342 229 421 414 275 345 340 227 420 413 274 422 415 276 421 414 275 420 413 274 340 335 15 421 414 275 422 415 276 423 416 15 145 144 95 147 146 15 424 417 277 145 144 95 423 416 15 425 418 15 424 417 277 423 416 15 426 419 15 424 417 277 425 418 15 212 211 135 324 321 209 214 213 137 427 420 278 324 321 209 212 211 135 210 209 133 427 420 278 212 211 135 91 258 63 427 420 278 210 209 133 127 126 81 264 264 170 125 124 79 131 130 85 264 264 170 127 126 81 129 128 83 131 130 85 127 126 81 429 422 279 428 421 79 373 367 245 430 423 79 428 421 79 429 422 279 431 424 79 430 423 79 429 422 279 414 407 268 128 127 82 126 125 80 277 277 15 128 127 82 414 407 268 413 406 15 277 277 15 414 407 268 370 364 244 372 366 15 371 365 104 432 425 280 372 366 15 370 364 244 359 355 15 432 425 280 370 364 244 342 337 224 74 73 55 433 339 281 434 426 15 74 73 55 342 337 224 340 335 15 434 426 15 342 337 224 140 139 93 435 427 15 142 141 94 436 428 15 435 427 15 140 139 93 437 429 15 436 428 15 140 139 93 404 400 15 158 157 15 438 155 282 439 430 15 158 157 15 404 400 15 30 398 15 439 430 15 404 400 15 440 431 283 408 403 265 320 317 205 385 379 254 408 403 265 440 431 283 387 381 15 385 379 254 440 431 283 249 248 159 246 245 15 248 247 158 441 432 15 246 245 15 249 248 159 442 433 15 441 432 15 249 248 159 429 422 279 443 135 284 431 424 79 138 137 92 443 135 284 429 422 279 140 139 93 138 137 92 429 422 279 301 300 194 2 2 2 300 0 193 4 4 4 2 2 2 301 300 194 6 6 6 4 4 4 301 300 194 444 434 285 42 41 30 44 43 34 308 305 30 42 41 30 444 434 285 445 435 25 308 305 30 444 434 285 446 436 286 100 99 71 98 97 69 102 101 15 100 99 71 446 436 286 315 312 201 102 101 15 446 436 286 67 66 49 447 437 287 65 64 15 85 84 61 447 437 287 67 66 49 69 68 51 85 84 61 67 66 49 367 363 242 207 206 15 205 204 15 364 360 15 207 206 15 367 363 242 366 362 241 364 360 15 367 363 242 440 439 283 244 243 15 387 438 15 242 241 156 244 243 15 440 439 283 240 239 154 242 241 156 440 439 283 450 442 289 449 441 288 448 440 15 451 443 290 449 441 288 450 442 289 452 444 291 451 443 290 450 442 289 324 446 209 454 444 293 453 445 292 451 443 290 454 444 293 324 446 209 455 447 294 451 443 290 324 446 209 322 319 207 456 448 15 321 318 206 457 449 295 456 448 15 322 319 207 458 450 296 457 449 295 322 319 207 66 65 48 346 341 228 433 339 281 347 342 229 346 341 228 66 65 48 64 63 47 347 342 229 66 65 48 459 453 297 320 452 205 319 451 204 238 237 152 320 452 205 459 453 297 236 235 150 238 237 152 459 453 297 39 38 31 396 390 259 41 40 32 149 148 96 396 390 259 39 38 31 37 36 29 149 148 96 39 38 31 95 94 66 91 90 63 93 92 64 419 412 273 91 90 63 95 94 66 351 346 230 419 412 273 95 94 66 400 454 262 338 333 221 328 325 213 267 267 172 338 333 221 400 454 262 269 269 174 267 267 172 400 454 262 398 391 260 379 373 249 377 371 248 460 455 15 379 373 249 398 391 260 399 392 261 460 455 15 398 391 260 271 271 73 402 396 30 38 37 30 107 106 73 402 396 30 271 271 73 109 108 73 107 106 73 271 271 73 251 250 161 442 433 15 249 248 159 177 176 15 442 433 15 251 250 161 175 174 111 177 176 15 251 250 161 461 456 15 259 260 167 260 261 15 258 259 166 259 260 167 461 456 15 257 257 15 258 259 166 461 456 15 358 352 237 319 451 204 318 354 203 236 235 150 319 451 204 358 352 237 356 234 235 236 235 150 358 352 237 123 122 78 449 441 288 415 408 269 448 440 15 449 441 288 123 122 78 122 121 15 448 440 15 123 122 78 421 414 275 343 338 225 345 340 227 341 336 223 343 338 225 421 414 275 340 335 15 341 336 223 421 414 275 352 347 231 416 409 270 351 346 230 119 118 76 416 409 270 352 347 231 117 116 75 119 118 76 352 347 231 121 120 77 416 409 270 119 118 76 462 408 298 416 409 270 121 120 77 123 122 78 462 408 298 121 120 77 465 268 299 464 458 79 463 457 79 466 459 300 464 458 79 465 268 299 468 459 302 375 369 247 467 367 301 377 371 248 375 369 247 468 459 302 469 339 303 72 71 50 70 69 52 74 73 55 72 71 50 469 339 303 331 461 216 470 460 15 329 326 214 332 134 217 470 460 15 331 461 216 172 171 108 472 462 305 471 173 304 380 374 250 472 462 305 172 171 108 474 447 307 417 410 271 473 408 306 418 411 272 417 410 271 474 447 307 475 463 79 264 264 170 266 266 79 125 124 79 264 264 170 475 463 79 477 465 15 424 417 277 476 464 15 143 142 15 424 417 277 477 465 15 144 143 53 435 427 15 146 145 15 142 141 94 435 427 15 144 143 53 167 166 15 365 361 240 165 164 15 364 360 15 365 361 240 167 166 15 29 28 25 25 24 22 27 26 24 317 314 202 25 24 22 29 28 25 197 467 15 233 232 58 199 466 128 234 233 15 233 232 58 197 467 15 254 470 163 479 469 15 478 468 15 256 471 165 479 469 15 254 470 163 440 439 283 238 237 152 240 239 154 320 452 205 238 237 152 440 439 283 256 471 165 225 224 15 479 469 15 227 226 144 225 224 15 256 471 165 253 252 162 478 472 15 252 251 15 254 253 163 478 472 15 253 252 162 480 473 15 74 73 55 434 426 15 76 75 15 74 73 55 480 473 15 482 134 309 281 281 180 481 474 308 134 133 88 281 281 180 482 134 309 483 475 15 424 417 277 426 419 15 476 464 15 424 417 277 483 475 15 220 219 61 484 476 15 219 218 15 221 220 141 484 476 15 220 219 61 89 88 15 85 84 61 87 86 62 447 437 287 85 84 61 89 88 15 73 72 54 81 80 59 71 70 53 75 74 56 81 80 59 73 72 54 485 349 310 205 204 15 397 234 147 368 155 102 205 204 15 485 349 310 355 350 234 317 353 202 29 399 25 357 351 236 317 353 202 355 350 234 414 407 268 304 302 196 306 304 198 302 125 195 304 302 196 414 407 268 221 220 141 486 477 15 484 476 15 222 221 142 486 477 15 221 220 141 96 95 67 446 436 286 98 97 69 315 312 201 446 436 286 96 95 67 487 77 311 77 76 15 409 404 15 79 78 56 77 76 15 487 77 311 79 78 56 75 74 56 77 76 15 81 80 59 75 74 56 79 78 56 66 65 48 70 69 52 68 67 50 469 339 303 70 69 52 66 65 48 313 310 200 96 95 67 94 93 65 315 312 201 96 95 67 313 310 200 401 395 263 488 478 15 261 262 15 213 212 136 488 478 15 401 395 263 489 447 312 449 441 288 451 443 290 473 408 306 449 441 288 489 447 312 491 359 313 295 295 15 490 479 15 297 297 191 295 295 15 491 359 313 458 450 296 323 320 208 325 322 210 322 319 207 323 320 208 458 450 296 217 216 140 213 212 136 215 214 138 492 480 314 213 212 136 217 216 140 471 173 304 494 482 15 493 481 15 495 462 315 494 482 15 471 173 304 419 483 273 427 420 278 91 258 63 418 484 272 427 420 278 419 483 273 176 175 112 493 481 15 178 177 113 496 173 316 493 481 15 176 175 112 298 298 191 245 244 15 296 296 15 247 246 157 245 244 15 298 298 191 362 358 238 490 479 15 360 356 15 497 359 243 490 479 15 362 358 238 498 485 317 380 374 250 381 375 251 499 482 318 380 374 250 498 485 317 309 306 30 500 435 319 310 307 144 308 305 30 500 435 319 309 306 30 285 285 184 289 289 188 283 283 182 287 287 186 289 289 188 285 285 184 398 486 260 466 459 300 501 268 320 377 371 248 466 459 300 398 486 260 186 185 15 390 384 255 188 187 121 502 487 15 390 384 255 186 185 15 255 254 164 229 228 146 227 226 144 239 238 153 229 228 146 255 254 164 201 200 129 231 230 129 229 228 146 199 198 128 231 230 129 201 200 129 336 332 15 394 388 73 335 331 73 503 488 321 394 388 73 336 332 15 395 389 258 504 489 322 393 387 15 394 388 73 504 489 322 395 389 258 8 8 8 12 12 12 10 10 10 6 6 6 12 12 12 8 8 8 505 490 323 305 303 197 303 301 79 431 424 79 305 303 197 505 490 323 468 459 302 428 421 79 506 491 79 373 367 245 428 421 79 468 459 302 507 367 324 140 139 93 429 422 279 374 368 246 140 139 93 507 367 324 374 368 246 437 429 15 140 139 93 376 370 15 437 429 15 374 368 246 54 53 40 50 49 38 56 55 41 52 51 39 50 49 38 54 53 40 99 98 70 353 348 232 97 96 68 398 486 260 465 268 299 269 269 174 213 212 136 492 480 314 488 478 15 273 273 175 272 272 73 270 270 30 431 424 79 136 135 90 305 303 197 427 420 278 418 484 272 324 321 209 266 266 79 268 268 173 463 457 79 319 451 204 236 235 150 459 453 297 231 230 129 199 198 128 233 492 58 464 458 79 466 459 300 506 491 79 481 474 308 508 493 325 135 134 89 184 183 119 180 179 115 182 181 117 332 134 217 508 493 325 470 460 15 263 263 169 339 334 222 265 265 171 6 6 6 14 14 14 12 12 12 390 384 255 502 487 15 290 290 15 284 284 183 333 329 218 286 286 185 455 447 294 324 446 209 418 411 272 173 172 109 250 249 160 171 170 107 224 223 15 486 477 15 222 221 142 273 273 175 311 308 15 113 112 15 394 388 73 503 488 321 504 489 322 352 347 231 115 114 74 117 116 75 359 355 15 370 364 244 509 357 326 83 82 57 82 81 57 510 222 327 380 374 250 499 482 318 511 462 328 386 380 15 383 377 252 384 378 253 143 142 15 145 144 95 424 417 277 57 56 42 291 291 15 55 54 15 514 496 331 513 495 330 512 494 329 515 497 332 513 495 330 514 496 331 516 498 331 515 497 332 514 496 331 517 499 331 515 497 332 516 498 331 518 500 331 517 499 331 516 498 331 519 501 331 517 499 331 518 500 331 521 503 331 512 494 329 520 502 331 514 496 331 512 494 329 521 503 331 522 504 331 514 496 331 521 503 331 516 498 331 514 496 331 522 504 331 523 505 331 516 498 331 522 504 331 518 500 331 516 498 331 523 505 331 526 508 335 525 507 334 524 506 333 527 509 336 525 507 334 526 508 335 528 510 337 527 509 336 526 508 335 529 511 338 527 509 336 528 510 337 530 512 339 529 511 338 528 510 337 531 513 331 529 511 338 530 512 339 533 516 331 532 515 332 527 514 336 534 517 329 532 515 332 533 516 331 520 518 331 534 517 329 533 516 331 535 519 340 534 517 329 520 518 331 512 520 329 535 519 340 520 518 331 538 523 343 537 522 342 536 521 341 539 524 344 537 522 342 538 523 343 540 525 345 539 524 344 538 523 343 541 526 346 539 524 344 540 525 345 542 527 331 520 518 331 533 516 331 521 528 331 520 518 331 542 527 331 543 529 331 521 528 331 542 527 331 522 530 331 521 528 331 543 529 331 546 533 349 545 532 348 544 531 347 547 534 350 545 532 348 546 533 349 548 535 351 547 534 350 546 533 349 549 536 352 547 534 350 548 535 351 552 539 355 551 538 354 550 537 353 532 515 332 551 538 354 552 539 355 525 540 334 532 515 332 552 539 355 527 514 336 532 515 332 525 540 334 515 497 332 553 541 345 513 495 330 554 542 356 553 541 345 515 497 332 517 499 331 554 542 356 515 497 332 543 543 331 523 505 331 522 504 331 555 544 331 523 505 331 543 543 331 531 545 331 555 544 331 543 543 331 534 517 329 551 538 354 532 515 332 556 546 335 551 538 354 534 517 329 535 519 340 556 546 335 534 517 329 559 549 358 558 548 337 557 547 357 560 550 359 558 548 337 559 549 358 562 550 361 561 551 360 558 548 337 563 552 362 561 551 360 562 550 361 542 554 331 531 513 331 543 553 331 529 511 338 531 513 331 542 554 331 530 556 339 564 555 363 555 544 331 557 557 357 564 555 363 530 556 339 547 534 350 566 558 365 565 532 364 549 536 352 566 558 365 547 534 350 558 548 337 568 560 366 567 559 366 561 551 360 568 560 366 558 548 337 561 551 360 519 561 331 569 560 367 570 562 368 519 561 331 561 551 360 573 564 370 572 563 369 571 506 369 574 565 371 572 563 369 573 564 370 549 536 352 539 567 344 575 566 372 537 568 342 539 567 344 549 536 352 570 569 368 517 499 331 519 501 331 554 542 356 517 499 331 570 569 368 551 571 354 536 521 341 550 570 353 556 572 335 536 521 341 551 571 354 556 572 335 538 523 343 536 521 341 535 573 340 538 523 343 556 572 335 577 574 361 576 506 373 525 507 334 544 564 347 576 506 373 577 574 361 545 577 348 578 576 370 572 575 369 566 578 365 578 576 370 545 577 348 566 578 365 579 579 374 578 576 370 575 580 372 579 579 374 566 578 365 575 580 372 541 581 346 579 579 374 539 582 344 541 581 346 575 580 372 535 573 340 540 525 345 538 523 343 512 583 329 540 525 345 535 573 340 563 585 362 570 569 368 561 584 360 554 542 356 570 569 368 563 585 362 524 506 333 580 586 375 526 508 335 581 563 335 580 586 375 524 506 333 581 575 335 582 588 376 580 587 375 578 576 370 582 588 376 581 575 335 578 576 370 583 589 377 582 588 376 579 579 374 583 589 377 578 576 370 579 579 374 553 590 345 583 589 377 541 581 346 553 590 345 579 579 374 541 581 346 513 591 330 553 590 345 540 592 345 513 591 330 541 581 346 529 593 338 533 516 331 527 514 336 542 527 331 533 516 331 529 593 338 526 596 335 559 595 358 528 594 337 580 597 375 559 595 358 526 596 335 580 597 375 584 598 378 559 595 358 582 599 376 584 598 378 580 597 375 582 588 376 563 552 362 560 550 359 583 589 377 563 552 362 582 588 376 583 589 377 554 600 356 563 552 362 553 590 345 554 600 356 583 589 377 550 603 353 577 602 361 552 601 355 546 533 349 577 602 361 550 603 353 528 510 337 557 604 357 530 512 339 559 605 358 557 604 357 528 510 337 546 533 349 550 603 353 548 535 351 537 568 342 549 536 352 548 535 351 536 521 341 537 522 342 548 606 351 550 570 353 536 521 341 548 606 351 523 505 331 555 544 331 585 607 331 555 544 331 586 555 379 585 607 331 564 555 363 569 608 367 585 607 331 519 501 331 518 500 331 585 607 331 587 608 331 519 501 331 585 607 331 575 566 372 566 558 365 549 536 352 518 500 331 523 505 331 585 607 331 588 531 380 577 602 361 546 533 349 512 583 329 513 609 330 540 525 345 525 540 334 552 539 355 577 610 361 564 559 363 557 547 357 558 548 337 555 544 331 531 545 331 530 556 339 591 613 331 590 612 331 589 611 331 592 614 331 590 612 331 591 613 331 593 615 331 592 614 331 591 613 331 594 616 331 592 614 331 593 615 331 595 617 329 594 616 331 593 615 331 596 618 332 594 616 331 595 617 329 597 619 354 596 618 332 595 617 329 598 620 355 596 618 332 597 619 354 599 623 331 589 622 331 590 621 331 600 624 331 589 622 331 599 623 331 601 625 331 600 624 331 599 623 331 602 626 331 600 624 331 601 625 331 603 627 331 602 626 331 601 625 331 596 618 332 604 628 336 594 616 331 605 629 334 604 628 336 596 618 332 598 620 355 605 629 334 596 618 332 606 630 361 605 629 334 598 620 355 591 633 331 607 632 329 593 631 331 608 634 331 607 632 329 591 633 331 589 622 331 608 634 331 591 633 331 609 624 381 608 634 331 589 622 331 608 634 331 611 635 383 610 632 382 612 636 332 611 635 383 608 634 331 613 624 384 612 636 332 608 634 331 602 626 331 612 636 332 613 624 384 612 636 332 615 637 345 614 635 384 616 638 356 615 637 345 612 636 332 602 626 331 616 638 356 612 636 332 617 639 385 616 638 356 602 626 331 620 642 349 619 641 348 618 640 347 621 643 350 619 641 348 620 642 349 622 644 351 621 643 350 620 642 349 623 645 352 621 643 350 622 644 351 625 648 370 619 647 348 624 646 365 626 649 335 619 647 348 625 648 370 627 650 376 626 649 335 625 648 370 628 651 375 626 649 335 627 650 376 629 652 338 594 616 331 604 628 336 592 614 331 594 616 331 629 652 338 630 653 331 592 614 331 629 652 338 590 612 331 592 614 331 630 653 331 631 655 340 593 615 331 607 654 329 595 617 329 593 615 331 631 655 340 632 656 335 595 617 329 631 655 340 597 619 354 595 617 329 632 656 335 626 649 335 634 657 370 633 647 371 635 658 333 634 657 370 626 649 335 628 651 375 635 658 333 626 649 335 636 659 335 635 658 333 628 651 375 631 662 340 637 661 386 632 660 335 638 663 384 637 661 386 631 662 340 639 664 387 638 663 384 631 662 340 614 665 384 638 663 384 639 664 387 641 667 344 638 663 384 640 666 388 642 661 343 638 663 384 641 667 344 643 668 342 642 661 343 641 667 344 644 669 341 642 661 343 643 668 342 644 669 341 632 660 335 645 661 389 597 670 354 632 660 335 644 669 341 646 671 390 597 670 354 644 669 341 647 674 344 606 673 361 598 672 355 620 642 349 606 673 361 647 674 344 621 643 350 624 675 365 648 641 364 623 645 352 624 675 365 621 643 350 649 678 337 629 677 338 604 676 336 650 679 339 629 677 338 649 678 337 636 682 335 651 681 358 649 680 337 628 683 375 651 681 358 636 682 335 628 686 375 652 685 378 651 684 358 627 687 376 652 685 378 628 686 375 635 658 333 605 689 334 606 688 361 636 659 335 605 689 334 635 658 333 649 678 337 653 690 357 650 679 339 651 691 358 653 690 357 649 678 337 656 694 361 655 693 360 654 692 337 657 695 362 655 693 360 656 694 361 657 697 362 658 639 391 655 696 360 616 638 356 658 639 391 657 697 362 659 699 331 590 621 331 630 698 331 599 623 331 590 621 331 659 699 331 650 679 339 660 701 363 659 700 331 653 690 357 660 701 363 650 679 339 654 692 337 662 702 392 661 701 366 655 693 360 662 702 392 654 692 337 655 696 360 603 627 331 662 703 392 663 639 368 603 627 331 655 696 360 630 704 331 650 679 339 659 700 331 629 677 338 650 679 339 630 704 331 651 691 358 654 692 337 653 690 357 664 694 359 654 692 337 651 691 358 667 707 395 666 706 394 665 705 393 668 708 396 666 706 394 667 707 395 668 708 396 670 709 398 669 706 397 671 710 399 670 709 398 668 708 396 636 659 335 604 676 336 605 689 334 649 678 337 604 676 336 636 659 335 673 713 379 615 712 345 672 711 400 675 714 402 674 706 401 670 709 398 657 714 362 615 712 345 616 715 356 677 687 403 666 706 394 676 714 361 676 714 361 670 709 398 678 712 400 620 642 349 679 674 347 622 644 351 680 671 401 644 669 341 622 716 351 599 623 331 659 699 331 681 717 331 659 699 331 682 718 379 681 717 331 660 718 363 662 703 392 681 717 331 662 703 392 603 627 331 681 717 331 603 627 331 601 625 331 681 717 331 683 640 380 606 673 361 620 642 349 641 720 344 685 719 405 684 645 404 598 721 355 597 670 354 686 671 406 687 711 407 615 712 345 640 709 388 644 669 341 643 668 342 622 716 351 627 687 376 657 714 362 664 685 359 660 701 363 653 690 357 654 692 337 677 687 403 665 705 393 666 706 394 601 625 331 599 623 331 681 717 331 603 627 331 688 639 408 602 626 331 689 719 409 624 675 365 623 645 352 635 658 333 606 688 361 618 657 347 692 724 338 691 723 339 690 722 331 693 725 337 691 723 339 692 724 338 694 726 336 693 725 337 692 724 338 695 727 335 693 725 337 694 726 336 696 728 334 695 727 335 694 726 336 697 729 333 695 727 335 696 728 334 698 730 361 697 729 333 696 728 334 699 731 347 697 729 333 698 730 361 702 525 345 701 732 410 700 609 330 703 573 340 701 732 410 702 525 345 704 523 343 703 573 340 702 525 345 705 572 335 703 573 340 704 523 343 706 521 341 705 572 335 704 523 343 707 733 354 705 572 335 706 521 341 708 734 353 707 733 354 706 521 341 711 737 331 710 736 331 709 735 331 712 738 329 710 736 331 711 737 331 713 739 331 712 738 329 711 737 331 700 740 330 712 738 329 713 739 331 714 741 332 700 740 330 713 739 331 715 742 345 700 740 330 714 741 332 716 743 356 715 742 345 714 741 332 717 744 411 714 741 332 713 739 331 718 745 331 714 741 332 717 744 411 719 746 412 718 745 331 717 744 411 720 747 331 718 745 331 719 746 412 722 749 344 702 525 345 721 748 346 704 523 343 702 525 345 722 749 344 723 750 342 704 523 343 722 749 344 706 521 341 704 523 343 723 750 342 724 751 411 713 739 331 711 737 331 717 744 411 713 739 331 724 751 411 725 752 331 717 744 411 724 751 411 726 746 340 717 744 411 725 752 331 727 755 355 707 754 354 708 753 353 728 756 332 707 754 354 727 755 355 696 757 334 728 756 332 727 755 355 694 758 336 728 756 332 696 757 334 729 760 329 705 759 335 707 754 354 703 761 340 705 759 335 729 760 329 730 762 413 703 761 340 729 760 329 731 763 413 703 761 340 730 762 413 732 764 331 725 752 331 724 751 411 733 765 331 725 752 331 732 764 331 690 766 331 733 765 331 732 764 331 734 767 375 695 727 335 697 729 333 735 768 358 695 727 335 734 767 375 736 769 378 735 768 358 734 767 375 729 760 329 709 770 331 737 762 414 728 756 332 709 770 331 729 760 329 707 754 354 728 756 332 729 760 329 708 773 353 698 772 361 727 771 355 738 774 349 698 772 361 708 773 353 741 776 352 740 774 350 739 775 351 742 777 365 740 774 350 741 776 352 745 780 376 744 779 362 743 778 359 746 781 377 744 779 362 745 780 376 746 781 377 716 782 356 744 779 362 715 783 345 716 782 356 746 781 377 711 786 331 732 785 331 724 784 411 709 770 331 732 785 331 711 786 331 741 776 352 722 788 344 747 787 372 723 789 342 722 788 344 741 776 352 750 778 361 749 791 360 748 790 337 744 779 362 749 791 360 750 778 361 744 794 362 751 793 368 749 792 360 716 743 356 751 793 368 744 794 362 691 723 339 752 796 363 733 795 331 753 768 357 752 796 363 691 723 339 748 790 337 755 798 366 754 797 366 749 791 360 755 798 366 748 790 337 692 799 338 709 770 331 694 758 336 690 800 331 709 770 331 692 799 338 751 793 368 718 745 331 720 747 331 716 743 356 718 745 331 751 793 368 757 731 370 756 767 335 697 729 333 758 801 371 756 767 335 757 731 370 760 803 348 759 780 370 756 802 335 742 804 365 759 780 370 760 803 348 742 804 365 761 805 374 759 780 370 747 806 372 761 805 374 742 804 365 749 791 360 720 807 331 762 798 367 751 808 368 720 807 331 749 791 360 747 806 372 721 809 346 761 805 374 722 810 344 721 809 346 747 806 372 761 805 374 715 783 345 746 781 377 721 809 346 715 783 345 761 805 374 721 809 346 700 811 330 715 783 345 702 812 345 700 811 330 721 809 346 738 774 349 708 773 353 739 775 351 723 789 342 741 776 352 739 775 351 706 521 341 723 750 342 739 813 351 708 734 353 706 521 341 739 813 351 733 765 331 763 814 379 725 752 331 764 815 331 720 747 331 725 752 331 720 747 331 765 746 338 725 752 331 746 781 377 766 780 415 761 805 374 767 816 380 698 772 361 738 774 349 694 758 336 709 770 331 728 756 332 748 790 337 768 817 416 743 778 359 753 768 357 769 723 417 693 725 337 742 777 365 770 818 364 740 774 350 735 768 358 693 725 337 695 727 335 736 769 378 734 767 375 745 819 376 718 745 331 716 743 356 714 741 332 752 814 363 762 815 367 725 752 331 747 787 372 742 777 365 741 776 352 760 818 348 699 816 347 771 774 418 733 765 331 690 766 331 691 820 339 696 757 334 727 755 355 698 821 361 752 797 363 753 817 357 748 790 337 690 800 331 732 785 331 709 770 331 774 496 331 773 495 330 772 494 329 775 497 332 773 495 330 774 496 331 776 498 331 775 497 332 774 496 331 777 499 331 775 497 332 776 498 331 778 500 331 777 499 331 776 498 331 779 501 331 777 499 331 778 500 331 781 503 331 772 494 329 780 502 331 774 496 331 772 494 329 781 503 331 782 822 331 774 496 331 781 503 331 776 498 331 774 496 331 782 822 331 783 505 331 776 498 331 782 822 331 778 500 331 776 498 331 783 505 331 786 517 329 785 519 340 784 823 337 780 518 331 785 519 340 786 517 329 787 824 331 780 518 331 786 517 329 788 527 331 780 518 331 787 824 331 789 593 338 788 527 331 787 824 331 792 825 355 791 823 354 790 537 353 793 515 332 791 823 354 792 825 355 794 540 334 793 515 332 792 825 355 795 826 336 793 515 332 794 540 334 798 533 349 797 532 348 796 531 347 799 827 350 797 532 348 798 533 349 800 828 351 799 827 350 798 533 349 801 536 352 799 827 350 800 828 351 803 576 370 797 577 348 802 578 365 804 575 335 797 577 348 803 576 370 805 588 376 804 575 335 803 576 370 806 587 375 804 575 335 805 588 376 804 829 335 808 564 370 807 565 371 809 506 333 808 564 370 804 829 335 806 586 375 809 506 333 804 829 335 810 508 335 809 506 333 806 586 375 813 523 343 812 522 342 811 521 341 814 524 344 812 522 342 813 523 343 815 525 345 814 524 344 813 523 343 816 526 346 814 524 344 815 525 345 793 515 332 786 517 329 791 823 354 787 824 331 786 517 329 793 515 332 795 826 336 787 824 331 793 515 332 775 497 332 817 541 345 773 495 330 818 542 356 817 541 345 775 497 332 777 499 331 818 542 356 775 497 332 819 543 331 783 505 331 782 822 331 820 830 331 783 505 331 819 543 331 821 831 331 820 830 331 819 543 331 822 832 335 813 523 343 811 521 341 785 573 340 813 523 343 822 832 335 790 603 353 823 602 361 792 601 355 798 533 349 823 602 361 790 603 353 826 510 337 825 604 357 824 512 339 827 833 358 825 604 357 826 510 337 827 549 358 828 548 337 825 547 357 829 550 359 828 548 337 827 549 358 831 550 361 830 551 360 828 548 337 832 552 362 830 551 360 831 550 361 788 835 331 821 513 331 819 834 331 789 511 338 821 513 331 788 835 331 824 556 339 833 555 363 820 830 331 825 557 357 833 555 363 824 556 339 826 510 337 789 511 338 795 509 336 824 512 339 789 511 338 826 510 337 799 827 350 802 558 365 834 532 364 801 536 352 802 558 365 799 827 350 828 548 337 836 560 366 835 559 366 830 551 360 836 560 366 828 548 337 830 551 360 779 561 331 837 560 367 838 562 368 779 561 331 830 551 360 801 536 352 814 567 344 839 836 372 812 568 342 814 567 344 801 536 352 809 506 333 794 838 334 823 837 361 810 508 335 794 838 334 809 506 333 838 839 368 777 499 331 779 501 331 818 542 356 777 499 331 838 839 368 803 576 370 840 589 377 805 588 376 841 579 374 840 589 377 803 576 370 802 578 365 841 579 374 803 576 370 839 580 372 841 579 374 802 578 365 839 580 372 816 581 346 841 579 374 814 582 344 816 581 346 839 580 372 785 573 340 815 525 345 813 523 343 772 583 329 815 525 345 785 573 340 810 508 335 795 509 336 794 838 334 826 510 337 795 509 336 810 508 335 832 585 362 838 839 368 830 584 360 818 542 356 838 839 368 832 585 362 841 579 374 817 590 345 840 589 377 816 581 346 817 590 345 841 579 374 816 581 346 773 591 330 817 590 345 815 592 345 773 591 330 816 581 346 788 527 331 781 528 331 780 518 331 819 529 331 781 528 331 788 527 331 810 596 335 827 595 358 826 594 337 806 597 375 827 595 358 810 596 335 806 597 375 842 598 378 827 595 358 805 599 376 842 598 378 806 597 375 805 588 376 832 552 362 829 550 359 840 589 377 832 552 362 805 588 376 840 589 377 818 600 356 832 552 362 817 590 345 818 600 356 840 589 377 798 533 349 790 603 353 800 828 351 812 568 342 801 536 352 800 828 351 811 521 341 812 522 342 800 606 351 790 570 353 811 521 341 800 606 351 783 505 331 820 830 331 843 607 331 820 830 331 844 555 379 843 607 331 845 608 331 779 501 331 843 607 331 779 501 331 778 500 331 843 607 331 778 500 331 783 505 331 843 607 331 846 531 380 823 602 361 798 533 349 824 512 339 821 513 331 789 511 338 772 583 329 773 609 330 815 525 345 789 593 338 787 824 331 795 826 336 794 540 334 792 825 355 823 610 361 809 506 333 823 837 361 796 564 347 833 559 363 825 547 357 828 548 337 833 555 363 837 608 367 843 607 331 820 830 331 821 831 331 824 556 339 839 836 372 802 558 365 801 536 352 784 832 337 811 521 341 790 570 353 819 529 331 782 530 331 781 528 331 780 518 331 772 520 329 785 519 340</p>
                </polylist>
            </mesh>
        </geometry>
        <geometry id="mesh1">
            <mesh>
                <source id="points1">
                    <float_array id="pointarray1" count="1257">-4471 -3441 -206.75 -4456.75 -3411 -191.5 -4296 -3504.75 -7.25 -4330 -3449.75 -41.25 -4210.25 -3504 69.75 -4131.5 -3490.75 123 -4122.75 -3510.25 137.75 -3950.5 -3508.25 237.75 -3950.75 -3519.25 228 -3728 -3618.75 325.5 -3739.25 -3629 325.75 -3609.75 -3627.25 361.75 -3599.25 -3641.5 361 -3348.25 -3247.5 387.75 -3334.25 -3248.25 388.5 -2029.75 -2666 -479.5 -1972.25 -2745.5 -500.75 -1974.75 -2841.75 -428.25 -1951.25 -2869.75 -433 -1917.25 -3235 -363.75 -1902.5 -3244.75 -382.5 -1971.25 -3694.5 -317.75 -1959.75 -3714.25 -339 -2160 -3928 -167.25 -2034.5 -3818.5 -303.5 -2162 -3934 -200.5 -2063.75 -3854.5 -288.5 -4728.75 -3229.25 -1347.75 -4733.75 -3309.5 -1307.5 -4695 -3457.5 -1482 -4694 -3488.75 -1449.75 -4655.75 -3648.5 -1505.25 -4668.5 -3631.25 -1458 -4625.5 -3792.5 -1469.75 -4632.75 -3801.5 -1412.25 -4606.75 -3928.25 -1384.25 -4624.75 -3913.25 -1334.75 -4589.5 -3987.25 -1333.75 -4607.5 -3965.5 -1291.5 -2718.25 -3923.25 -2369.5 -2674.75 -3951.25 -2380.75 -2531.5 -3687.75 -2353.75 -2480.5 -3698.25 -2335.75 -2513.75 -3388 -2364.5 -2456 -3403.5 -2331.5 -2675 -3020 -2410.5 -2613.25 -3005.25 -2344 -2798.25 -2696.75 -2336.75 -2705.5 -2733.75 -2312 -2645 -2191.5 -1755.75 -3775.25 -4474.25 -243 -3840.5 -4317.25 -97.5 -3821.75 -4314.25 -94.25 -3892 -4143.5 0.25 -3873.25 -4135.25 10.25 -3937.5 -3986.75 75.75 -3926.75 -3980.5 90.5 -4027 -3828.25 110 -4015.75 -3824.5 120.75 -4150.25 -3654.75 92 -4140.5 -3652.75 98.75 -4528.5 -4086.5 -1391.25 -4529.5 -4078 -1358.5 -4450.25 -4161.25 -1503 -4356.25 -4219 -1608.5 -4369.25 -4185.5 -1659.25 -4268.5 -4241.5 -1736.5 -4263.25 -4209.5 -1814 -4231.25 -4174.75 -1888.25 -4205.25 -2340.5 -1679.25 -4208.75 -2332.5 -1675.25 -4359 -2422 -1563.5 -4386.5 -2409 -1485.25 -4391 -2421.25 -1487.25 -4420 -2425 -1411.25 -4444 -2447.5 -1349.75 -4431 -2469.5 -916.25 -4470.25 -2475.5 -988.5 -4500.75 -2526.5 -929.5 -3825.5 -2548.25 -2209.5 -4041.25 -2857.75 -2301.5 -4024 -2895.75 -2321.5 -4114 -3065 -2330.75 -4092 -3100.75 -2356.25 -4081.75 -3184.25 -2378.25 -4075.25 -3179.25 -2385.75 -3979.5 -3311.75 -2440.25 -3934.5 -3248.75 -2469.5 -3802.75 -3227.75 -2518.75 -3941.5 -4366.75 -1979.5 -3801 -4561.75 -1758 -3793.5 -4571 -1768.75 -3682 -4656.5 -1643.75 -3531.5 -4705 -1629.75 -3639 -4698.75 -1573 -3637.5 -4738.75 -1504.75 -3735.25 -4740.25 -1251.25 -3708.5 -4752.75 -1216 -3771.25 -4745.25 -1126.25 -3660.5 -4618.5 -401.5 -3577 -4594.25 -347 -3529.75 -4640.75 -378.25 -3455.5 -4538.25 -269.5 -3431.75 -4583.25 -298 -3319 -4419.5 -106.5 -3313 -4432.25 -100.5 -3212.75 -4260 57.75 -3190.5 -4268.75 62.5 -3141.75 -4121 182.75 -2165.5 -2456.75 -493 -2193.75 -2450.5 -423.25 -2215 -2403.75 -447 -2282 -2491.5 -268.5 -2302.5 -2425.25 -297.75 -2320.25 -2519.5 -227.5 -2437.5 -2280 -318 -2474 -2314.75 -282 -2553.25 -2292.25 -254 -2929.75 -4815.5 -1301.25 -2916.25 -4795.25 -1374.75 -2964.25 -4807.5 -1367.5 -3025.5 -4803.25 -1399.5 -3307.75 -4816 -1347.25 -3308.25 -4816 -1403.75 -3584.25 -4748 -1527.25 -3474.5 -4774.25 -1519.25 -3463 -4732.25 -1604.25 -3169 -4125.75 170 -3139 -3972.5 261.25 -3109.75 -3971 273.5 -3024.25 -3466.75 362.75 -3022.5 -3572.5 381.25 -2970.75 -3448.75 373 -2806 -3855.25 262 -4619.25 -3106 -481.25 -4615.5 -3068.25 -491.5 -4574.5 -3076.5 -413 -4667.25 -2940.25 -738.5 -4640 -2909 -709 -4676.25 -2923.75 -783 -4630.75 -2839 -772 -4646.5 -2841.25 -802.5 -4632.5 -2786 -850 -4728.75 -3229.25 -1347.75 -4729 -3224.5 -1292.5 -4736.5 -3229.5 -1218 -4722.25 -3148.5 -974.5 -4723.75 -3134.5 -1001.25 -4695.5 -3059.25 -820.5 -4703.25 -3027.25 -842.5 -2888.5 -4727.5 -650.5 -3269.75 -4774.25 -621.25 -3273.5 -4779.75 -602.75 -3524.75 -4657.5 -401.75 -3586.75 -4652.25 -404.5 -3654.75 -4632.5 -427.5 -3666 -4606.5 -410 -4633.5 -3137.75 -499 -4618 -3141.25 -461.25 -4455.25 -3077.25 -226.5 -4445.75 -3041 -238.5 -4215.25 -2763.75 -138.25 -4256.75 -2741.75 -185.75 -3809.5 -3299 -2505.25 -3623.5 -3150.75 -2544.5 -3653 -3073.25 -2530.25 -3486 -2759.5 -2451 -3547.25 -2699.25 -2406.5 -3377.5 -2552.25 -2354.5 -3435.5 -2550.5 -2338.5 -3149.25 -2278.5 -2100.25 -4210.75 -3813.5 -2175.75 -4136.75 -3889.25 -2195.5 -4016 -3823.5 -2333.5 -3993.5 -3862.25 -2314.5 -3927.5 -3727 -2405.5 -3890.25 -3815 -2387.75 -3893.25 -3551.25 -2445 -3772.75 -3918 -2407 -3252.75 -4721.25 -1671.5 -3274.75 -4707.25 -1689.75 -3343 -4721 -1660.5 -3355.75 -4706 -1683 -4479 -2527.25 -865.5 -4353.25 -2457.5 -710 -4355.75 -2462.5 -612.25 -4318 -2421.75 -641.25 -4302 -2404 -614 -3697.75 -2303.25 -103.75 -3669.75 -2249.75 -165.25 -3380.5 -2352 28.25 -3385 -2267.75 -46 -2917 -2376.5 -9.25 -2940 -2294 -63.25 -2785.5 -2270 -142 -4259.75 -3834.25 -2121.5 -4367.75 -3709.5 -2060 -4359.25 -3669.25 -2089.75 -4525.25 -3428 -1910.75 -4510.75 -3406.25 -1935.75 -4563.5 -2980.25 -1728.5 -2065.75 -3680 -1975 -1932.5 -3733 -1725 -1831.5 -3675 -1575.75 -1840.75 -3728.75 -1523 -1807 -3672.5 -1489 -1799.75 -3692.25 -1443 -1756.75 -3592 -1298.25 -2934.5 -2255 -2012.75 -2734 -2267.75 -1933.75 -2705 -2164.25 -1803 -2801.25 -2029.25 -1505.25 -2785.5 -1971.75 -1412.25 -2819.25 -1971.25 -1359 -3840.75 -2226.5 -1858.5 -3907.75 -2244 -1832.25 -3809.25 -2398.25 -2091 -3853.5 -2406.75 -2093.5 -3875.5 -2536.75 -2191 -3412.25 -3093.25 336 -3423 -3119.75 335.5 -3384.75 -3035.5 328 -3709 -3016 291.75 -3726.25 -2961.75 273.75 -3958 -2950 166.75 -3951.25 -2897.75 152.75 -2918.75 -4131.25 -2398 -3023.25 -4103.75 -2402 -3057.75 -4232.5 -2353.25 -3178.5 -4285.5 -2279 -3019.25 -4364.25 -2201 -2947 -4788.75 -818.25 -2979 -4822 -976.25 -3009 -4808 -988 -2980.5 -4829.75 -1057.75 -2969 -4820.25 -1156.75 -2899.75 -4805.25 -1070 -2883.75 -4802 -1217.75 -3666.75 -4181.25 -2280.5 -3692.75 -4057.25 -2358.75 -3882.25 -4213.75 -2167 -3896.25 -4197.25 -2157 -3948.75 -4355 -1970.25 -4588 -4085.5 -1010.5 -4572 -4057.75 -980 -4443.5 -4265.5 -1021.5 -4443.75 -4254.25 -979 -4325.25 -4388.5 -1024 -4349.75 -4377.5 -1002.75 -4235.75 -4480 -921.5 -2721 -4497.5 -1913.5 -2693 -4466 -1993 -2951.25 -4466 -2055.25 -2698.75 -4426.5 -2044.75 -2739 -4437.5 -2066 -2653 -4316.25 -2122.75 -1805.25 -3813 -1189.75 -1835.5 -3907 -1016.75 -1827.75 -3916.25 -988.5 -2006.75 -4128.5 -731.5 -1983.5 -4112.5 -716.25 -1997.25 -3978.25 -511.25 -4033.75 -2246.25 -1762.5 -4017.5 -2254.75 -1779.75 -3626 -2164.75 -1904.5 -3840.75 -2226.5 -1858.5 -1752.75 -3543.75 -1354.75 -1787.5 -3165.75 -741.25 -1794.5 -3104.5 -804.75 -1868.25 -2937 -598 -4154 -4085 -2026 -4145.25 -3958.5 -2131.5 -4183 -3946.5 -2122.75 -2661.5 -4362.75 -2076.25 -2565.5 -4218.75 -2123 -2540.75 -4171.75 -2164.5 -2398 -4016 -2176.25 -2538 -3993.75 59.75 -2555 -4001 38.5 -2841.75 -3853.25 257.5 -3953.75 -4612.25 -607.5 -3949.25 -4612.5 -611.25 -4131.5 -4547.75 -782.75 -4137.75 -4548.5 -870.5 -3108.75 -1955.75 -1511.75 -3116.75 -1932.25 -1487.75 -3405.75 -1929.75 -1485.75 -3551.75 -1914.5 -1410.25 -3460 -1933.25 -1499.75 -3842 -2009.75 -1218.75 -4104.5 -2225.25 -618.5 -4093.75 -2222.25 -644 -3983 -2228.5 -459.5 -3949.25 -2183 -494 -2718.5 -4577.75 -1747.25 -2673.5 -4614.75 -1668.5 -2681.25 -4523.5 -1834 -2592.5 -4530 -1777.25 -2593 -4479 -1882.5 -1791.25 -3759 -1357.75 -1807.75 -3771 -1356.75 -1858.5 -2980.5 -559.5 -2006.5 -2681.5 -530.25 -3761 -4573.75 -393 -3801.25 -4582.25 -431.5 -3794.5 -4473 -243.75 -2033 -3993 -502.25 -4065.75 -4610.5 -907.25 -4070.75 -4600.75 -930.25 -4139.75 -4545 -907.25 -2894.5 -4769 -807.25 -2916.25 -4747 -708.75 -2948 -4741.25 -663 -3999 -4649.75 -890.75 -3993.25 -4659.5 -952.5 -3787.25 -4726.25 -1157.25 -2639.75 -2811.75 137.25 -2559.75 -2810.75 89.75 -2902.25 -2959.25 318.75 -2870.5 -2994.75 325 -2966 -3063.5 346 -2181.25 -3726.5 -2098.75 -2167 -3829.25 -2002 -2066 -3764.75 -1900.25 -2494.5 -2172 -450.5 -2494 -2219.25 -365.75 -2656.75 -2238 -248.75 -2271 -3910 -2084.25 -2272.75 -3846 -2153.75 -2723.25 -2343.5 -112.75 -3784.5 -4588 -439.75 -3747.5 -4574.5 -404.5 -4595.25 -3014.5 -1686.5 -4620.5 -2993.25 -1608.25 -4575.25 -2909.75 -1641.75 -4528.25 -2832.75 -1691.5 -4612.75 -3374.75 -424 -4651.5 -3256.25 -520 -4616.25 -3339 -420.75 -4636.25 -3253.25 -479.5 -4539 -2584.25 -931.5 -4522.25 -2578.25 -901.5 -4013.25 -3341.5 -2425.25 -3989 -3362 -2434 -3956.5 -3534.75 -2434 -3086.5 -2316 -2141.75 -2977.25 -2200.5 -1934.5 -3005.25 -3300 366.5 -2927.75 -3107.5 351.5 -1792.25 -3814.75 -1185.25 -3809.75 -3945 -2375.75 -3303.75 -4156.25 -2401 -2904.75 -4415.5 -2139.5 -3064.75 -4382 -2174.25 -4499 -2813.75 -1734 -4390.25 -2462.75 -1576.5 -2154.5 -2527.5 -1697.5 -2222.5 -2521 -1849.75 -2152.75 -2539 -1693.5 -2217.5 -2533 -1836.75 -2130.25 -2668.5 -1836.25 -2104.25 -2801.75 -1953.5 -2129.5 -2672.5 -1824.5 -2105 -2799 -1935 -2024.5 -2828.75 -1807 -1923.75 -2952.5 -1767.5 -2029.5 -2824 -1797 -1935 -2941 -1759.75 -1931.5 -2837.5 -1627.75 -1855.5 -2839.5 -1455.5 -1941.75 -2831.75 -1627.75 -1871 -2833.75 -1464.25 -1947.5 -2704.5 -1479.25 -1961.75 -2576.75 -1370.75 -1956.75 -2706.25 -1487.25 -1970.5 -2586.25 -1384.25 -2057 -2546.75 -1528 -2156.75 -2410.5 -1576 -2060.25 -2557.75 -1531.75 -2155.5 -2429 -1578.5 -4189.75 -4191.75 -1894.75 -4194.5 -4070.75 -2017 -4064 -2869.25 59.25 -4118.25 -2770.25 -24.5 -3312.75 -4228.5 -2322.5 -4471 -3441 -206.75 -4612.75 -3374.75 -424 -2411.5 -4063 -2131.75 -4240.5 -3531 41.5 -2299.75 -2603.25 -153.25 -2336 -2600 -154.25 -3143 -3071.5 370.75 -3131 -3031 391.5 -3414.25 -2987.75 317.25 -3019.5 -4698 -1647.75 -2986.75 -4721.25 -1629.75 -4137 -2797.5 -30.25 -4251.25 -2657.25 -232.75 -3478.75 -1991.75 -1655.5 -3428 -1992 -1652.25 -4058.75 -2200.75 -669.75 -4011.5 -2154.25 -662.5 -4061.25 -2147.5 -848 -3999.25 -2117.5 -829.75 -2509 -2028.25 -1031.5 -2448.5 -2117.75 -647.75 -2559 -2025.5 -994.5 -2515.5 -2104.5 -651.5 -3728.5 -4725.75 -709 -3774.5 -4699.75 -691.5 -3833 -1982 -1212.25 -4728.75 -3229.25 -1347.75 -4346.75 -2504 -524 -4352.25 -2558.25 -497.75 -4267.75 -2676.75 -241.5 -3645.25 -2137.5 -1887.5 -3540.5 -2096.5 -1832.75 -4215.25 -2763.75 -138.25 -3350.75 -4760 -563.5</float_array>
                    <technique_common>
                        <accessor count="419" source="#pointarray1" stride="3">
                            <param name="X" type="float"/>
                            <param name="Y" type="float"/>
                            <param name="Z" type="float"/>
                        </accessor>
                    </technique_common>
                </source>
                <source id="uvs1">
                    <float_array id="uvarray1" count="886">0.23681640625 0.087890625 0.24853515625 0.0908203125 0.24755859375 0.0615234375 0.255859375 0.06982421875 0.259765625 0.05224609375 0.2685546875 0.04931640625 0.2646484375 0.04541015625 0.27685546875 0.03515625 0.27392578125 0.03515625 0.57373046875 0.76611328125 0.5693359375 0.76708984375 0.576171875 0.74951171875 0.5732421875 0.74853515625 0.5302734375 0.03857421875 0.8115234375 0.76513671875 0.7109375 0.18603515625 0.0908203125 0.74755859375 0.71728515625 0.1650390625 0.109375 0.75537109375 0.72802734375 0.12451171875 0.146484375 0.79150390625 0.72216796875 0.08251953125 0.18896484375 0.83984375 0.697265625 0.05224609375 0.2021484375 0.8505859375 0.630859375 0.595703125 0.64404296875 0.5986328125 0.27392578125 0.8583984375 0.158203125 0.21923828125 0.279296875 0.82275390625 0.12646484375 0.21826171875 0.29296875 0.7998046875 0.10986328125 0.20654296875 0.30908203125 0.787109375 0.0947265625 0.18701171875 0.330078125 0.77978515625 0.0888671875 0.16943359375 0.07568359375 0.16015625 0.08203125 0.158203125 0.7041015625 0.3818359375 0.11767578125 0.50732421875 0.6806640625 0.4111328125 0.09765625 0.47900390625 0.67919921875 0.4453125 0.66455078125 0.45458984375 0.70263671875 0.48291015625 0.69091796875 0.4951171875 0.72119140625 0.52587890625 0.7080078125 0.52783203125 0.7021484375 0.6474609375 0.41357421875 0.5234375 0.15087890625 0.0048828125 0.40478515625 0.5556640625 0.17919921875 0.0078125 0.39599609375 0.5869140625 0.20263671875 0.0126953125 0.38720703125 0.61279296875 0.22314453125 0.02197265625 0.3740234375 0.63427734375 0.23974609375 0.03857421875 0.3564453125 0.6513671875 0.3427734375 0.76220703125 0.0625 0.15576171875 0.337890625 0.74462890625 0.02392578125 0.17041015625 0.32421875 0.72900390625 0.009765625 0.18310546875 0.31005859375 0.71435546875 0.29931640625 0.71240234375 0.23291015625 0.35107421875 0.3876953125 0.818359375 0.7919921875 0.7587890625 0.3720703125 0.7978515625 0.24462890625 0.3193359375 0.3681640625 0.7890625 0.25341796875 0.30322265625 0.35791015625 0.7333984375 0.27978515625 0.263671875 0.279296875 0.25341796875 0.86376953125 0.552734375 0.123046875 0.37060546875 0.888671875 0.50341796875 0.09765625 0.35546875 0.89599609375 0.4775390625 0.0810546875 0.35009765625 0.8935546875 0.466796875 0.88232421875 0.4404296875 0.875 0.453125 0.857421875 0.4521484375 0.19287109375 0.68505859375 0.2353515625 0.67041015625 0.2333984375 0.66552734375 0.25634765625 0.65380859375 0.25927734375 0.62939453125 0.26806640625 0.64892578125 0.28466796875 0.64599609375 0.3056640625 0.66259765625 0.314453125 0.65576171875 0.32275390625 0.6640625 0.43017578125 0.49462890625 0.43994140625 0.50244140625 0.44873046875 0.498046875 0.4541015625 0.51904296875 0.46142578125 0.5126953125 0.47021484375 0.54833984375 0.4765625 0.5458984375 0.48193359375 0.58056640625 0.49169921875 0.5791015625 0.4951171875 0.60595703125 0.69482421875 0.21630859375 0.68310546875 0.7958984375 0.68505859375 0.2138671875 0.6748046875 0.77587890625 0.67626953125 0.19970703125 0.66796875 0.17138671875 0.6572265625 0.21240234375 0.64599609375 0.19091796875 0.63525390625 0.1904296875 0.31201171875 0.5537109375 0.29150390625 0.54443359375 0.30517578125 0.5576171875 0.2900390625 0.5712890625 0.306640625 0.6025390625 0.29150390625 0.59521484375 0.283203125 0.638671875 0.27880859375 0.6201171875 0.26806640625 0.6162109375 0.4853515625 0.6064453125 0.49169921875 0.63330078125 0.5009765625 0.630859375 0.505859375 0.70263671875 0.51171875 0.6875 0.85107421875 0.73193359375 0.54345703125 0.64794921875 0.75732421875 0.78076171875 0.25439453125 0.1552734375 0.267578125 0.14892578125 0.24755859375 0.19287109375 0.26025390625 0.193359375 0.24755859375 0.205078125 0.26318359375 0.2060546875 0.25439453125 0.21435546875 0.2568359375 0.22412109375 0.1728515625 0.2314453125 0.1787109375 0.22314453125 0.21435546875 0.19482421875 0.216796875 0.20654296875 0.23046875 0.19189453125 0.2314453125 0.20263671875 0.537109375 0.4638671875 0.47900390625 0.45947265625 0.484375 0.46728515625 0.44580078125 0.48583984375 0.4384765625 0.48486328125 0.43017578125 0.48828125 0.4287109375 0.49365234375 0.75927734375 0.77587890625 0.2529296875 0.1474609375 0.283203125 0.12451171875 0.28857421875 0.1337890625 0.33154296875 0.14599609375 0.32568359375 0.15478515625 0.85888671875 0.43701171875 0.833984375 0.4521484375 0.83837890625 0.46826171875 0.81591796875 0.505859375 0.8251953125 0.5205078125 0.80126953125 0.5380859375 0.810546875 0.54345703125 0.77392578125 0.5947265625 0.02880859375 0.275390625 0.00732421875 0.2646484375 0.015625 0.291015625 0.1103515625 0.69677734375 0.01953125 0.30908203125 0.09765625 0.68310546875 0.86962890625 0.412109375 0.85205078125 0.3759765625 0.26171875 0.58935546875 0.25390625 0.59423828125 0.26171875 0.60107421875 0.25390625 0.60546875 0.2900390625 0.2421875 0.36669921875 0.7119140625 0.32080078125 0.2197265625 0.32080078125 0.23583984375 0.4013671875 0.2138671875 0.474609375 0.1796875 0.47998046875 0.1943359375 0.52392578125 0.15869140625 0.5234375 0.17724609375 0.58642578125 0.16162109375 0.58447265625 0.17919921875 0.60498046875 0.18994140625 0.24609375 0.72900390625 0.74755859375 0.736328125 0.2412109375 0.74755859375 0.75927734375 0.75244140625 0.23291015625 0.7900390625 0.091796875 0.2861328125 0.15625 0.30078125 0.01171875 0.9736328125 0.16552734375 0.4140625 0.052734375 0.93701171875 0.185546875 0.4033203125 0.06201171875 0.9287109375 0.076171875 0.92919921875 0.08251953125 0.90576171875 0.74267578125 0.60498046875 0.71484375 0.61279296875 0.7197265625 0.6357421875 0.72998046875 0.67578125 0.71533203125 0.689453125 0.6044921875 0.3447265625 0.09130859375 0.7314453125 0.23046875 0.3779296875 0.8623046875 0.580078125 0.19189453125 0.38818359375 0.1689453125 0.38671875 0.5224609375 0.056640625 0.517578125 0.05322265625 0.51708984375 0.064453125 0.48291015625 0.07080078125 0.47412109375 0.0869140625 0.4462890625 0.091796875 0.44677734375 0.10595703125 0.1103515625 0.5263671875 0.1337890625 0.53955078125 0.11865234375 0.55859375 0.14111328125 0.56005859375 0.1552734375 0.580078125 0.166015625 0.55419921875 0.521484375 0.43798828125 0.52490234375 0.4267578125 0.51416015625 0.42138671875 0.52490234375 0.41845703125 0.52001953125 0.40576171875 0.43017578125 0.48095703125 0.31298828125 0.53955078125 0.1455078125 0.6474609375 0.123046875 0.65771484375 0.1591796875 0.6767578125 0.1572265625 0.685546875 0.19287109375 0.69091796875 0.0927734375 0.12060546875 0.10205078125 0.10498046875 0.06982421875 0.1044921875 0.0771484375 0.09521484375 0.056640625 0.09326171875 0.0673828125 0.0888671875 0.0634765625 0.07275390625 0.20947265625 0.51904296875 0.8994140625 0.763671875 0.197265625 0.53955078125 0.89990234375 0.77099609375 0.177734375 0.5234375 0.16650390625 0.513671875 0.2275390625 0.39892578125 0.25244140625 0.40380859375 0.140625 0.91552734375 0.4736328125 0.4775390625 0.18505859375 0.91552734375 0.19482421875 0.8828125 0.91259765625 0.626953125 0.89697265625 0.62939453125 0.234375 0.36865234375 0.8427734375 0.625 0.86865234375 0.61767578125 0.0634765625 0.90625 0.1025390625 0.8134765625 0.08056640625 0.810546875 0.0849609375 0.77587890625 0.001953125 0.22998046875 0.00634765625 0.2529296875 0.255859375 0.716796875 0.1826171875 0.5068359375 0.1650390625 0.49365234375 0.14892578125 0.498046875 0.13427734375 0.478515625 0.6474609375 0.01708984375 0.57763671875 0.60986328125 0.611328125 0.0068359375 0.5380859375 0.64453125 0.8349609375 0.17919921875 0.841796875 0.162109375 0.06787109375 0.05419921875 0.87744140625 0.74267578125 0.771484375 0.68017578125 0.56298828125 0.36328125 0.8115234375 0.68408203125 0.5029296875 0.3564453125 0.8232421875 0.6875 0.3193359375 0.33349609375 0.349609375 0.22900390625 0.3447265625 0.2509765625 0.35693359375 0.22265625 0.44189453125 0.23486328125 0.38330078125 0.18115234375 0.23486328125 0.5185546875 0.7412109375 0.73095703125 0.220703125 0.513671875 0.77978515625 0.75146484375 0.783203125 0.767578125 0.0908203125 0.9296875 0.20654296875 0.3994140625 0.10546875 0.77783203125 0.0732421875 0.744140625 0.689453125 0.19921875 0.41845703125 0.49951171875 0.09326171875 0.0185546875 0.12109375 0.00830078125 0.65087890625 0.5654296875 0.88916015625 0.732421875 0.0419921875 0.0654296875 0.0498046875 0.06787109375 0.5361328125 0.4482421875 0.8330078125 0.7392578125 0.83740234375 0.74365234375 0.037109375 0.052734375 0.03076171875 0.0576171875 0.04443359375 0.06005859375 0.314453125 0.669921875 0.63818359375 0.13037109375 0.67626953125 0.73095703125 0.59765625 0.08544921875 0.54833984375 0.7724609375 0.58349609375 0.0615234375 0.00146484375 0.9921875 0.1455078125 0.44287109375 0.150390625 0.42919921875 0.63037109375 0.734375 0.650390625 0.22021484375 0.62255859375 0.205078125 0.11767578125 0.44775390625 0.1435546875 0.45654296875 0.1220703125 0.4619140625 0.61181640625 0.173828125 0.4140625 0.490234375 0.41796875 0.49658203125 0.220703125 0.8544921875 0.2265625 0.86328125 0.17822265625 0.29296875 0.1826171875 0.30517578125 0.31298828125 0.4609375 0.23291015625 0.14208984375 0.23583984375 0.1220703125 0.2373046875 0.14013671875 0.2724609375 0.24853515625 0.28125 0.24169921875 0.06005859375 0.34228515625 0.88330078125 0.435546875 0.03759765625 0.3291015625 0.7626953125 0.58544921875 0.75146484375 0.6181640625 0.19775390625 0.51123046875 0.57666015625 0.03662109375 0.53955078125 0.783203125 0.1123046875 0.9208984375 0.111328125 0.67236328125 0.10107421875 0.6640625 0.1240234375 0.59765625 0.17236328125 0.53955078125 0.17529296875 0.564453125 0.1748046875 0.31591796875 0.23291015625 0.32470703125 -0.265625 0.62890625 -0.23779296875 0.5908203125 -0.2392578125 0.689453125 -0.212890625 0.6484375 -0.26806640625 0.55224609375 -0.27099609375 0.48193359375 -0.24169921875 0.6064453125 -0.24609375 0.53125 -0.30078125 0.51171875 -0.33056640625 0.48193359375 -0.2763671875 0.5625 -0.30712890625 0.53173828125 -0.33349609375 0.55224609375 -0.36328125 0.591796875 -0.31103515625 0.60791015625 -0.34228515625 0.65380859375 -0.33544921875 0.62939453125 -0.333984375 0.697265625 -0.31298828125 0.69287109375 -0.310546875 0.76171875 -0.30029296875 0.666015625 -0.2666015625 0.6962890625 -0.27490234375 0.72998046875 -0.24072265625 0.7568359375 0.24609375 0.150390625 0.57373046875 0.02001953125 0.5048828125 0.787109375 0.00146484375 0.20556640625 0.27734375 0.71240234375 0.337890625 0.09326171875 0.33544921875 0.11083984375 0.42431640625 0.13330078125 0.1455078125 0.5986328125 0.2314453125 0.11083984375 0.88037109375 0.21728515625 0.07421875 0.03369140625 0.1513671875 0.47412109375 0.25537109375 0.052734375 0.44140625 0.44287109375 0.677734375 0.75390625 1.40185546875 1.12109375 0.533203125 0.041015625 0.5576171875 0.0517578125 0.5546875 0.072265625 0.5205078125 0.0791015625 0.32861328125 0.21533203125 0.25927734375 0.55908203125 0.26513671875 0.55419921875 0.3349609375 0.13232421875 0.40869140625 0.16162109375 0.66650390625 0.158203125 0.73193359375 0.7734375 0.82177734375 0.66845703125 0.8134765625 0.66357421875 0.34423828125 0.2578125 0.4375 0.255859375 0.3349609375 0.28076171875 0.43701171875 0.27783203125 0.6640625 0.80859375 0.640625 0.75830078125 0.6396484375 0.30322265625 0.64453125 0.259765625 0.42236328125 0.45263671875 0.416015625 0.45947265625 0.5283203125 0.4521484375 0.38671875 0.44091796875 0.46484375 0.330078125 0.72998046875 0.69970703125 0.6826171875 0.7158203125 0.3955078125 0.1982421875 0.318359375 0.2021484375 0.32763671875 0.16552734375 0.845703125 0.63232421875 0.828125 0.63623046875 0.2470703125 0.03759765625 0.46826171875 0.46630859375 0.009765625 0.06884765625 0.05810546875 0.712890625</float_array>
                    <technique_common>
                        <accessor count="443" source="#uvarray1" stride="2">
                            <param name="S" type="float"/>
                            <param name="T" type="float"/>
                        </accessor>
                    </technique_common>
                </source>
                <source id="colors1">
                    <float_array id="colorarray1" count="344">0.3607843137254902 0.3686274509803922 0.4117647058823529 1 0.29411764705882354 0.29411764705882354 0.29411764705882354 1 0.5529411764705883 0.49411764705882355 0.5725490196078431 1 0.36470588235294116 0.3254901960784314 0.29411764705882354 1 0.48627450980392156 0.45098039215686275 0.5058823529411764 1 0.34901960784313724 0.3333333333333333 0.34509803921568627 1 0.24705882352941178 0.24705882352941178 0.24705882352941178 1 0.27450980392156865 0.25882352941176473 0.25882352941176473 1 0.27450980392156865 0.27450980392156865 0.29411764705882354 1 0.2901960784313726 0.3058823529411765 0.35294117647058826 1 0.3215686274509804 0.2980392156862745 0.29411764705882354 1 0.4666666666666667 0.4588235294117647 0.4117647058823529 1 0.3254901960784314 0.33725490196078434 0.3607843137254902 1 0.30980392156862746 0.3137254901960784 0.30196078431372547 1 0.2980392156862745 0.2980392156862745 0.29411764705882354 1 0.2980392156862745 0.29411764705882354 0.30196078431372547 1 0.5294117647058824 0.47843137254901963 0.45098039215686275 1 0.29411764705882354 0.29411764705882354 0.3058823529411765 1 0.43137254901960786 0.4588235294117647 0.5254901960784314 1 0.34901960784313724 0.30196078431372547 0.24705882352941178 1 0.3137254901960784 0.2823529411764706 0.24705882352941178 1 0.3058823529411765 0.27058823529411763 0.24705882352941178 1 0.29411764705882354 0.27450980392156865 0.2823529411764706 1 0.24705882352941178 0.24705882352941178 0.2549019607843137 1 0.403921568627451 0.3607843137254902 0.396078431372549 1 0.403921568627451 0.34509803921568627 0.30196078431372547 1 0.4666666666666667 0.4117647058823529 0.403921568627451 1 0.36470588235294116 0.2980392156862745 0.2627450980392157 1 0.25882352941176473 0.24705882352941178 0.24705882352941178 1 0.33725490196078434 0.3411764705882353 0.37254901960784315 1 0.37254901960784315 0.3764705882352941 0.4117647058823529 1 0.403921568627451 0.3803921568627451 0.41568627450980394 1 0.40784313725490196 0.396078431372549 0.36470588235294116 1 0.2549019607843137 0.24705882352941178 0.24705882352941178 1 0.29411764705882354 0.29411764705882354 0.30980392156862746 1 0.34509803921568627 0.36470588235294116 0.41568627450980394 1 0.4588235294117647 0.40784313725490196 0.43529411764705883 1 0.3411764705882353 0.35294117647058826 0.37254901960784315 1 0.32941176470588235 0.3411764705882353 0.37254901960784315 1 0.29411764705882354 0.29411764705882354 0.2980392156862745 1 0.3176470588235294 0.3176470588235294 0.32941176470588235 1 0.30196078431372547 0.3058823529411765 0.3254901960784314 1 0.6980392156862745 0.592156862745098 0.5607843137254902 1 0.5686274509803921 0.4745098039215686 0.49019607843137253 1 0.5882352941176471 0.4823529411764706 0.49019607843137253 1 0.26666666666666666 0.25882352941176473 0.24705882352941178 1 0.2784313725490196 0.2784313725490196 0.27450980392156865 1 0.32941176470588235 0.33725490196078434 0.36470588235294116 1 0.32941176470588235 0.30980392156862746 0.29411764705882354 1 0.28627450980392155 0.2901960784313726 0.30980392156862746 1 0.3137254901960784 0.2901960784313726 0.27058823529411763 1 0.2627450980392157 0.24705882352941178 0.24705882352941178 1 0.3176470588235294 0.3254901960784314 0.3568627450980392 1 0.2549019607843137 0.2627450980392157 0.27450980392156865 1 0.3254901960784314 0.30196078431372547 0.3176470588235294 1 0.29411764705882354 0.2980392156862745 0.29411764705882354 1 0.37254901960784315 0.32941176470588235 0.30980392156862746 1 0.2901960784313726 0.3137254901960784 0.3607843137254902 1 0.32941176470588235 0.29411764705882354 0.2823529411764706 1 0.4 0.3686274509803922 0.39215686274509803 1 0.3176470588235294 0.3333333333333333 0.3686274509803922 1 0.29411764705882354 0.30196078431372547 0.32941176470588235 1 0.5568627450980392 0.48627450980392156 0.5450980392156862 1 0.29411764705882354 0.29411764705882354 0.30196078431372547 1 0.48627450980392156 0.42745098039215684 0.4196078431372549 1 0.403921568627451 0.4117647058823529 0.4549019607843137 1 0.33725490196078434 0.3607843137254902 0.403921568627451 1 0.39215686274509803 0.33725490196078434 0.3176470588235294 1 0.8 0.8 0.8 1 0.33725490196078434 0.34509803921568627 0.3803921568627451 1 0.40784313725490196 0.3764705882352941 0.40784313725490196 1 0.3254901960784314 0.3215686274509804 0.3411764705882353 1 0.39215686274509803 0.403921568627451 0.42745098039215684 1 0.2549019607843137 0.2549019607843137 0.27450980392156865 1 0.36470588235294116 0.3607843137254902 0.396078431372549 1 0.3176470588235294 0.30980392156862746 0.29411764705882354 1 0.32941176470588235 0.3333333333333333 0.36470588235294116 1 0.29411764705882354 0.30196078431372547 0.3254901960784314 1 0.2980392156862745 0.3215686274509804 0.3607843137254902 1 0.3137254901960784 0.3176470588235294 0.3333333333333333 1 0.30980392156862746 0.2784313725490196 0.24705882352941178 1 0.34509803921568627 0.3333333333333333 0.3137254901960784 1 0.2980392156862745 0.29411764705882354 0.29411764705882354 1 0.3568627450980392 0.33725490196078434 0.35294117647058826 1 0.396078431372549 0.4 0.4549019607843137 1 0.3411764705882353 0.35294117647058826 0.396078431372549 1</float_array>
                    <technique_common>
                        <accessor count="86" source="#colorarray1" stride="4">
                            <param name="R" type="float"/>
                            <param name="G" type="float"/>
                            <param name="B" type="float"/>
                            <param name="A" type="float"/>
                        </accessor>
                    </technique_common>
                </source>
                <vertices id="vertices1">
                    <input semantic="POSITION" source="#points1"/>
                </vertices>
                <polylist count="437" material="Material1">
                    <input offset="0" semantic="VERTEX" source="#vertices1"/>
                    <input offset="1" semantic="TEXCOORD" source="#uvs1" set="0"/>
                    <input offset="2" semantic="COLOR" source="#colors1" set="0"/>
                    <vcount>3 3 3 3 3 3 3 3 3 3 3 3 3 3 3 3 3 3 3 3 3 3 3 3 3 3 3 3 3 3 3 3 3 3 3 3 3 3 3 3 3 3 3 3 3 3 3 3 3 3 3 3 3 3 3 3 3 3 3 3 3 3 3 3 3 3 3 3 3 3 3 3 3 3 3 3 3 3 3 3 3 3 3 3 3 3 3 3 3 3 3 3 3 3 3 3 3 3 3 3 3 3 3 3 3 3 3 3 3 3 3 3 3 3 3 3 3 3 3 3 3 3 3 3 3 3 3 3 3 3 3 3 3 3 3 3 3 3 3 3 3 3 3 3 3 3 3 3 3 3 3 3 3 3 3 3 3 3 3 3 3 3 3 3 3 3 3 3 3 3 3 3 3 3 3 3 3 3 3 3 3 3 3 3 3 3 3 3 3 3 3 3 3 3 3 3 3 3 3 3 3 3 3 3 3 3 3 3 3 3 3 3 3 3 3 3 3 3 3 3 3 3 3 3 3 3 3 3 3 3 3 3 3 3 3 3 3 3 3 3 3 3 3 3 3 3 3 3 3 3 3 3 3 3 3 3 3 3 3 3 3 3 3 3 3 3 3 3 3 3 3 3 3 3 3 3 3 3 3 3 3 3 3 3 3 3 3 3 3 3 3 3 3 3 3 3 3 3 3 3 3 3 3 3 3 3 3 3 3 3 3 3 3 3 3 3 3 3 3 3 3 3 3 3 3 3 3 3 3 3 3 3 3 3 3 3 3 3 3 3 3 3 3 3 3 3 3 3 3 3 3 3 3 3 3 3 3 3 3 3 3 3 3 3 3 3 3 3 3 3 3 3 3 3 3 3 3 3 3 3 3 3 3 3 3 3 3 3 3 3 3 3 3 3 3 3 3 3 3 3 3 3 3 3 3 3 3 3 3 3 3 3 3 3 3 3 3 3 3 3 3 3 3 3 3 3 3 3 3 3 3 3 3 3 3 3 3</vcount>
                    <p>2 2 2 1 1 1 0 0 0 3 3 3 1 1 1 2 2 2 4 4 4 3 3 3 2 2 2 5 5 1 3 3 3 4 4 4 6 6 5 5 5 1 4 4 4 7 7 6 5 5 1 6 6 5 8 8 1 7 7 6 6 6 5 9 9 6 7 7 6 8 8 1 10 10 7 9 9 6 8 8 1 11 11 6 9 9 6 10 10 7 12 12 1 11 11 6 10 10 7 13 13 6 11 11 6 12 12 1 14 14 1 13 13 6 12 12 1 17 17 6 16 16 9 15 15 8 18 18 6 16 16 9 17 17 6 19 19 6 18 18 6 17 17 6 20 20 6 18 18 6 19 19 6 21 21 6 20 20 6 19 19 6 22 22 6 20 20 6 21 21 6 23 23 6 22 22 6 21 21 6 24 24 6 22 22 6 23 23 6 25 25 6 24 24 6 23 23 6 26 26 10 24 24 6 25 25 6 29 29 13 28 28 12 27 27 11 30 30 1 28 28 12 29 29 13 31 31 1 30 30 1 29 29 13 32 32 1 30 30 1 31 31 1 33 33 1 32 32 1 31 31 1 34 34 1 32 32 1 33 33 1 35 35 1 34 34 1 33 33 1 36 36 1 34 34 1 35 35 1 37 37 14 36 36 1 35 35 1 38 38 1 36 36 1 37 37 14 41 41 1 40 40 1 39 39 1 42 42 1 40 40 1 41 41 1 43 43 1 42 42 1 41 41 1 44 44 1 42 42 1 43 43 1 45 45 1 44 44 1 43 43 1 46 46 1 44 44 1 45 45 1 47 47 1 46 46 1 45 45 1 48 48 1 46 46 1 47 47 1 49 49 1 48 48 1 47 47 1 52 52 1 51 51 6 50 50 1 53 53 6 51 51 6 52 52 1 54 54 1 53 53 6 52 52 1 55 55 6 53 53 6 54 54 1 56 56 1 55 55 6 54 54 1 57 57 6 55 55 6 56 56 1 58 58 1 57 57 6 56 56 1 59 59 6 57 57 6 58 58 1 60 60 1 59 59 6 58 58 1 61 61 1 37 37 14 35 35 1 62 62 1 37 37 14 61 61 1 63 63 1 62 62 1 61 61 1 64 64 1 62 62 1 63 63 1 65 65 1 64 64 1 63 63 1 66 66 1 64 64 1 65 65 1 67 67 1 66 66 1 65 65 1 68 68 1 66 66 1 67 67 1 71 71 1 70 70 1 69 69 1 72 72 1 70 70 1 71 71 1 73 73 1 72 72 1 71 71 1 74 74 15 72 72 1 73 73 1 75 75 1 74 74 15 73 73 1 76 76 16 74 74 15 75 75 1 77 77 17 76 76 16 75 75 1 78 78 18 76 76 16 77 77 17 81 81 1 80 80 1 79 79 1 82 82 1 80 80 1 81 81 1 83 83 1 82 82 1 81 81 1 84 84 1 82 82 1 83 83 1 85 85 1 84 84 1 83 83 1 86 86 1 84 84 1 85 85 1 87 87 1 86 86 1 85 85 1 88 88 1 86 86 1 87 87 1 91 91 1 90 90 1 89 89 1 92 92 6 90 90 1 91 91 1 93 93 1 92 92 6 91 91 1 94 94 1 92 92 6 93 93 1 95 95 1 94 94 1 93 93 1 96 96 1 94 94 1 95 95 1 97 97 1 96 96 1 95 95 1 98 98 1 96 96 1 97 97 1 101 101 6 100 100 6 99 99 1 102 102 6 100 100 6 101 101 6 103 103 19 102 102 6 101 101 6 104 104 6 102 102 6 103 103 19 105 105 6 104 104 6 103 103 19 106 106 6 104 104 6 105 105 6 107 107 20 106 106 6 105 105 6 108 108 21 106 106 6 107 107 20 111 111 6 110 110 23 109 109 22 112 112 23 110 110 23 111 111 6 113 113 24 112 112 23 111 111 6 114 114 6 112 112 23 113 113 24 115 115 6 114 114 6 113 113 24 116 116 6 114 114 6 115 115 6 117 117 6 116 116 6 115 115 6 120 120 6 119 119 6 118 118 6 121 121 6 119 119 6 120 120 6 122 122 6 121 121 6 120 120 6 123 123 6 121 121 6 122 122 6 124 124 1 123 123 6 122 122 6 125 125 1 123 123 6 124 124 1 126 126 1 125 125 1 124 124 1 108 108 21 127 127 6 106 106 6 128 128 1 127 127 6 108 108 21 129 129 25 128 128 1 108 108 21 130 130 1 128 128 1 129 129 25 131 131 26 130 130 1 129 129 25 132 132 27 130 130 1 131 131 26 133 133 28 132 132 27 131 131 26 136 136 1 135 135 29 134 134 1 137 137 1 135 135 29 136 136 1 138 138 1 137 137 1 136 136 1 139 139 1 137 137 1 138 138 1 140 140 1 139 139 1 138 138 1 141 141 30 139 139 1 140 140 1 142 142 31 141 141 30 140 140 1 28 28 12 144 143 1 143 27 32 145 144 1 144 143 1 28 28 12 146 145 1 145 144 1 28 28 12 147 146 1 145 144 1 146 145 1 148 147 1 147 146 1 146 145 1 149 148 1 147 146 1 148 147 1 139 139 1 149 148 1 148 147 1 152 151 6 151 150 6 150 149 6 153 152 33 151 150 6 152 151 6 101 101 6 153 152 33 152 151 6 154 153 6 153 152 33 101 101 6 99 99 1 154 153 6 101 101 6 155 154 1 154 153 6 99 99 1 156 155 1 155 154 1 99 99 1 158 157 17 134 134 1 157 156 1 136 136 1 134 134 1 158 157 17 159 158 34 136 136 1 158 157 17 160 159 1 136 136 1 159 158 34 161 160 35 160 159 1 159 158 34 162 161 36 160 159 1 161 160 35 165 164 1 164 163 1 163 162 1 166 165 37 164 163 1 165 164 1 167 166 1 166 165 37 165 164 1 168 167 38 166 165 37 167 166 1 169 168 1 168 167 38 167 166 1 170 169 1 168 167 38 169 168 1 173 172 1 172 171 1 171 170 1 174 173 1 172 171 1 173 172 1 175 174 1 174 173 1 173 172 1 176 175 1 174 173 1 175 174 1 177 176 1 176 175 1 175 174 1 178 177 1 176 175 1 177 176 1 181 180 1 180 179 1 179 178 1 182 181 6 180 179 1 181 180 1 126 126 1 182 181 6 181 180 1 93 93 1 182 181 6 126 126 1 124 124 1 93 93 1 126 126 1 95 95 1 93 93 1 124 124 1 183 182 39 76 76 16 78 78 18 184 183 40 76 76 16 183 182 39 185 184 1 184 183 40 183 182 39 186 185 1 184 183 40 185 184 1 187 186 1 186 185 1 185 184 1 190 189 1 189 188 41 188 187 1 191 190 42 189 188 41 190 189 1 192 191 1 191 190 42 190 189 1 193 192 43 191 190 42 192 191 1 194 193 44 193 192 43 192 191 1 196 196 1 171 195 1 195 194 1 197 197 1 171 195 1 196 196 1 198 198 1 197 197 1 196 196 1 199 199 1 197 197 1 198 198 1 200 200 1 199 199 1 198 198 1 203 203 6 202 202 6 201 201 6 204 204 45 202 202 6 203 203 6 205 205 6 204 204 45 203 203 6 206 206 6 204 204 45 205 205 6 207 207 46 206 206 6 205 205 6 210 210 1 209 209 1 208 208 1 49 49 1 209 209 1 210 210 1 211 211 1 49 49 1 210 210 1 212 212 1 49 49 1 211 211 1 213 213 1 212 212 1 211 211 1 216 216 1 215 215 1 214 214 47 217 217 1 215 215 1 216 216 1 79 79 1 217 217 1 216 216 1 218 218 1 217 217 1 79 79 1 80 80 1 218 218 1 79 79 1 221 221 1 220 220 6 219 219 1 222 222 1 220 220 6 221 221 1 223 223 6 222 222 1 221 221 1 224 224 1 222 222 1 223 223 6 225 225 1 224 224 1 223 223 6 226 227 1 39 226 1 40 40 1 227 228 1 39 226 1 226 227 1 228 229 1 227 228 1 226 227 1 229 230 1 227 228 1 228 229 1 230 231 6 229 230 1 228 229 1 233 234 1 232 233 6 231 232 6 234 235 1 232 233 6 233 234 1 235 236 1 234 235 1 233 234 1 236 237 6 234 235 1 235 236 1 237 238 6 236 237 6 235 236 1 240 241 1 239 240 1 238 239 1 241 242 1 239 240 1 240 241 1 89 89 1 241 242 1 240 241 1 242 243 1 241 242 1 89 89 1 90 90 1 242 243 1 89 89 1 245 246 1 244 245 1 243 244 1 246 247 1 244 245 1 245 246 1 247 248 1 246 247 1 245 246 1 248 249 1 246 247 1 247 248 1 249 250 1 248 249 1 247 248 1 252 253 1 251 252 6 250 251 1 253 254 6 251 252 6 252 253 1 254 255 6 253 254 6 252 253 1 255 256 6 253 254 6 254 255 6 258 259 6 257 258 6 256 257 6 259 260 48 257 258 6 258 259 6 260 261 6 259 260 48 258 259 6 261 262 6 259 260 48 260 261 6 262 264 1 69 69 1 70 263 1 263 265 1 69 69 1 262 264 1 264 266 1 263 265 1 262 264 1 265 267 17 263 265 1 264 266 1 266 268 6 207 207 46 205 205 6 267 269 49 207 207 46 266 268 6 268 270 50 267 269 49 266 268 6 269 271 33 267 269 49 268 270 50 272 274 1 271 273 1 270 272 1 172 171 1 271 273 1 272 274 1 195 194 1 172 171 1 272 274 1 171 170 1 172 171 1 195 194 1 255 256 6 273 275 1 253 254 6 274 276 1 273 275 1 255 256 6 275 277 6 274 276 1 255 256 6 276 278 6 274 276 1 275 277 6 277 279 6 25 25 6 23 23 6 278 280 6 25 25 6 277 279 6 133 281 28 278 280 6 277 279 6 279 282 51 278 280 6 133 281 28 282 285 6 281 284 1 280 283 6 283 286 1 281 284 1 282 285 6 249 250 1 283 286 1 282 285 6 247 248 1 283 286 1 249 250 1 286 289 1 285 288 1 284 287 1 287 290 1 285 288 1 286 289 1 288 291 1 287 290 1 286 289 1 289 292 1 287 290 1 288 291 1 292 295 1 291 294 1 290 293 1 293 296 52 291 294 1 292 295 1 188 297 1 293 296 52 292 295 1 189 188 41 293 296 52 188 297 1 296 300 6 295 299 6 294 298 6 297 301 6 295 299 6 296 300 6 298 302 6 297 301 6 296 300 6 299 303 6 204 204 45 206 206 6 300 304 6 204 204 45 299 303 6 256 257 6 300 304 6 299 303 6 302 306 54 16 16 9 301 305 53 15 15 8 16 16 9 302 306 54 110 307 23 15 15 8 302 306 54 50 50 1 304 309 6 303 308 1 305 310 6 304 309 6 50 50 1 51 51 6 305 310 6 50 50 1 261 262 6 306 311 6 259 260 48 26 26 10 306 311 6 261 262 6 24 24 6 26 26 10 261 262 6 283 286 1 308 313 1 307 312 1 309 314 1 308 313 1 283 286 1 247 248 1 309 314 1 283 286 1 150 149 6 311 316 6 310 315 6 312 317 6 311 316 6 150 149 6 151 150 6 312 317 6 150 149 6 307 320 1 314 319 55 313 318 1 315 321 1 314 319 55 307 320 1 308 313 1 315 321 1 307 320 1 318 324 6 317 323 57 316 322 56 319 325 58 317 323 57 318 324 6 320 326 59 319 325 58 318 324 6 201 201 6 322 328 6 321 327 6 323 329 6 322 328 6 201 201 6 202 202 6 323 329 6 201 201 6 326 332 62 325 331 61 324 330 60 115 115 6 325 331 61 326 332 62 117 117 6 115 115 6 326 332 62 327 334 1 321 333 6 322 328 6 328 335 6 321 333 6 327 334 1 276 278 6 328 335 6 327 334 1 329 336 63 194 193 44 192 191 1 326 332 62 194 193 44 329 336 63 117 117 6 326 332 62 329 336 63 331 338 1 304 309 6 330 337 1 303 308 1 304 309 6 331 338 1 99 99 1 303 308 1 331 338 1 332 339 1 200 200 1 198 198 1 333 340 1 200 200 1 332 339 1 334 341 1 200 200 1 333 340 1 335 342 1 200 200 1 334 341 1 338 345 1 337 344 1 336 343 64 339 346 1 337 344 1 338 345 1 140 140 1 340 347 65 142 142 31 341 348 1 340 347 65 140 140 1 86 86 1 342 349 1 84 84 1 343 350 1 342 349 1 86 86 1 343 350 1 344 351 1 342 349 1 177 176 1 344 351 1 343 350 1 88 88 1 163 162 1 86 86 1 165 164 1 163 162 1 88 88 1 170 169 1 345 352 66 168 167 38 346 353 1 345 352 66 170 169 1 346 353 1 208 208 1 345 352 66 210 210 1 208 208 1 346 353 1 250 251 1 298 302 6 296 300 6 251 354 6 298 302 6 250 251 1 235 236 1 119 119 6 237 238 6 118 118 6 119 119 6 235 236 1 348 356 67 320 326 59 347 355 6 319 325 58 320 326 59 348 356 67 341 348 1 78 78 18 340 347 65 183 182 39 78 78 18 341 348 1 349 357 6 256 257 6 299 303 6 258 259 6 256 257 6 349 357 6 178 359 1 239 240 1 350 358 1 351 360 1 239 240 1 178 359 1 252 253 1 352 361 6 254 255 6 353 362 6 352 361 6 252 253 1 335 342 1 354 363 1 200 200 1 355 364 1 354 363 1 335 342 1 358 367 68 357 366 1 356 365 1 359 368 68 357 366 1 358 367 68 362 371 68 361 370 1 360 369 6 363 372 68 361 370 1 362 371 68 366 375 68 365 374 1 364 373 1 367 376 68 365 374 1 366 375 68 370 379 68 369 378 1 368 377 1 371 380 68 369 378 1 370 379 68 374 383 68 373 382 1 372 381 1 375 384 68 373 382 1 374 383 68 378 387 68 377 386 1 376 385 1 379 388 68 377 386 1 378 387 68 157 389 1 339 346 1 158 157 17 337 344 1 339 346 1 157 389 1 132 391 27 347 355 6 130 390 1 348 356 67 347 355 6 132 391 27 68 68 1 380 392 1 66 66 1 381 393 1 380 392 1 68 68 1 381 393 1 270 272 1 380 392 1 272 274 1 270 272 1 381 393 1 225 225 1 382 395 69 224 394 1 383 396 1 382 395 69 225 225 1 353 362 6 230 231 6 352 361 6 229 230 1 230 231 6 353 362 6 269 271 33 301 305 53 267 269 49 302 306 54 301 305 53 269 271 33 229 230 1 351 360 1 227 228 1 384 397 1 351 360 1 229 230 1 338 345 1 385 0 70 1 1 1 386 398 71 385 0 70 338 345 1 280 400 6 330 399 1 304 309 6 281 284 1 330 399 1 280 400 6 276 278 6 387 401 1 274 276 1 327 334 1 387 401 1 276 278 6 2 2 2 388 402 72 4 4 4 59 59 6 388 402 72 2 2 2 244 403 1 38 38 1 243 244 1 36 36 1 38 38 1 244 403 1 355 364 1 71 71 1 354 363 1 73 73 1 71 71 1 355 364 1 390 405 6 317 323 57 389 404 73 316 322 56 317 323 57 390 405 6 14 406 1 220 220 6 13 13 6 219 219 1 220 220 6 14 406 1 318 324 6 391 407 1 320 326 59 392 408 6 391 407 1 318 324 6 392 408 6 221 221 1 391 407 1 393 409 6 221 221 1 392 408 6 187 410 1 291 294 1 186 185 1 290 293 1 291 294 1 187 410 1 395 412 1 180 179 1 394 411 1 179 178 1 180 179 1 395 412 1 383 396 1 396 413 74 382 395 69 397 414 75 396 413 74 383 396 1 389 404 73 114 114 6 390 415 6 112 112 23 114 114 6 389 404 73 211 211 1 285 288 1 213 213 1 284 287 1 285 288 1 211 211 1 394 411 1 295 299 6 395 416 1 294 298 6 295 299 6 394 411 1 286 289 1 398 417 1 288 291 1 399 418 1 398 417 1 286 289 1 293 296 52 400 419 1 291 294 1 401 420 76 400 419 1 293 296 52 401 420 76 402 421 1 400 419 1 403 422 77 402 421 1 401 420 76 406 425 79 405 424 1 404 423 78 407 426 1 405 424 1 406 425 79 407 426 1 324 330 60 405 424 1 326 332 62 324 330 60 407 426 1 155 154 1 408 427 80 154 153 6 409 428 6 408 427 80 155 154 1 311 429 6 232 233 6 310 315 6 231 232 6 232 233 6 311 429 6 313 430 1 409 428 6 307 320 1 408 427 80 409 428 6 313 430 1 289 292 1 410 431 1 287 290 1 402 421 1 410 431 1 289 292 1 406 425 79 212 212 1 213 432 1 404 433 78 212 212 1 406 425 79 384 397 1 239 240 1 351 360 1 238 239 1 239 240 1 384 397 1 144 143 1 333 340 1 411 27 81 334 341 1 333 340 1 144 143 1 185 184 1 412 434 82 187 186 1 413 435 83 412 434 82 185 184 1 413 435 83 397 414 75 412 434 82 414 436 84 397 414 75 413 435 83 399 418 1 415 437 1 398 417 1 416 438 1 415 437 1 399 418 1 264 266 1 415 437 1 416 438 1 262 264 1 415 437 1 264 266 1 397 414 75 417 160 85 396 413 74 414 436 84 417 160 85 397 414 75 402 421 1 403 422 77 410 431 1 131 131 26 279 282 51 133 133 28 388 402 72 59 59 6 60 439 1 139 139 1 148 147 1 137 137 1 98 98 1 315 321 1 96 96 1 49 49 1 47 47 1 209 209 1 418 440 6 151 150 6 153 152 33 98 441 1 314 319 55 315 321 1 223 223 6 221 221 1 393 409 6 302 306 54 109 442 22 110 307 23 99 99 1 331 338 1 156 155 1 417 160 85 414 436 84 162 161 36 178 177 1 350 358 1 176 175 1 177 176 1 175 174 1 344 351 1 265 267 17 215 215 1 263 265 1</p>
                </polylist>
            </mesh>
        </geometry>
        <geometry id="mesh2">
            <mesh>
                <source id="points2">
                    <float_array id="pointarray2" count="345">-4628.75 -2819.5 -737.25 -4583.75 -2768.5 -650.25 -4637.5 -2881.75 -680.25 -4537 -2859.5 -437 -4578.25 -3034 -414.75 -4465.5 -2996.75 -239 -4445.75 -3041 -238.5 -4310 -2739.75 -200.5 -4256.75 -2741.75 -185.75 -4317 -2669.25 -259 -4267.75 -2676.75 -241.5 -4387.5 -2569 -492 -4352.25 -2558.25 -497.75 -4355.75 -2462.5 -612.25 -4595.25 -3014.5 -1686.5 -4647.75 -3086.25 -1684.5 -4525.25 -3428 -1910.75 -4570 -3467 -1883.75 -4367.75 -3709.5 -2060 -4423.25 -3737.25 -2011.75 -4312.5 -3858 -2084.5 -4357 -4014 -1949 -4255 -3953 -2087.5 -4261.75 -4058 -2001 -4183 -3946.5 -2122.75 -4194.5 -4070.75 -2017 -3637.5 -4738.75 -1504.75 -3708.5 -4752.75 -1216 -3688 -4783.5 -1191 -3744.75 -4777.25 -1109.25 -3458.25 -4838.25 -1198 -3632.75 -4811.25 -1028.5 -3591.25 -4802.25 -855 -3786.5 -4766.5 -933.75 -3703.25 -4761.25 -732.75 -3959.5 -4692 -881.75 -3728.5 -4725.75 -709 -3999 -4649.75 -890.75 -2964.25 -4807.5 -1367.5 -3307.75 -4816 -1347.25 -3326.25 -4840 -1307.25 -3576.5 -4784.5 -1475.75 -3570.5 -4812.75 -1315.5 -3624.25 -4777.25 -1455.75 -3584.25 -4748 -1527.25 -4231.25 -4174.75 -1888.25 -4327.75 -4171.5 -1832 -4263.25 -4209.5 -1814 -4407.75 -4133 -1704.25 -4369.25 -4185.5 -1659.25 -4498.75 -4102.5 -1552.75 -4450.25 -4161.25 -1503 -4558 -4053.25 -1460.75 -4528.5 -4086.5 -1391.25 -4606.75 -3928.25 -1384.25 -4479 -2527.25 -865.5 -4531 -2583.5 -857.5 -4522.25 -2578.25 -901.5 -4630.75 -2839 -772 -4640 -2909 -709 -4574.5 -3076.5 -413 -2947 -4788.75 -818.25 -3009 -4808 -988 -3055 -4846.25 -988.25 -3017.25 -4848 -1139.5 -3125.25 -4855.25 -1199.75 -2982 -4838.75 -1270 -3014.5 -4834.25 -1331.75 -2929.75 -4815.5 -1301.25 -4602.75 -3768 -1664 -4482.5 -3895.75 -1808.25 -4282 -4148.75 -1894 -3268.25 -4864.25 -1109 -3205.25 -4852.25 -889.75 -3117.5 -4812.25 -771.25 -3291.25 -4812 -652.5 -2974.5 -4778 -673.25 -3269.75 -4774.25 -621.25 -2948 -4741.25 -663 -3366.75 -4801.5 -599 -3378.75 -4839.25 -782.25 -3586.75 -4652.25 -404.5 -3578.5 -4709.5 -457.25 -3523.5 -4715 -453.75 -3350.75 -4760 -563.5 -3524.75 -4657.5 -401.75 -3953.5 -4701.5 -938 -3993.25 -4659.5 -952.5 -4477.5 -2600.25 -617.75 -4440.75 -2709.25 -405.5 -2945.75 -4783.25 -714.5 -2998.25 -4814.25 -829.5 -4387.5 -2481.75 -603.5 -4454 -2831.5 -313 -4754.25 -3234.75 -1393.5 -4689.25 -3249.75 -1634.5 -4667 -3066.25 -1623 -4620.5 -2993.25 -1608.25 -4617.5 -3913 -1450 -4635.5 -3791 -1508.75 -4662.75 -3648 -1544.25 -4625.5 -3792.5 -1469.75 -4655.75 -3648.5 -1505.25 -4754.25 -3234.75 -1393.5 -4658.75 -3464.5 -1688 -4723.75 -3455.5 -1521 -2969 -4820.25 -1156.75 -2916.25 -4747 -708.75 -4507.75 -2533 -826.5 -4754.25 -3234.75 -1393.5 -4728.75 -3229.25 -1347.75 -4259.75 -3834.25 -2121.5 -4695 -3457.5 -1482 -4728.75 -3229.25 -1347.75 -3771.25 -4745.25 -1126.25</float_array>
                    <technique_common>
                        <accessor count="115" source="#pointarray2" stride="3">
                            <param name="X" type="float"/>
                            <param name="Y" type="float"/>
                            <param name="Z" type="float"/>
                        </accessor>
                    </technique_common>
                </source>
                <source id="uvs2">
                    <float_array id="uvarray2" count="224">0.71337890625 1.90283203125 0.71337890625 2.03125 0.76806640625 1.908203125 0.8857421875 2.11376953125 0.98095703125 2.02978515625 1.07568359375 2.2197265625 1.16748046875 1.9521484375 0.927734375 2.47607421875 1.06201171875 2.2421875 0.84130859375 2.46142578125 0.9873046875 2.24072265625 0.64404296875 2.29931640625 0.79736328125 2.1083984375 0.70361328125 2.10693359375 0.5673828125 0.95556640625 0.45556640625 0.98095703125 0.57470703125 0.51220703125 0.4443359375 0.5234375 0.54296875 0.19287109375 0.3994140625 0.17529296875 0.3466796875 0.0205078125 0.4326171875 -0.15234375 0.3232421875 -0.0986328125 0.38525390625 -0.20458984375 0.509765625 -0.07470703125 0.59033203125 -0.15966796875 2.04296875 -0.53564453125 1.921875 -0.31298828125 2.1826171875 -0.41259765625 2.10546875 -0.3427734375 2.39599609375 -0.3134765625 2.201171875 -0.25341796875 2.19921875 -0.0263671875 2.05615234375 -0.17626953125 2.111328125 0.08251953125 1.90234375 -0.103515625 1.92626953125 0.1494140625 1.7294921875 0.01513671875 2.46142578125 -0.2236328125 2.255859375 -0.33740234375 2.537109375 -0.326171875 2.4736328125 -0.6103515625 2.30908203125 -0.43603515625 2.39990234375 -0.62646484375 2.10498046875 -0.5400390625 0.705078125 -0.20751953125 0.5751953125 -0.29443359375 0.77392578125 -0.2080078125 0.6962890625 -0.18212890625 0.88427734375 -0.09765625 0.80419921875 -0.05517578125 0.9736328125 0.02294921875 0.8525390625 0.07421875 1.00390625 0.17236328125 0.94677734375 0.33984375 0.66357421875 1.84326171875 0.54248046875 1.96240234375 0.67724609375 1.78173828125 0.83447265625 1.68212890625 0.88525390625 1.67431640625 1.078125 1.77099609375 2.330078125 0.16455078125 2.33642578125 0.01708984375 2.53369140625 0.0576171875 2.603515625 -0.0322265625 2.6083984375 -0.0966796875 2.671875 -0.09228515625 2.68896484375 -0.14404296875 2.45556640625 -0.171875 0.6494140625 0.3662109375 0.55517578125 0.07177734375 0.48681640625 -0.2890625 2.47607421875 -0.1396484375 2.43212890625 0.0693359375 2.44482421875 0.20849609375 2.33349609375 0.267578125 2.47998046875 0.3388671875 2.1552734375 0.2744140625 2.3125 0.30908203125 2.2841796875 0.3056640625 2.31396484375 0.1171875 1.99462890625 0.443359375 2.158203125 0.4140625 2.185546875 0.43115234375 2.111328125 0.3193359375 2.02197265625 0.455078125 1.8984375 -0.16748046875 1.7197265625 -0.041015625 0.62158203125 2.1689453125 0.84375 2.3271484375 2.5009765625 0.31640625 2.5087890625 0.20166015625 0.54296875 2.2744140625 0.98046875 2.24462890625 0.6142578125 1.03955078125 0.47998046875 0.85009765625 0.4755859375 1.03662109375 0.5908203125 1.0146484375 0.7734375 0.2802734375 0.72314453125 0.37451171875 0.66064453125 0.52197265625 0.86083984375 0.421875 0.80419921875 0.5390625 0.5537109375 0.6328125 0.630859375 0.724609375 2.39501953125 -0.09326171875 2.3330078125 0.2802734375 0.52392578125 2.017578125 0.75341796875 0.9912109375 0.513671875 0.04443359375 0.76318359375 0.72509765625 1.8701171875 -0.23388671875</float_array>
                    <technique_common>
                        <accessor count="112" source="#uvarray2" stride="2">
                            <param name="S" type="float"/>
                            <param name="T" type="float"/>
                        </accessor>
                    </technique_common>
                </source>
                <source id="colors2">
                    <float_array id="colorarray2" count="300">0.5450980392156862 0.396078431372549 0.4235294117647059 1 0.5764705882352941 0.4745098039215686 0.6078431372549019 1 0.49019607843137253 0.34901960784313724 0.3764705882352941 1 0.7490196078431373 0.5568627450980392 0.615686274509804 1 0.6745098039215687 0.5098039215686274 0.4470588235294118 1 0.8549019607843137 0.6509803921568628 0.5764705882352941 1 0 0 0 1 0.8862745098039215 0.8862745098039215 0.8862745098039215 1 0.0784313725490196 0.01568627450980392 0.03137254901960784 1 0.8862745098039215 0.6705882352941176 0.8862745098039215 1 0.7490196078431373 0.6274509803921569 0.8862745098039215 1 0.26666666666666666 0.27058823529411763 0.16470588235294117 1 0.21176470588235294 0.21568627450980393 0.10588235294117647 1 0.15294117647058825 0.15294117647058825 0.03529411764705882 1 0.09411764705882353 0.09411764705882353 0 1 0.10980392156862745 0.11764705882352941 0 1 0.0392156862745098 0.047058823529411764 0 1 0.07450980392156863 0.08235294117647059 0 1 0.06274509803921569 0.07058823529411765 0 1 0.07450980392156863 0.0784313725490196 0 1 0.03137254901960784 0.03137254901960784 0 1 0.07058823529411765 0.054901960784313725 0 1 0.10588235294117647 0.08627450980392157 0 1 0.21176470588235294 0.1607843137254902 0 1 0.3215686274509804 0.25882352941176473 0.08235294117647059 1 0.13333333333333333 0.043137254901960784 0 1 0.21568627450980393 0.12941176470588237 0.07058823529411765 1 0.00784313725490196 0.01568627450980392 0 1 0.03529411764705882 0.03529411764705882 0 1 0.054901960784313725 0.054901960784313725 0 1 0.09411764705882353 0.10196078431372549 0 1 0.13725490196078433 0.1411764705882353 0.00784313725490196 1 0.17647058823529413 0.17647058823529413 0.03529411764705882 1 0.23529411764705882 0.2196078431372549 0.07058823529411765 1 0.050980392156862744 0.027450980392156862 0 1 0.4470588235294118 0.36470588235294116 0.25098039215686274 1 0.4196078431372549 0.4588235294117647 0.615686274509804 1 0.06274509803921569 0.043137254901960784 0 1 0.0392156862745098 0.023529411764705882 0 1 0.027450980392156862 0.023529411764705882 0 1 0.0196078431372549 0.01568627450980392 0 1 0.24705882352941178 0.23921568627450981 0.10980392156862745 1 0.16862745098039217 0.16862745098039217 0.0392156862745098 1 0.047058823529411764 0.0392156862745098 0 1 0.09411764705882353 0.07058823529411765 0 1 0.13725490196078433 0.10196078431372549 0 1 0.22745098039215686 0.16470588235294117 0.00392156862745098 1 0.2784313725490196 0.19607843137254902 0.027450980392156862 1 0.16470588235294117 0.058823529411764705 0 1 0.27450980392156865 0.19607843137254902 0.03137254901960784 1 0.13333333333333333 0.09803921568627451 0 1 0.27058823529411763 0.18823529411764706 0.03529411764705882 1 0.403921568627451 0.28627450980392155 0.10980392156862745 1 0.10980392156862745 0.10196078431372549 0 1 0.6 0.5333333333333333 0.7333333333333333 1 0.807843137254902 0.6352941176470588 0.7568627450980392 1 0.1450980392156863 0.10980392156862745 0 1 0.5215686274509804 0.49019607843137253 0.7215686274509804 1 0.8431372549019608 0.6 0.6078431372549019 1 0.42745098039215684 0.4 0.2784313725490196 1 0.2823529411764706 0.2901960784313726 0.17647058823529413 1 0.29411764705882354 0.3411764705882353 0.23137254901960785 1 0.12941176470588237 0.17254901960784313 0.2823529411764706 1 0.30980392156862746 0.29411764705882354 0.1568627450980392 1 0.3607843137254902 0.32941176470588235 0.19607843137254902 1 0.3686274509803922 0.33725490196078434 0.20392156862745098 1 0.4823529411764706 0.39215686274509803 0.2901960784313726 1 0.4588235294117647 0.37254901960784315 0.2549019607843137 1 0.4117647058823529 0.3764705882352941 0.2549019607843137 1 0.26666666666666666 0.27058823529411763 0.1450980392156863 1 0.4588235294117647 0.49411764705882355 0.6784313725490196 1 0.44313725490196076 0.4235294117647059 0.3058823529411765 1 0.5529411764705883 0.38823529411764707 0.37254901960784315 1 0.43137254901960786 0.34901960784313724 0.21568627450980393 1 0.4745098039215686 0.3764705882352941 0.24705882352941178 1</float_array>
                    <technique_common>
                        <accessor count="75" source="#colorarray2" stride="4">
                            <param name="R" type="float"/>
                            <param name="G" type="float"/>
                            <param name="B" type="float"/>
                            <param name="A" type="float"/>
                        </accessor>
                    </technique_common>
                </source>
                <vertices id="vertices2">
                    <input semantic="POSITION" source="#points2"/>
                </vertices>
                <polylist count="172" material="Material1">
                    <input offset="0" semantic="VERTEX" source="#vertices2"/>
                    <input offset="1" semantic="TEXCOORD" source="#uvs2" set="0"/>
                    <input offset="2" semantic="COLOR" source="#colors2" set="0"/>
                    <vcount>3 3 3 3 3 3 3 3 3 3 3 3 3 3 3 3 3 3 3 3 3 3 3 3 3 3 3 3 3 3 3 3 3 3 3 3 3 3 3 3 3 3 3 3 3 3 3 3 3 3 3 3 3 3 3 3 3 3 3 3 3 3 3 3 3 3 3 3 3 3 3 3 3 3 3 3 3 3 3 3 3 3 3 3 3 3 3 3 3 3 3 3 3 3 3 3 3 3 3 3 3 3 3 3 3 3 3 3 3 3 3 3 3 3 3 3 3 3 3 3 3 3 3 3 3 3 3 3 3 3 3 3 3 3 3 3 3 3 3 3 3 3 3 3 3 3 3 3 3 3 3 3 3 3 3 3 3 3 3 3 3 3 3 3 3 3 3 3 3 3 3 3</vcount>
                    <p>2 2 2 1 1 1 0 0 0 3 3 3 1 1 1 2 2 2 4 4 4 3 3 3 2 2 2 5 5 5 3 3 3 4 4 4 6 6 6 5 5 5 4 4 4 7 7 7 5 5 5 6 6 6 8 8 8 7 7 7 6 6 6 9 9 9 7 7 7 8 8 8 10 10 6 9 9 9 8 8 8 11 11 10 9 9 9 10 10 6 12 12 6 11 11 10 10 10 6 13 13 6 11 11 10 12 12 6 16 16 6 15 15 11 14 14 6 17 17 12 15 15 11 16 16 6 18 18 6 17 17 12 16 16 6 19 19 13 17 17 12 18 18 6 20 20 14 19 19 13 18 18 6 21 21 15 19 19 13 20 20 14 22 22 16 21 21 15 20 20 14 23 23 17 21 21 15 22 22 16 24 24 6 23 23 17 22 22 16 25 25 6 23 23 17 24 24 6 28 28 18 27 27 6 26 26 6 29 29 19 27 27 6 28 28 18 30 30 20 29 29 19 28 28 18 31 31 21 29 29 19 30 30 20 32 32 22 31 31 21 30 30 20 33 33 22 31 31 21 32 32 22 34 34 23 33 33 22 32 32 22 35 35 24 33 33 22 34 34 23 36 36 25 35 35 24 34 34 23 37 37 26 35 35 24 36 36 25 40 40 6 39 39 6 38 38 6 41 41 27 39 39 6 40 40 6 30 30 20 41 41 27 40 40 6 42 42 28 41 41 27 30 30 20 28 28 18 42 42 28 30 30 20 43 43 29 42 42 28 28 28 18 26 26 6 43 43 29 28 28 18 44 44 6 43 43 29 26 26 6 47 47 6 46 46 30 45 45 6 48 48 31 46 46 30 47 47 6 49 49 6 48 48 31 47 47 6 50 50 32 48 48 31 49 49 6 51 51 6 50 50 32 49 49 6 52 52 33 50 50 32 51 51 6 53 53 34 52 52 33 51 51 6 54 54 35 52 52 33 53 53 34 57 57 6 56 56 36 55 55 6 0 0 0 56 56 36 57 57 6 58 58 6 0 0 0 57 57 6 2 2 2 0 0 0 58 58 6 59 59 6 2 2 2 58 58 6 4 4 4 2 2 2 59 59 6 60 60 6 4 4 4 59 59 6 6 6 6 4 4 4 60 60 6 63 63 37 62 62 6 61 61 6 64 64 38 62 62 6 63 63 37 65 65 39 64 64 38 63 63 37 66 66 40 64 64 38 65 65 39 40 40 6 66 66 40 65 65 39 67 67 6 66 66 40 40 40 6 38 38 6 67 67 6 40 40 6 68 68 6 67 67 6 38 38 6 19 19 13 69 69 41 17 17 12 70 70 42 69 69 41 19 19 13 21 21 15 70 70 42 19 19 13 46 46 30 70 70 42 21 21 15 71 71 17 46 46 30 21 21 15 45 45 6 46 46 30 71 71 17 25 25 6 45 45 6 71 71 17 63 63 37 72 72 43 65 65 39 73 73 44 72 72 43 63 63 37 74 74 45 73 73 44 63 63 37 75 75 46 73 73 44 74 74 45 76 76 47 75 75 46 74 74 45 77 77 6 75 75 46 76 76 47 78 78 48 77 77 6 76 76 47 32 32 22 79 79 49 34 34 23 80 80 50 79 79 49 32 32 22 30 30 20 80 80 50 32 32 22 72 72 43 80 80 50 30 30 20 40 40 6 72 72 43 30 30 20 65 65 39 72 72 43 40 40 6 34 34 23 81 81 6 36 36 25 82 82 51 81 81 6 34 34 23 79 79 49 82 82 51 34 34 23 83 83 52 82 82 51 79 79 49 84 84 6 83 83 52 79 79 49 85 85 6 83 83 52 84 84 6 33 33 22 29 29 19 31 31 21 86 86 53 29 29 19 33 33 22 35 35 24 86 86 53 33 33 22 87 87 6 86 86 53 35 35 24 37 37 26 87 87 6 35 35 24 1 1 1 56 56 36 0 0 0 88 88 54 56 56 36 1 1 1 89 89 55 88 88 54 1 1 1 9 9 9 88 88 54 89 89 55 7 7 7 9 9 9 89 89 55 74 74 45 90 90 56 76 76 47 91 91 44 90 90 56 74 74 45 63 63 37 91 91 44 74 74 45 61 61 6 91 91 44 63 63 37 11 11 10 88 88 54 9 9 9 92 92 57 88 88 54 11 11 10 13 13 6 92 92 57 11 11 10 55 55 6 92 92 57 13 13 6 3 3 3 89 89 55 1 1 1 93 93 58 89 89 55 3 3 3 5 5 5 93 93 58 3 3 3 7 7 7 93 93 58 5 5 5 96 96 61 95 95 60 94 94 59 15 15 11 95 95 60 96 96 61 97 97 62 15 15 11 96 96 61 14 14 6 15 15 11 97 97 62 50 50 32 69 69 41 70 70 42 98 98 63 69 69 41 50 50 32 52 52 33 98 98 63 50 50 32 54 54 35 98 98 63 52 52 33 99 99 64 69 69 41 98 98 63 100 100 65 69 69 41 99 99 64 101 101 66 100 100 65 99 99 64 102 102 67 100 100 65 101 101 66 104 103 69 103 94 68 95 95 60 105 104 65 103 94 68 104 103 69 100 100 65 105 104 65 104 103 69 102 102 67 105 104 65 100 100 65 64 64 38 106 105 6 62 62 6 68 68 6 106 105 6 64 64 38 66 66 40 68 68 6 64 64 38 67 67 6 68 68 6 66 66 40 104 103 69 17 17 12 69 69 41 15 15 11 17 17 12 104 103 69 95 95 60 15 15 11 104 103 69 80 80 50 75 75 46 79 79 49 73 73 44 75 75 46 80 80 50 72 72 43 73 73 44 80 80 50 90 90 56 78 78 48 76 76 47 107 106 6 78 78 48 90 90 56 61 61 6 107 106 6 90 90 56 108 107 70 56 56 36 88 88 54 55 55 6 56 56 36 108 107 70 92 92 57 55 55 6 108 107 70 110 108 72 96 96 61 109 94 71 97 97 62 96 96 61 110 108 72 22 22 16 111 109 6 24 24 6 20 20 14 111 109 6 22 22 16 81 81 6 83 83 52 85 85 6 82 82 51 83 83 52 81 81 6 112 110 73 105 104 65 102 102 67 113 108 74 105 104 65 112 110 73 84 84 6 75 75 46 77 77 6 79 79 49 75 75 46 84 84 6 99 99 64 54 54 35 101 101 66 98 98 63 54 54 35 99 99 64 48 48 31 70 70 42 46 46 30 50 50 32 70 70 42 48 48 31 71 71 17 23 23 17 25 25 6 21 21 15 23 23 17 71 71 17 43 43 29 41 41 27 42 42 28 44 44 6 41 41 27 43 43 29 87 87 6 29 29 19 86 86 53 114 111 6 29 29 19 87 87 6 18 18 6 111 109 6 20 20 14 105 104 65 113 108 74 103 94 68 41 41 27 44 44 6 39 39 6 29 29 19 114 111 6 27 27 6 61 61 6 90 90 56 91 91 44 104 103 69 69 69 41 100 100 65 7 7 7 89 89 55 93 93 58 92 92 57 108 107 70 88 88 54</p>
                </polylist>
            </mesh>
        </geometry>
        <geometry id="mesh3">
            <mesh>
                <source id="points3">
                    <float_array id="pointarray3" count="477">-4703.25 -3027.25 -842.5 -4684.5 -2895.25 -839.5 -4676.25 -2923.75 -783 -4658.5 -2821.75 -855.75 -4646.5 -2841.25 -802.5 -4646 -2773.5 -897 -4632.5 -2786 -850 -4563.75 -2594 -970.5 -4539 -2584.25 -931.5 -4531 -2543 -969.25 -4500.75 -2526.5 -929.5 -4504 -2498 -1020.75 -4470.25 -2475.5 -988.5 -4482.5 -2475.5 -1340.25 -4444 -2447.5 -1349.75 -4438 -2451.25 -1462 -4391 -2421.25 -1487.25 -4437.25 -2489 -1541.5 -4390.25 -2462.75 -1576.5 -4528.25 -2832.75 -1691.5 -3428 -1992 -1652.25 -3540.5 -2096.5 -1832.75 -3404.75 -1959.5 -1703.25 -3517.25 -2076 -1871.25 -3186.75 -1992.25 -1821.5 -3343.75 -2114.25 -1972.5 -3148 -2243.5 -2081.25 -3526.25 -2261.5 -2104 -3485.25 -2546 -2352.5 -3757.5 -2524.5 -2254 -3572.25 -2659.75 -2404 -3670.75 -3058.5 -2543.75 -3547.25 -2699.25 -2406.5 -3653 -3073.25 -2530.25 -3793.5 -4571 -1768.75 -3531.5 -4705 -1629.75 -3765.75 -4573.25 -1789.25 -3519 -4699.75 -1657.5 -3645.75 -4602.25 -1818.75 -3481.5 -4566.75 -1946.25 -3907.5 -4390.75 -1988.25 -3859.25 -4253 -2168.25 -3882.25 -4213.75 -2167 -3660.75 -4232.25 -2279 -3666.75 -4181.25 -2280.5 -3312.75 -4228.5 -2322.5 -4064 -2869.25 59.25 -3958 -2950 166.75 -4099.5 -2911.25 97.75 -3984.75 -2984.25 207 -4020.75 -3193.25 234.75 -3797.25 -3228.25 348 -3969.75 -3471 253.25 -3751 -3586.25 343.25 -3728 -3618.75 325.5 -3640.5 -3569.25 380 -3609.75 -3627.25 361.75 -3348.25 -3247.5 387.75 -4137 -2797.5 -30.25 -4176.25 -2829.5 -4.25 -4261 -2953.25 -26.5 -4221.5 -3183 80.75 -4398.75 -3195 -95.75 -4336.5 -3410.25 -18.5 -4480.5 -3377.25 -169 -4456.75 -3411 -191.5 -4616.25 -3339 -420.75 -4543.5 -2595.25 -1418.75 -4622.75 -2674.5 -1216.5 -4624 -2821.5 -1445 -4672.25 -2770.25 -1054.25 -4709 -2954 -1249.75 -4727 -3087 -1039.25 -4738.75 -3166.75 -1226 -4723.75 -3134.5 -1001.25 -4736.5 -3229.5 -1218 -3626 -2164.75 -1904.5 -3611.75 -2166 -1962.25 -3767.25 -2372.5 -2119 -3825.5 -2548.25 -2209.5 -4024 -2895.75 -2321.5 -3802.75 -3227.75 -2518.75 -3824 -3195.75 -2530.75 -3942.5 -3219.75 -2491 -4069.75 -3066.5 -2386.25 -4066 -3159.75 -2418.75 -4075.25 -3179.25 -2385.75 -3934.5 -3248.75 -2469.5 -3950.5 -3508.25 237.75 -4131.5 -3490.75 123 -4136.75 -3458.25 150.25 -4330 -3449.75 -41.25 -3296 -4505 -2055.25 -3312.5 -4281.5 -2326 -3184 -4334 -2283.75 -3178.5 -4285.5 -2279 -3441.75 -3247 396.5 -3475.5 -3154.25 376.5 -3423 -3119.75 335.5 -3709 -3016 291.75 -4729 -3224.5 -1292.5 -4731.75 -3162.5 -1290.75 -4597 -2883 -1599.25 -3840.75 -2226.5 -1858.5 -3809.25 -2212 -1923 -3809.25 -2398.25 -2091 -4708.75 -2987 -891.5 -3032.25 -4585 -1950.75 -3037.5 -4692.75 -1675 -2868.25 -4587.5 -1871 -2753.5 -4580.75 -1768 -2718.5 -4529.75 -1849.25 -2681.25 -4523.5 -1834 -2721 -4497.5 -1913.5 -4434.75 -3104.75 -161.25 -4398.75 -3195 -95.75 -4554.75 -3220.5 -283.75 -4604 -3325.5 -357.25 -4636.25 -3253.25 -479.5 -2821 -1976.75 -1594.25 -3103.25 -1901.5 -1586.25 -3320 -1895 -1552.75 -3405.75 -1929.75 -1485.75 -2945.5 -4496.75 -2063.5 -3277.75 -4702.25 -1713 -3019.5 -4698 -1647.75 -2718.5 -4577.75 -1747.25 -3734.5 -3049.5 329.25 -4627.25 -3238.5 -421 -4615.75 -3174.75 -407.25 -4455.25 -3077.25 -226.5 -2974.75 -2124.25 -1931.25 -2821 -1976.75 -1594.25 -2747.75 -2089.75 -1803.75 -2801.25 -2029.25 -1505.25 -2705 -2164.25 -1803 -3079.25 -4419 -2181.5 -3064.75 -4382 -2174.25 -2951.25 -4466 -2055.25 -4575.25 -2909.75 -1641.75 -4557.75 -2816 -1642.75 -3274.75 -4707.25 -1689.75 -3353.5 -4701 -1706.75 -3355.75 -4706 -1683 -4618 -3141.25 -461.25 -2756.25 -4505.25 -1924 -3108.75 -1955.75 -1511.75 -2821 -1976.75 -1594.25 -3435.5 -2550.5 -2338.5 -3149.25 -2278.5 -2100.25 -2977.25 -2200.5 -1934.5 -3992.25 -2890.75 -2359.75 -4215.25 -2763.75 -138.25 -4247.5 -2819.5 -79.25 -4247.5 -2819.5 -79.25 -4247.5 -2819.5 -79.25 -4215.25 -2763.75 -138.25 -4092 -3100.75 -2356.25 -3941.5 -4366.75 -1979.5</float_array>
                    <technique_common>
                        <accessor count="159" source="#pointarray3" stride="3">
                            <param name="X" type="float"/>
                            <param name="Y" type="float"/>
                            <param name="Z" type="float"/>
                        </accessor>
                    </technique_common>
                </source>
                <source id="uvs3">
                    <float_array id="uvarray3" count="306">0.5078125 0.7421875 0.501953125 0.8876953125 0.5029296875 0.79736328125 0.482421875 0.916015625 0.484375 0.82568359375 0.4619140625 0.92431640625 0.46435546875 0.8349609375 0.39892578125 0.98095703125 0.40576171875 0.89599609375 0.38427734375 1.00390625 0.39208984375 0.9208984375 0.35693359375 1.0078125 0.3662109375 0.92578125 0.27587890625 0.9033203125 0.287109375 0.8232421875 0.2412109375 0.86767578125 0.25439453125 0.78759765625 0.2333984375 0.82470703125 0.24658203125 0.7451171875 0.30078125 0.56884765625 -0.001953125 0.8671875 0.021484375 0.78173828125 -0.06201171875 0.91357421875 -0.03662109375 0.8310546875 -0.11572265625 0.84326171875 -0.07568359375 0.7744140625 -0.1171875 0.7080078125 -0.03564453125 0.70361328125 -0.0478515625 0.53125 0.01513671875 0.56689453125 -0.02978515625 0.47119140625 -0.01123046875 0.25732421875 0.01611328125 0.416015625 0.04052734375 0.23486328125 0.4697265625 0.1806640625 0.63134765625 0.2216796875 0.28759765625 0.6259765625 0.40576171875 0.7197265625 0.34375 0.61865234375 0.3994140625 0.56884765625 0.21923828125 0.48095703125 0.24267578125 0.357421875 0.291015625 0.0556640625 0.3369140625 0.2978515625 0.28125 -0.0009765625 0.240234375 -0.037109375 0.7548828125 1.08056640625 0.8134765625 1.078125 0.83203125 1.13037109375 0.89111328125 1.1123046875 0.884765625 1.0205078125 0.95654296875 1.0244140625 0.916015625 0.92041015625 0.98095703125 0.8759765625 0.92431640625 0.82470703125 1.005859375 0.88525390625 0.95166015625 0.82861328125 1.01416015625 0.99169921875 0.69482421875 1.08984375 0.7763671875 1.15087890625 0.75048828125 1.08154296875 0.802734375 0.9970703125 0.75048828125 0.95751953125 0.8095703125 0.884765625 0.76513671875 0.8583984375 0.712890625 0.77734375 0.64599609375 0.7392578125 0.29150390625 0.830078125 0.3359375 0.81396484375 0.33935546875 0.72802734375 0.3984375 0.8310546875 0.4033203125 0.75146484375 0.50048828125 0.78125 0.46484375 0.63818359375 0.50048828125 0.69140625 0.46826171875 0.55517578125 0.0458984375 0.7490234375 -0.001953125 0.79931640625 0.01904296875 0.6650390625 0.080078125 0.52294921875 0.1298828125 0.3564453125 0.07958984375 0.16943359375 0.0302734375 0.18798828125 0.06591796875 0.181640625 0.1015625 0.283203125 0.10302734375 0.228515625 0.1513671875 0.220703125 0.11572265625 0.17041015625 0.86572265625 0.8466796875 0.818359375 0.8271484375 0.8759765625 0.8984375 0.76025390625 0.7958984375 0.50537109375 0.478515625 0.4931640625 0.28515625 0.5537109375 0.31787109375 0.20556640625 -0.0283203125 1.05615234375 1.00244140625 1.04931640625 1.03466796875 0.9892578125 1.0419921875 0.90966796875 1.07666015625 0.4521484375 0.53369140625 0.4482421875 0.6162109375 0.31640625 0.6357421875 0.09130859375 0.7314453125 0.03564453125 0.78564453125 0.07763671875 0.60986328125 0.5078125 0.83251953125 0.630859375 0.54345703125 0.6318359375 0.703125 0.7294921875 0.58203125 0.76416015625 0.62451171875 0.77978515625 0.57177734375 1.10595703125 0.17431640625 1.11376953125 0.14013671875 0.7275390625 0.98583984375 0.69140625 0.865234375 0.703125 0.8330078125 0.615234375 0.75048828125 -0.205078125 0.90283203125 -0.140625 0.93701171875 -0.09033203125 0.9619140625 -0.0068359375 0.935546875 0.6572265625 0.46533203125 0.5185546875 0.69091796875 0.91357421875 0.22216796875 1.0703125 0.20361328125 0.98876953125 1.08984375 0.66748046875 0.8564453125 0.6611328125 0.88818359375 0.66064453125 0.900390625 -0.15625 0.7724609375 -0.2099609375 0.81591796875 -0.15576171875 0.89111328125 -0.15869140625 0.76318359375 0.60791015625 0.39111328125 0.142578125 0.00537109375 1.0712890625 0.087890625 0.326171875 0.55322265625 0.291015625 0.650390625 0.7783203125 0.18896484375 0.48291015625 0.69482421875 0.72802734375 0.1904296875 0.60205078125 0.79931640625 0.7607421875 0.5302734375 -0.07958984375 0.91455078125 -0.005859375 0.48974609375 -0.06298828125 0.64501953125 -0.1015625 0.71435546875 0.076171875 0.3759765625 0.65380859375 1.083984375 0.73779296875 1.14013671875 0.15283203125 0.26123046875 0.34423828125 0.12109375</float_array>
                    <technique_common>
                        <accessor count="153" source="#uvarray3" stride="2">
                            <param name="S" type="float"/>
                            <param name="T" type="float"/>
                        </accessor>
                    </technique_common>
                </source>
                <source id="colors3">
                    <float_array id="colorarray3" count="364">0.23137254901960785 0.1411764705882353 0.047058823529411764 1 0.5843137254901961 0.43529411764705883 0.4235294117647059 1 0 0 0 1 0.6666666666666666 0.48627450980392156 0.6392156862745098 1 0.4 0.25882352941176473 0.3254901960784314 1 0.5294117647058824 0.49019607843137253 0.6784313725490196 1 0.3843137254901961 0.2549019607843137 0.36470588235294116 1 0.5529411764705883 0.5098039215686274 0.7176470588235294 1 0.4392156862745098 0.28627450980392155 0.2549019607843137 1 0.49019607843137253 0.4823529411764706 0.6862745098039216 1 0.4235294117647059 0.2627450980392157 0.27058823529411763 1 0.4549019607843137 0.49019607843137253 0.6784313725490196 1 0 0 0.03529411764705882 1 0.34509803921568627 0.40784313725490196 0.5450980392156862 1 0.30196078431372547 0.36470588235294116 0.4745098039215686 1 0.2549019607843137 0.3215686274509804 0.38823529411764707 1 0 0 0.03137254901960784 1 0.17254901960784313 0.22745098039215686 0.3411764705882353 1 0.21568627450980393 0.28627450980392155 0.40784313725490196 1 0.17254901960784313 0.23921568627450981 0.27450980392156865 1 0.16470588235294117 0.24705882352941178 0.17254901960784313 1 0.1411764705882353 0.13333333333333333 0.043137254901960784 1 0.1843137254901961 0.23921568627450981 0.15294117647058825 1 0.1450980392156863 0.13333333333333333 0.03529411764705882 1 0.19607843137254902 0.23921568627450981 0.15294117647058825 1 0.12549019607843137 0.11372549019607843 0.011764705882352941 1 0.07450980392156863 0.06274509803921569 0 1 0.03529411764705882 0.047058823529411764 0 1 0.027450980392156862 0.0392156862745098 0 1 0.054901960784313725 0.06274509803921569 0 1 0.050980392156862744 0.058823529411764705 0 1 0.06274509803921569 0.08627450980392157 0.1803921568627451 1 0.8862745098039215 0.8862745098039215 0.8862745098039215 1 0.8862745098039215 0.8862745098039215 0.6627450980392157 1 0.8392156862745098 0.8392156862745098 0.8392156862745098 1 0.8156862745098039 0.6392156862745098 0.4392156862745098 1 0.8196078431372549 0.6431372549019608 0.44313725490196076 1 0.8196078431372549 0.6039215686274509 0.44313725490196076 1 0.13725490196078433 0.17254901960784313 0.29411764705882354 1 0.8627450980392157 0.6784313725490196 0.6078431372549019 1 0.8862745098039215 0.796078431372549 0.596078431372549 1 0.8666666666666667 0.7372549019607844 0.5764705882352941 1 0.8313725490196079 0.6745098039215687 0.4745098039215686 1 0.7568627450980392 0.5803921568627451 0.41568627450980394 1 0.30980392156862746 0.3686274509803922 0.45098039215686275 1 0.32941176470588235 0.37254901960784315 0.4588235294117647 1 0.2823529411764706 0.4 0.3607843137254902 1 0.5019607843137255 0.4117647058823529 0.36470588235294116 1 0.4549019607843137 0.4392156862745098 0.32941176470588235 1 0.4588235294117647 0.4 0.29411764705882354 1 0.396078431372549 0.3803921568627451 0.2549019607843137 1 0.07450980392156863 0.0196078431372549 0 1 0.2549019607843137 0.3333333333333333 0.4823529411764706 1 0.17647058823529413 0.2549019607843137 0.16862745098039217 1 0 0 0.0196078431372549 1 0.0784313725490196 0.07058823529411765 0 1 0.03529411764705882 0.027450980392156862 0 1 0.1843137254901961 0.18823529411764706 0.09019607843137255 1 0.11764705882352941 0.11764705882352941 0.023529411764705882 1 0.796078431372549 0.6313725490196078 0.43529411764705883 1 0.01568627450980392 0 0 1 0.03137254901960784 0.0392156862745098 0 1 0.3686274509803922 0.3568627450980392 0.23137254901960785 1 0.19215686274509805 0.24705882352941178 0.1607843137254902 1 0 0 0.01568627450980392 1 0.23529411764705882 0.2980392156862745 0.4 1 0.5607843137254902 0.47058823529411764 0.3803921568627451 1 0.8392156862745098 0.6392156862745098 0.6196078431372549 1 0.8352941176470589 0.7254901960784313 0.5607843137254902 1 0.7176470588235294 0.5882352941176471 0.47058823529411764 1 0.8196078431372549 0.6196078431372549 0.4588235294117647 1 0.19215686274509805 0.24313725490196078 0.3333333333333333 1 0.3254901960784314 0.4117647058823529 0.596078431372549 1 0.2901960784313726 0.3803921568627451 0.5607843137254902 1 0 0 0.050980392156862744 1 0.9411764705882353 0.7176470588235294 0.7568627450980392 1 0.7176470588235294 0.5607843137254902 0.42745098039215684 1 0.6392156862745098 0.5372549019607843 0.45098039215686275 1 0.058823529411764705 0.10196078431372549 0.19215686274509805 1 0.12941176470588237 0.11372549019607843 0.023529411764705882 1 0.21568627450980393 0.26666666666666666 0.34901960784313724 1 0.12549019607843137 0.10980392156862745 0.03529411764705882 1 0.22745098039215686 0.2784313725490196 0.18823529411764706 1 0.050980392156862744 0.08627450980392157 0.14901960784313725 1 0.16862745098039217 0.2196078431372549 0.3137254901960784 1 0.2 0.22745098039215686 0.13725490196078433 1 0.047058823529411764 0.08627450980392157 0.1843137254901961 1 0.8862745098039215 0.6980392156862745 0.8862745098039215 1 0.8431372549019608 0.6666666666666666 0.8509803921568627 1 0.8 0.6352941176470588 0.8196078431372549 1 0.03137254901960784 0.06666666666666667 0.1450980392156863 1</float_array>
                    <technique_common>
                        <accessor count="91" source="#colorarray3" stride="4">
                            <param name="R" type="float"/>
                            <param name="G" type="float"/>
                            <param name="B" type="float"/>
                            <param name="A" type="float"/>
                        </accessor>
                    </technique_common>
                </source>
                <vertices id="vertices3">
                    <input semantic="POSITION" source="#points3"/>
                </vertices>
                <polylist count="231" material="Material1">
                    <input offset="0" semantic="VERTEX" source="#vertices3"/>
                    <input offset="1" semantic="TEXCOORD" source="#uvs3" set="0"/>
                    <input offset="2" semantic="COLOR" source="#colors3" set="0"/>
                    <vcount>3 3 3 3 3 3 3 3 3 3 3 3 3 3 3 3 3 3 3 3 3 3 3 3 3 3 3 3 3 3 3 3 3 3 3 3 3 3 3 3 3 3 3 3 3 3 3 3 3 3 3 3 3 3 3 3 3 3 3 3 3 3 3 3 3 3 3 3 3 3 3 3 3 3 3 3 3 3 3 3 3 3 3 3 3 3 3 3 3 3 3 3 3 3 3 3 3 3 3 3 3 3 3 3 3 3 3 3 3 3 3 3 3 3 3 3 3 3 3 3 3 3 3 3 3 3 3 3 3 3 3 3 3 3 3 3 3 3 3 3 3 3 3 3 3 3 3 3 3 3 3 3 3 3 3 3 3 3 3 3 3 3 3 3 3 3 3 3 3 3 3 3 3 3 3 3 3 3 3 3 3 3 3 3 3 3 3 3 3 3 3 3 3 3 3 3 3 3 3 3 3 3 3 3 3 3 3 3 3 3 3 3 3 3 3 3 3 3 3 3 3 3 3 3 3 3 3 3 3 3 3</vcount>
                    <p>2 2 2 1 1 1 0 0 0 3 3 3 1 1 1 2 2 2 4 4 4 3 3 3 2 2 2 5 5 5 3 3 3 4 4 4 6 6 6 5 5 5 4 4 4 7 7 7 5 5 5 6 6 6 8 8 8 7 7 7 6 6 6 9 9 9 7 7 7 8 8 8 10 10 10 9 9 9 8 8 8 11 11 11 9 9 9 10 10 10 12 12 12 11 11 11 10 10 10 13 13 13 11 11 11 12 12 12 14 14 2 13 13 13 12 12 12 15 15 14 13 13 13 14 14 2 16 16 2 15 15 14 14 14 2 17 17 15 15 15 14 16 16 2 18 18 2 17 17 15 16 16 2 19 19 2 17 17 15 18 18 2 22 22 17 21 21 2 20 20 16 23 23 18 21 21 2 22 22 17 24 24 19 23 23 18 22 22 17 25 25 20 23 23 18 24 24 19 26 26 21 25 25 20 24 24 19 27 27 22 25 25 20 26 26 21 28 28 23 27 27 22 26 26 21 29 29 24 27 27 22 28 28 23 30 30 25 29 29 24 28 28 23 31 31 26 29 29 24 30 30 25 32 32 2 31 31 26 30 30 25 33 33 2 31 31 26 32 32 2 36 36 27 35 35 2 34 34 2 37 37 2 35 35 2 36 36 27 38 38 28 37 37 2 36 36 27 39 39 27 37 37 2 38 38 28 40 40 29 39 39 27 38 38 28 41 41 30 39 39 27 40 40 29 42 42 2 41 41 30 40 40 29 43 43 2 41 41 30 42 42 2 44 44 2 43 43 2 42 42 2 45 45 2 43 43 2 44 44 2 48 48 32 47 47 2 46 46 31 49 49 32 47 47 2 48 48 32 50 50 33 49 49 32 48 48 32 51 51 34 49 49 32 50 50 33 52 52 35 51 51 34 50 50 33 53 53 36 51 51 34 52 52 35 54 54 2 53 53 36 52 52 35 55 55 37 53 53 36 54 54 2 56 56 2 55 55 37 54 54 2 57 57 2 55 55 37 56 56 2 59 59 32 46 46 31 58 58 38 48 48 32 46 46 31 59 59 32 60 60 39 48 48 32 59 59 32 61 61 40 48 48 32 60 60 39 62 62 41 61 61 40 60 60 39 63 63 42 61 61 40 62 62 41 64 64 43 63 63 42 62 62 41 65 65 2 63 63 42 64 64 43 66 66 2 65 65 2 64 64 43 67 67 44 13 13 13 15 15 14 68 68 45 13 13 13 67 67 44 69 69 46 68 68 45 67 67 44 70 70 47 68 68 45 69 69 46 71 71 48 70 70 47 69 69 46 72 72 49 70 70 47 71 71 48 73 73 50 72 72 49 71 71 48 74 74 51 72 72 49 73 73 50 75 75 2 74 74 51 73 73 50 23 23 18 76 76 2 21 21 2 77 77 52 76 76 2 23 23 18 27 27 22 77 77 52 23 23 18 78 78 53 77 77 52 27 27 22 29 29 24 78 78 53 27 27 22 79 79 2 78 78 53 29 29 24 80 80 54 79 79 2 29 29 24 81 81 2 31 31 26 33 33 2 82 82 55 31 31 26 81 81 2 83 83 56 82 82 55 81 81 2 84 84 57 82 82 55 83 83 56 85 85 58 84 84 57 83 83 56 86 86 2 84 84 57 85 85 58 87 87 2 86 86 2 85 85 58 52 52 35 88 88 2 54 54 2 89 89 2 88 88 2 52 52 35 90 90 59 89 89 2 52 52 35 91 91 60 89 89 2 90 90 59 63 63 42 91 91 60 90 90 59 65 65 2 91 91 60 63 63 42 43 43 2 39 39 27 41 41 30 92 92 61 39 39 27 43 43 2 93 93 2 92 92 61 43 43 2 94 94 2 92 92 61 93 93 2 45 45 2 94 94 2 93 93 2 95 95 2 94 94 2 45 45 2 55 55 37 51 51 34 53 53 36 96 96 34 51 51 34 55 55 37 57 57 2 96 96 34 55 55 37 97 97 34 96 96 34 57 57 2 98 98 2 97 97 34 57 57 2 99 99 2 97 97 34 98 98 2 73 73 50 100 100 2 75 75 2 101 101 62 100 100 2 73 73 50 71 71 48 101 101 62 73 73 50 102 102 63 101 101 62 71 71 48 69 69 46 102 102 63 71 71 48 67 67 44 102 102 63 69 69 46 77 77 52 103 103 64 76 76 2 104 104 65 103 103 64 77 77 52 78 78 53 104 104 65 77 77 52 105 105 2 104 104 65 78 78 53 79 79 2 105 105 2 78 78 53 70 70 47 3 3 3 5 5 5 1 1 1 3 3 3 70 70 47 106 106 66 1 1 1 70 70 47 0 0 0 1 1 1 106 106 66 74 74 51 0 0 0 106 106 66 109 109 2 108 108 2 107 107 2 110 110 2 108 108 2 109 109 2 111 111 2 110 110 2 109 109 2 112 112 2 110 110 2 111 111 2 113 113 2 112 112 2 111 111 2 116 115 69 115 62 68 114 114 67 64 64 43 115 62 68 116 115 69 117 116 70 64 64 43 116 115 69 66 66 2 64 64 43 117 116 70 118 117 2 66 66 2 117 116 70 24 24 19 120 119 72 119 118 71 121 120 73 120 119 72 24 24 19 22 22 17 121 120 73 24 24 19 122 121 74 121 120 73 22 22 17 20 20 16 122 121 74 22 22 17 107 107 2 92 92 61 123 122 2 124 123 2 92 92 61 107 107 2 108 108 2 124 123 2 107 107 2 125 124 2 124 123 2 108 108 2 126 125 2 125 124 2 108 108 2 97 97 34 51 51 34 96 96 34 127 126 75 51 51 34 97 97 34 99 99 2 127 126 75 97 97 34 49 49 32 127 126 75 99 99 2 47 47 2 49 49 32 99 99 2 68 68 45 11 11 11 13 13 13 9 9 9 11 11 11 68 68 45 70 70 47 9 9 9 68 68 45 7 7 7 9 9 9 70 70 47 5 5 5 7 7 7 70 70 47 116 115 69 128 127 76 117 116 70 129 128 77 128 127 76 116 115 69 114 114 67 129 128 77 116 115 69 130 129 78 129 128 77 114 114 67 132 118 80 131 130 79 24 24 19 133 131 81 131 130 79 132 118 80 134 132 2 133 131 81 132 118 80 135 133 2 133 131 81 134 132 2 136 134 2 92 92 61 94 94 2 123 122 2 92 92 61 136 134 2 137 135 2 123 122 2 136 134 2 138 136 2 123 122 2 137 135 2 102 102 63 19 19 2 139 137 2 140 138 82 19 19 2 102 102 63 67 67 44 140 138 82 102 102 63 15 15 14 140 138 82 67 67 44 141 139 2 124 123 2 125 124 2 142 140 2 124 123 2 141 139 2 143 141 2 142 140 2 141 139 2 35 35 2 142 140 2 143 141 2 128 127 76 118 117 2 117 116 70 144 142 83 118 117 2 128 127 76 129 128 77 144 142 83 128 127 76 130 129 78 144 142 83 129 128 77 145 143 2 123 122 2 138 136 2 107 107 2 123 122 2 145 143 2 109 109 2 107 107 2 145 143 2 146 144 2 121 120 73 122 121 74 120 119 72 121 120 73 146 144 2 147 118 84 120 119 72 146 144 2 90 90 59 61 61 40 63 63 42 50 50 33 61 61 40 90 90 59 52 52 35 50 50 33 90 90 59 26 26 21 148 145 2 28 28 23 149 146 2 148 145 2 26 26 21 150 147 2 149 146 2 26 26 21 131 130 79 26 26 21 24 24 19 150 147 2 26 26 21 131 130 79 135 133 2 150 147 2 131 130 79 151 148 85 31 31 26 82 82 55 29 29 24 31 31 26 151 148 85 80 80 54 29 29 24 151 148 85 142 140 2 92 92 61 124 123 2 39 39 27 92 92 61 142 140 2 37 37 2 39 39 27 142 140 2 145 143 2 111 111 2 109 109 2 113 113 2 111 111 2 145 143 2 138 136 2 113 113 2 145 143 2 153 150 87 58 58 38 152 149 86 59 59 32 58 58 38 153 150 87 154 150 88 60 60 39 59 59 32 114 114 67 60 60 39 154 150 88 156 149 90 114 114 67 155 150 89 130 129 78 114 114 67 156 149 90 157 151 2 84 84 57 86 86 2 80 80 54 84 84 57 157 151 2 101 101 62 139 137 2 100 100 2 102 102 63 139 137 2 101 101 62 140 138 82 17 17 15 19 19 2 15 15 14 17 17 15 140 138 82 30 30 25 148 145 2 32 32 2 28 28 23 148 145 2 30 30 25 72 72 49 106 106 66 70 70 47 74 74 51 106 106 66 72 72 49 84 84 57 151 148 85 82 82 55 80 80 54 151 148 85 84 84 57 87 87 2 83 83 56 81 81 2 85 85 58 83 83 56 87 87 2 36 36 27 40 40 29 38 38 28 34 34 2 40 40 29 36 36 27 158 152 2 40 40 29 34 34 2 42 42 2 40 40 29 158 152 2 136 134 2 95 95 2 137 135 2 94 94 2 95 95 2 136 134 2 126 125 2 110 110 2 112 112 2 108 108 2 110 110 2 126 125 2 60 60 39 114 114 67 62 62 41 23 23 18 25 25 20 27 27 22 147 118 84 146 144 2 134 132 2 104 104 65 105 105 2 103 103 64 142 140 2 35 35 2 37 37 2 51 51 34 127 126 75 49 49 32 43 43 2 45 45 2 93 93 2 50 50 33 48 48 32 61 61 40 131 130 79 133 131 81 135 133 2</p>
                </polylist>
            </mesh>
        </geometry>
        <geometry id="mesh4">
            <mesh>
                <source id="points4">
                    <float_array id="pointarray4" count="675">-3334.25 -3248.25 388.5 -3605 -3669.25 380.75 -3599.25 -3641.5 361 -3765.75 -3659 340 -3739.25 -3629 325.75 -3975.5 -3538.25 245.25 -3950.75 -3519.25 228 -4126 -3542.75 165.25 -4122.75 -3510.25 137.75 -4203.5 -3547.25 108 -4210.25 -3504 69.75 -4215.75 -3556.75 97.5 -4240.5 -3531 41.5 -4137.5 -3659.75 135 -4140.5 -3652.75 98.75 -4015.5 -3830.25 153.5 -4015.75 -3824.5 120.75 -3923.75 -3994.5 120.25 -3926.75 -3980.5 90.5 -3870.25 -4157 30.5 -3873.25 -4135.25 10.25 -3820.75 -4342.25 -77.25 -3821.75 -4314.25 -94.25 -3779.75 -4502.25 -218.5 -3775.25 -4474.25 -243 -3758.75 -4599 -350.5 -3761 -4573.75 -393 -3682.5 -4632.25 -361.75 -3660.5 -4618.5 -401.5 -3601.5 -4613.75 -318.25 -3577 -4594.25 -347 -3476.25 -4549.75 -218.5 -3455.5 -4538.25 -269.5 -3358 -4431.5 -55 -3319 -4419.5 -106.5 -3266.75 -4282 74.75 -3212.75 -4260 57.75 -3219.25 -4137 201.25 -3169 -4125.75 170 -3176 -3975.5 297.75 -3139 -3972.5 261.25 -3024.25 -3466.75 362.75 -3313.5 -3252.5 418.5 -3305.75 -3601.25 416.25 -3178.5 -3271 429.5 -3073.25 -3484.75 406 -3043.75 -3315.75 406.75 -3005.25 -3300 366.5 -3002.25 -3086.5 379.5 -2966 -3063.5 346 -3163.75 -3096.75 419.5 -3143 -3071.5 370.75 -3383.5 -3049.25 391.25 -3384.75 -3035.5 328 -3401.75 -3088.75 393.5 -3412.25 -3093.25 336 -3896.25 -4197.25 -2157 -3930.5 -4192.25 -2159.5 -3948.75 -4355 -1970.25 -3978.5 -4364.5 -1967.25 -3836.75 -4568.75 -1768.25 -4058.75 -4458 -1770.75 -3899.5 -4566 -1722.25 -4126 -4508.5 -1550 -3939.25 -4627 -1552.5 -3911.5 -4690 -1341.5 -3775.25 -4739.25 -1272.25 -3821.75 -4729 -1192.75 -3735.25 -4740.25 -1251.25 -3787.25 -4726.25 -1157.25 -4070.75 -4600.75 -930.25 -4100.25 -4604.5 -968 -4162.75 -4552 -941.5 -4173.25 -4537 -1311.5 -4267.5 -4470.25 -1148.75 -4537.75 -4110 -1350.75 -4447.25 -4289 -1052.5 -4598.75 -4095 -1049 -4443.5 -4265.5 -1021.5 -4588 -4085.5 -1010.5 -1897.25 -2927.75 -449.75 -1832.25 -3026 -550.75 -1865.25 -3261 -411 -1770.75 -3208.25 -706 -1821.75 -3594 -555.5 -1759.5 -3471.25 -795.5 -1835.5 -3832 -705.75 -1753.75 -3702.25 -973 -1806.75 -3877 -941.75 -1771.75 -3781.5 -1126.25 -1827.75 -3916.25 -988.5 -1792.25 -3814.75 -1185.25 -1951.25 -2869.75 -433 -1902.5 -3244.75 -382.5 -1913.5 -3706.25 -369.75 -1941.5 -3930.5 -523 -1937.5 -4043.25 -687 -1983.5 -4112.5 -716.25 -4195.5 -2290 -1638.75 -4032.75 -2211.25 -1724 -4027.5 -2123 -1563.75 -3841 -2005.75 -1504.25 -4022.25 -2073.25 -1273.5 -3893 -1992.5 -1235.75 -4200.25 -2179.25 -934.5 -4114 -2128.75 -890.25 -4141.5 -2181 -719.5 -4058.75 -2200.75 -669.75 -4093.75 -2222.25 -644 -1787.5 -3165.75 -741.25 -1756.75 -3592 -1298.25 -1738.75 -3600.75 -1226.5 -1799.75 -3692.25 -1443 -1770 -3679.75 -1352.25 -1791.25 -3759 -1357.75 -1767.75 -3725.5 -1283.25 -4033.75 -2246.25 -1762.5 -3645.25 -2137.5 -1887.5 -3676.25 -2105.5 -1862 -3812.25 -2082.25 -1723.5 -3540.5 -1963.5 -1663.25 -3534.25 -1904.5 -1499 -3842 -2009.75 -1218.75 -4061.25 -2147.5 -848 -3704 -3833.25 316 -3508.75 -3901.5 341 -4085.75 -3623.25 190.5 -3955.25 -3618.5 263 -3967.5 -3807 202.75 -3882.75 -3975.5 171.75 -4589.5 -3987.25 -1333.75 -4529.5 -4078 -1358.5 -4361.75 -4245.5 -1611.25 -4356.25 -4219 -1608.5 -4262.75 -4273.5 -1749.75 -4268.5 -4241.5 -1736.5 -4192.25 -4216.5 -1910.75 -4189.75 -4191.75 -1894.75 -4146.25 -4113.75 -2046 -3403.5 -4390.75 -18.25 -3555 -4508.5 -168 -3687.25 -4591.75 -312.5 -3727.5 -4513.75 -200 -4208.75 -2332.5 -1675.25 -4357.25 -2351.75 -1450.75 -4386.5 -2409 -1485.25 -4389 -2366.75 -1379.75 -4420 -2425 -1411.25 -4427.75 -2418.5 -923 -4431 -2469.5 -916.25 -4353.25 -2457.5 -710 -3639 -4698.75 -1573 -3688.75 -4702.75 -1581.5 -3716 -4663.25 -1658.25 -3589 -4361.75 2.75 -3586.75 -4202.75 147.25 -3561.25 -4063.5 242.25 -3823.25 -4168.5 55.5 -4139.75 -4545 -907.25 -4334 -4405 -1055.75 -4325.25 -4388.5 -1024 -1997.25 -3978.25 -511.25 -2034.5 -3818.5 -303.5 -1963.75 -3811.5 -354.5 -1959.75 -3714.25 -339 -3460 -1933.25 -1499.75 -3478.75 -1991.75 -1655.5 -3917.75 -3876 -2373 -4005.5 -3904 -2321.25 -3964.5 -4022.75 -2290.25 -4124.5 -3932.5 -2217.25 -4134.25 -3990.75 -2152 -4145.25 -3958.5 -2131.5 -4154 -4085 -2026 -4195.5 -2290 -1638.75 -4192.5 -2174.5 -1328.25 -4329.75 -2269.25 -1008.25 -1972.25 -2745.5 -500.75 -1910.5 -2838.5 -495 -1858.5 -2980.5 -559.5 -3854.75 -3982.75 -2354.5 -3772.25 -4078.25 -2334.25 -3692.75 -4057.25 -2358.75 -4600 -4030.25 -1297 -4607.5 -3965.5 -1291.5 -4621.75 -3999.5 -1269 -3786.25 -4351 -60.75 -4316.25 -2392.25 -676.75 -4180.25 -2230.25 -683.75 -4318 -2421.75 -641.25 -4359.25 -2413.5 -722.75 -2152.75 -2539 -1693.5 -2217.5 -2533 -1836.75 -2006 -2659.75 -1685.75 -2129.5 -2672.5 -1824.5 -2105 -2799 -1935 -2029.5 -2824 -1797 -1935 -2941 -1759.75 -1941.75 -2831.75 -1627.75 -1871 -2833.75 -1464.25 -1956.75 -2706.25 -1487.25 -1970.5 -2586.25 -1384.25 -2060.25 -2557.75 -1531.75 -2155.5 -2429 -1578.5 -3917.75 -3876 -2373 -3890.25 -3815 -2387.75 -3809.75 -3945 -2375.75 -3993.5 -3862.25 -2314.5 -3917.75 -3876 -2373 -4195.5 -2290 -1638.75 -3682 -4656.5 -1643.75 -3801 -4561.75 -1758 -4136.75 -3889.25 -2195.5 -2024.5 -2828.75 -1807 -2104.25 -2801.75 -1953.5 -2154.5 -2527.5 -1697.5 -2156.75 -2410.5 -1576 -2057 -2546.75 -1528 -1961.75 -2576.75 -1370.75 -1947.5 -2704.5 -1479.25 -1855.5 -2839.5 -1455.5 -1931.5 -2837.5 -1627.75 -1923.75 -2952.5 -1767.5 -2130.25 -2668.5 -1836.25 -2222.5 -2521 -1849.75</float_array>
                    <technique_common>
                        <accessor count="225" source="#pointarray4" stride="3">
                            <param name="X" type="float"/>
                            <param name="Y" type="float"/>
                            <param name="Z" type="float"/>
                        </accessor>
                    </technique_common>
                </source>
                <source id="uvs4">
                    <float_array id="uvarray4" count="442">0.94189453125 1.01025390625 0.8828125 0.830078125 0.88720703125 0.81396484375 0.84912109375 0.81494140625 0.85595703125 0.80029296875 0.7900390625 0.8291015625 0.7958984375 0.8154296875 0.75634765625 0.79833984375 0.7587890625 0.78369140625 0.73828125 0.77880859375 0.73779296875 0.76611328125 0.73583984375 0.7724609375 0.7333984375 0.75 0.7626953125 0.74951171875 0.7666015625 0.72509765625 0.80029296875 0.7001953125 0.8056640625 0.67431640625 0.826171875 0.63818359375 0.8330078125 0.61279296875 0.83984375 0.55859375 0.8486328125 0.53662109375 0.853515625 0.4619140625 0.861328125 0.443359375 0.86376953125 0.36328125 0.87158203125 0.34326171875 0.86767578125 0.2919921875 0.87353515625 0.26416015625 0.88427734375 0.28125 0.89501953125 0.2509765625 0.9013671875 0.3037109375 0.9130859375 0.27783203125 0.92724609375 0.3525390625 0.9384765625 0.32763671875 0.95849609375 0.4404296875 0.96728515625 0.41748046875 0.97314453125 0.53955078125 0.98779296875 0.51904296875 0.9775390625 0.6259765625 0.99267578125 0.5986328125 0.990234375 0.71044921875 1.001953125 0.68017578125 1.02880859375 0.9111328125 0.93896484375 1.03125 0.95458984375 0.876953125 0.978515625 1.017578125 1.01123046875 0.931640625 1.01806640625 1.00439453125 1.0380859375 0.9853515625 1.0400390625 1.10595703125 1.05908203125 1.08837890625 0.98095703125 1.0908203125 0.99560546875 1.07568359375 0.88623046875 1.095703125 0.890625 1.0869140625 0.904296875 1.0771484375 0.91015625 1.06396484375 0.3642578125 -0.16845703125 0.37451171875 -0.13330078125 0.47265625 -0.17822265625 0.4697265625 -0.15283203125 0.6005859375 -0.20166015625 0.5498046875 -0.111328125 0.58935546875 -0.1640625 0.61083984375 -0.04736328125 0.65087890625 -0.099609375 0.69091796875 -0.0537109375 0.7783203125 -0.07421875 0.77783203125 -0.03466796875 0.80224609375 -0.08837890625 0.80029296875 -0.0439453125 0.755859375 0.09716796875 0.7353515625 0.10791015625 0.724609375 0.14306640625 0.65966796875 0.0283203125 0.66357421875 0.1279296875 0.5546875 0.1943359375 0.63720703125 0.21435546875 0.6015625 0.28564453125 0.6455078125 0.19970703125 0.611328125 0.2724609375 1.45556640625 0.9150390625 1.4619140625 0.84765625 1.39892578125 0.79833984375 1.46484375 0.7353515625 1.359375 0.65869140625 1.41259765625 0.61279296875 1.35986328125 0.490234375 1.40966796875 0.47216796875 1.40673828125 0.42041015625 1.45458984375 0.40380859375 1.40771484375 0.375 1.45654296875 0.3583984375 1.4560546875 0.908203125 1.39306640625 0.77978515625 1.328125 0.64306640625 1.31982421875 0.51904296875 1.3310546875 0.4296875 1.32421875 0.3759765625 0.23388671875 0.7373046875 0.19482421875 0.74365234375 0.2041015625 0.80908203125 0.16796875 0.8681640625 0.2138671875 0.908203125 0.205078125 0.94677734375 0.318359375 0.9658203125 0.30908203125 1.0048828125 0.35009765625 1.03515625 0.3466796875 1.06884765625 0.3623046875 1.07275390625 1.47314453125 0.708984375 1.5068359375 0.40869140625 1.4990234375 0.44384765625 1.517578125 0.33056640625 1.509765625 0.3759765625 1.4931640625 0.33056640625 1.49072265625 0.37890625 0.1865234375 0.7138671875 0.099609375 0.72412109375 0.11474609375 0.75 0.1484375 0.78857421875 0.09423828125 0.849609375 0.10009765625 0.912109375 0.1875 0.95458984375 0.30224609375 1.02490234375 0.87158203125 0.748046875 0.90478515625 0.7197265625 0.7734375 0.77685546875 0.802734375 0.802734375 0.81103515625 0.72119140625 0.8466796875 0.6591796875 0.5458984375 0.21533203125 0.55615234375 0.17236328125 0.53271484375 0.0576171875 0.53662109375 0.0380859375 0.509765625 -0.005859375 0.513671875 -0.01904296875 0.4599609375 -0.04052734375 0.46337890625 -0.056640625 0.40673828125 -0.03857421875 0.95166015625 0.46044921875 0.912109375 0.38671875 0.88330078125 0.30859375 0.87548828125 0.3671875 0.22802734375 0.7060546875 0.28125 0.763671875 0.2802734375 0.728515625 0.29541015625 0.77685546875 0.29541015625 0.74267578125 0.3759765625 0.8828125 0.38427734375 0.861328125 0.416015625 0.9365234375 0.76318359375 -0.22216796875 0.7314453125 -0.2041015625 0.6904296875 -0.21923828125 0.8974609375 0.4833984375 0.89013671875 0.576171875 0.89697265625 0.6494140625 0.8515625 0.56201171875 0.740234375 0.1259765625 0.66357421875 0.16796875 0.6748046875 0.1533203125 1.3095703125 0.4814453125 1.2939453125 0.5859375 1.30859375 0.607421875 1.32080078125 0.62060546875 0.0732421875 0.90576171875 0.06640625 0.83984375 0.2548828125 -0.041015625 0.28955078125 -0.0341796875 0.302734375 -0.076171875 0.33544921875 -0.01318359375 0.36328125 -0.015625 0.35791015625 -0.03076171875 0.40673828125 -0.05615234375 0.23046875 0.8515625 0.3232421875 0.9013671875 1.49072265625 0.935546875 1.4794921875 0.9365234375 1.4658203125 0.82763671875 0.2607421875 -0.09423828125 0.26025390625 -0.1484375 0.228515625 -0.17529296875 0.55029296875 0.240234375 0.548828125 0.23486328125 0.55029296875 0.2587890625 0.86181640625 0.46484375 0.408203125 0.97021484375 0.36279296875 1.0419921875 0.4169921875 0.97021484375 0.40576171875 0.94580078125 -0.2392578125 0.689453125 -0.212890625 0.6484375 -0.275390625 0.6474609375 -0.24169921875 0.6064453125 -0.24609375 0.53125 -0.2763671875 0.5625 -0.30712890625 0.53173828125 -0.31103515625 0.60791015625 -0.34228515625 0.65380859375 -0.31298828125 0.69287109375 -0.310546875 0.76171875 -0.27490234375 0.72998046875 -0.24072265625 0.7568359375 0.23583984375 -0.04638671875 0.23876953125 -0.10986328125 0.27880859375 -0.04345703125 0.71923828125 -0.23486328125 0.62158203125 -0.22412109375 0.33056640625 -0.02587890625 -0.30078125 0.51171875 -0.27099609375 0.48193359375 -0.265625 0.62890625 -0.2666015625 0.6962890625 -0.30029296875 0.666015625 -0.333984375 0.697265625 -0.33544921875 0.62939453125 -0.36328125 0.591796875 -0.33349609375 0.55224609375 -0.33056640625 0.48193359375 -0.26806640625 0.55224609375 -0.23779296875 0.5908203125</float_array>
                    <technique_common>
                        <accessor count="221" source="#uvarray4" stride="2">
                            <param name="S" type="float"/>
                            <param name="T" type="float"/>
                        </accessor>
                    </technique_common>
                </source>
                <source id="colors4">
                    <float_array id="colorarray4" count="512">0.2980392156862745 0.2196078431372549 0.13725490196078433 1 0.8862745098039215 0.8862745098039215 0.8862745098039215 1 0.23529411764705882 0.2627450980392157 0.40784313725490196 1 0.8392156862745098 0.8392156862745098 0.8392156862745098 1 0.12156862745098039 0.1411764705882353 0.26666666666666666 1 0.2627450980392157 0.1568627450980392 0.12549019607843137 1 0.09803921568627451 0.13725490196078433 0.24705882352941178 1 0.8862745098039215 0.6745098039215687 0.6235294117647059 1 0.011764705882352941 0.047058823529411764 0.12549019607843137 1 0.6235294117647059 0.5019607843137255 0.36470588235294116 1 0 0 0 1 0.4823529411764706 0.38823529411764707 0.2196078431372549 1 0.43137254901960786 0.35294117647058826 0.19215686274509805 1 0.43529411764705883 0.3568627450980392 0.2 1 0.43137254901960786 0.35294117647058826 0.2 1 0.39215686274509803 0.32941176470588235 0.17647058823529413 1 0.3568627450980392 0.29411764705882354 0.13725490196078433 1 0.1843137254901961 0.1411764705882353 0.00784313725490196 1 0.058823529411764705 0.01568627450980392 0 1 0.23921568627450981 0.1607843137254902 0.011764705882352941 1 0.3333333333333333 0.23529411764705882 0.08235294117647059 1 0.5019607843137255 0.4 0.19607843137254902 1 0.5607843137254902 0.4470588235294118 0.25098039215686274 1 0.5803921568627451 0.5019607843137255 0.3254901960784314 1 0.9215686274509803 0.803921568627451 0.6509803921568628 1 0.8392156862745098 0.8392156862745098 0.5882352941176471 1 0.8431372549019608 0.7137254901960784 0.5529411764705883 1 0.8745098039215686 0.6705882352941176 0.5607843137254902 1 0.8117647058823529 0.6666666666666666 0.5058823529411764 1 0.8352941176470589 0.8313725490196079 0.6901960784313725 1 0.6431372549019608 0.6823529411764706 0.3803921568627451 1 0.03137254901960784 0.0392156862745098 0 1 0.027450980392156862 0.03529411764705882 0 1 0.01568627450980392 0.0196078431372549 0 1 0.07450980392156863 0.08235294117647059 0 1 0.047058823529411764 0.058823529411764705 0 1 0.10196078431372549 0.10588235294117647 0 1 0.07058823529411765 0.0784313725490196 0 1 0.047058823529411764 0.050980392156862744 0 1 0.03529411764705882 0.03137254901960784 0 1 0.06666666666666667 0.050980392156862744 0 1 0.1411764705882353 0.10588235294117647 0 1 0.1803921568627451 0.1411764705882353 0.00784313725490196 1 0.14901960784313725 0.13725490196078433 0 1 0.2196078431372549 0.19607843137254902 0.03529411764705882 1 0.16862745098039217 0.17254901960784313 0.058823529411764705 1 0.3333333333333333 0.24705882352941178 0.07058823529411765 1 0.36470588235294116 0.3176470588235294 0.17254901960784313 1 0.13333333333333333 0.050980392156862744 0 1 0.6784313725490196 0.4666666666666667 0.5607843137254902 1 0.44313725490196076 0.30980392156862746 0.2980392156862745 1 0.6549019607843137 0.4588235294117647 0.43137254901960786 1 0.41568627450980394 0.3254901960784314 0.27058823529411763 1 0.5450980392156862 0.39215686274509803 0.3176470588235294 1 0.403921568627451 0.3137254901960784 0.22745098039215686 1 0.38823529411764707 0.30196078431372547 0.1843137254901961 1 0.33725490196078434 0.27058823529411763 0.16470588235294117 1 0.2784313725490196 0.2235294117647059 0.10588235294117647 1 0.2627450980392157 0.21568627450980393 0.09803921568627451 1 0.37254901960784315 0.23137254901960785 0.32941176470588235 1 0.30980392156862746 0.1803921568627451 0.16862745098039217 1 0.615686274509804 0.45098039215686275 0.3607843137254902 1 0.43137254901960786 0.3254901960784314 0.20392156862745098 1 0.34901960784313724 0.26666666666666666 0.1411764705882353 1 0.2235294117647059 0.2901960784313726 0.3411764705882353 1 0.2196078431372549 0.2823529411764706 0.3411764705882353 1 0.2627450980392157 0.32941176470588235 0.43529411764705883 1 0.2784313725490196 0.34901960784313724 0.47843137254901963 1 0.3333333333333333 0.40784313725490196 0.5647058823529412 1 0.3803921568627451 0.4627450980392157 0.6549019607843137 1 0.4627450980392157 0.5098039215686274 0.7137254901960784 1 0.4235294117647059 0.48627450980392156 0.6980392156862745 1 0.5568627450980392 0.5764705882352941 0.8352941176470589 1 0.27450980392156865 0.23137254901960785 0.12549019607843137 1 0.24313725490196078 0.2 0.09019607843137255 1 0.2549019607843137 0.20784313725490197 0.09411764705882353 1 0.16862745098039217 0.21176470588235294 0.12941176470588237 1 0.22745098039215686 0.29411764705882354 0.3803921568627451 1 0.1843137254901961 0.24313725490196078 0.3137254901960784 1 0.14901960784313725 0.20784313725490197 0.3176470588235294 1 0.09803921568627451 0.1411764705882353 0.24705882352941178 1 0.788235294117647 0.6705882352941176 0.5450980392156862 1 0.7803921568627451 0.6588235294117647 0.47843137254901963 1 0.8196078431372549 0.6549019607843137 0.4666666666666667 1 0.8392156862745098 0.7568627450980392 0.5686274509803921 1 0.7490196078431373 0.611764705882353 0.396078431372549 1 0.6588235294117647 0.5529411764705883 0.34509803921568627 1 0.1568627450980392 0.1568627450980392 0.0392156862745098 1 0.17254901960784313 0.17254901960784313 0.050980392156862744 1 0.17254901960784313 0.16862745098039217 0.054901960784313725 1 0.1607843137254902 0.1607843137254902 0.047058823529411764 1 0.5725490196078431 0.4588235294117647 0.23137254901960785 1 0.48627450980392156 0.39215686274509803 0.17254901960784313 1 0.403921568627451 0.2901960784313726 0.12156862745098039 1 0.4627450980392157 0.3843137254901961 0.1607843137254902 1 0.2784313725490196 0.3411764705882353 0.43529411764705883 1 0.3176470588235294 0.3803921568627451 0.48627450980392156 1 0.5058823529411764 0.4745098039215686 0.6627450980392157 1 0.14901960784313725 0.08235294117647059 0 1 0.6509803921568628 0.5294117647058824 0.2980392156862745 1 0.6823529411764706 0.5607843137254902 0.3333333333333333 1 0.7058823529411765 0.5882352941176471 0.3686274509803922 1 0.6352941176470588 0.5215686274509804 0.2980392156862745 1 0.30196078431372547 0.2235294117647059 0.047058823529411764 1 0.023529411764705882 0 0 1 0.054901960784313725 0 0 1 0.3843137254901961 0.23529411764705882 0.13333333333333333 1 0.5333333333333333 0.396078431372549 0.2784313725490196 1 0.4980392156862745 0.3254901960784314 0.27058823529411763 1 0.08235294117647059 0.08235294117647059 0 1 0.058823529411764705 0.06274509803921569 0 1 0.07058823529411765 0.06666666666666667 0 1 0.23529411764705882 0.30196078431372547 0.3607843137254902 1 0.3058823529411765 0.37254901960784315 0.5019607843137255 1 0.396078431372549 0.45098039215686275 0.6078431372549019 1 0 0.00784313725490196 0.043137254901960784 1 0.4235294117647059 0.30980392156862746 0.4549019607843137 1 0.047058823529411764 0.047058823529411764 0 1 0.19607843137254902 0.19607843137254902 0.07058823529411765 1 0.3058823529411765 0.2980392156862745 0.1803921568627451 1 0.6039215686274509 0.49019607843137253 0.25882352941176473 1 0.5058823529411764 0.5294117647058824 0.7372549019607844 1 0.5019607843137255 0.49019607843137253 0.7215686274509804 1 0.6941176470588235 0.5568627450980392 0.7686274509803922 1 0.39215686274509803 0.39215686274509803 0.39215686274509803 1 0.10196078431372549 0.10196078431372549 0.10196078431372549 1 0.09803921568627451 0.09411764705882353 0 1 0.20784313725490197 0.2823529411764706 0.3215686274509804 1</float_array>
                    <technique_common>
                        <accessor count="128" source="#colorarray4" stride="4">
                            <param name="R" type="float"/>
                            <param name="G" type="float"/>
                            <param name="B" type="float"/>
                            <param name="A" type="float"/>
                        </accessor>
                    </technique_common>
                </source>
                <vertices id="vertices4">
                    <input semantic="POSITION" source="#points4"/>
                </vertices>
                <polylist count="328" material="Material1">
                    <input offset="0" semantic="VERTEX" source="#vertices4"/>
                    <input offset="1" semantic="TEXCOORD" source="#uvs4" set="0"/>
                    <input offset="2" semantic="COLOR" source="#colors4" set="0"/>
                    <vcount>3 3 3 3 3 3 3 3 3 3 3 3 3 3 3 3 3 3 3 3 3 3 3 3 3 3 3 3 3 3 3 3 3 3 3 3 3 3 3 3 3 3 3 3 3 3 3 3 3 3 3 3 3 3 3 3 3 3 3 3 3 3 3 3 3 3 3 3 3 3 3 3 3 3 3 3 3 3 3 3 3 3 3 3 3 3 3 3 3 3 3 3 3 3 3 3 3 3 3 3 3 3 3 3 3 3 3 3 3 3 3 3 3 3 3 3 3 3 3 3 3 3 3 3 3 3 3 3 3 3 3 3 3 3 3 3 3 3 3 3 3 3 3 3 3 3 3 3 3 3 3 3 3 3 3 3 3 3 3 3 3 3 3 3 3 3 3 3 3 3 3 3 3 3 3 3 3 3 3 3 3 3 3 3 3 3 3 3 3 3 3 3 3 3 3 3 3 3 3 3 3 3 3 3 3 3 3 3 3 3 3 3 3 3 3 3 3 3 3 3 3 3 3 3 3 3 3 3 3 3 3 3 3 3 3 3 3 3 3 3 3 3 3 3 3 3 3 3 3 3 3 3 3 3 3 3 3 3 3 3 3 3 3 3 3 3 3 3 3 3 3 3 3 3 3 3 3 3 3 3 3 3 3 3 3 3 3 3 3 3 3 3 3 3 3 3 3 3 3 3 3 3 3 3 3 3 3 3 3 3 3 3 3 3 3 3 3 3 3 3 3 3 3 3 3 3 3 3</vcount>
                    <p>2 2 2 1 1 1 0 0 0 3 3 3 1 1 1 2 2 2 4 4 4 3 3 3 2 2 2 5 5 1 3 3 3 4 4 4 6 6 5 5 5 1 4 4 4 7 7 1 5 5 1 6 6 5 8 8 6 7 7 1 6 6 5 9 9 7 7 7 1 8 8 6 10 10 8 9 9 7 8 8 6 11 11 9 9 9 7 10 10 8 12 12 10 11 11 9 10 10 8 13 13 11 11 11 9 12 12 10 14 14 10 13 13 11 12 12 10 15 15 12 13 13 11 14 14 10 16 16 10 15 15 12 14 14 10 17 17 13 15 15 12 16 16 10 18 18 10 17 17 13 16 16 10 19 19 14 17 17 13 18 18 10 20 20 10 19 19 14 18 18 10 21 21 15 19 19 14 20 20 10 22 22 10 21 21 15 20 20 10 23 23 16 21 21 15 22 22 10 24 24 10 23 23 16 22 22 10 25 25 17 23 23 16 24 24 10 26 26 10 25 25 17 24 24 10 27 27 10 25 25 17 26 26 10 28 28 10 27 27 10 26 26 10 29 29 18 27 27 10 28 28 10 30 30 10 29 29 18 28 28 10 31 31 19 29 29 18 30 30 10 32 32 10 31 31 19 30 30 10 33 33 20 31 31 19 32 32 10 34 34 10 33 33 20 32 32 10 35 35 21 33 33 20 34 34 10 36 36 10 35 35 21 34 34 10 37 37 22 35 35 21 36 36 10 38 38 10 37 37 22 36 36 10 39 39 23 37 37 22 38 38 10 40 40 10 39 39 23 38 38 10 41 41 10 39 39 23 40 40 10 43 43 25 42 42 24 1 1 1 44 44 26 42 42 24 43 43 25 45 45 27 44 44 26 43 43 25 46 46 28 44 44 26 45 45 27 47 47 10 46 46 28 45 45 27 48 48 29 46 46 28 47 47 10 49 49 10 48 48 29 47 47 10 50 50 1 48 48 29 49 49 10 51 51 10 50 50 1 49 49 10 52 52 30 50 50 1 51 51 10 53 53 10 52 52 30 51 51 10 54 54 30 52 52 30 53 53 10 55 55 10 54 54 30 53 53 10 42 42 24 54 54 30 55 55 10 0 0 0 42 42 24 55 55 10 1 1 1 42 42 24 0 0 0 58 58 10 57 57 31 56 56 10 59 59 32 57 57 31 58 58 10 60 60 33 59 59 32 58 58 10 61 61 34 59 59 32 60 60 33 62 62 35 61 61 34 60 60 33 63 63 36 61 61 34 62 62 35 64 64 37 63 63 36 62 62 35 65 65 38 63 63 36 64 64 37 66 66 39 65 65 38 64 64 37 67 67 40 65 65 38 66 66 39 68 68 10 67 67 40 66 66 39 69 69 10 67 67 40 68 68 10 70 70 10 67 67 40 69 69 10 71 71 41 67 67 40 70 70 10 72 72 42 71 71 41 70 70 10 73 73 43 71 71 41 72 72 42 74 74 44 73 73 43 72 72 42 75 75 45 73 73 43 74 74 44 76 76 46 75 75 45 74 74 44 77 77 47 75 75 45 76 76 46 78 78 48 77 77 47 76 76 46 79 79 10 77 77 47 78 78 48 82 82 51 81 81 50 80 80 49 83 83 52 81 81 50 82 82 51 84 84 53 83 83 52 82 82 51 85 85 54 83 83 52 84 84 53 86 86 55 85 85 54 84 84 53 87 87 56 85 85 54 86 86 55 88 88 57 87 87 56 86 86 55 89 89 58 87 87 56 88 88 57 90 90 10 89 89 58 88 88 57 91 91 10 89 89 58 90 90 10 93 93 60 80 80 49 92 92 59 82 82 51 80 80 49 93 93 60 94 94 61 82 82 51 93 93 60 84 84 53 82 82 51 94 94 61 95 95 62 84 84 53 94 94 61 86 86 55 84 84 53 95 95 62 96 96 63 86 86 55 95 95 62 88 88 57 86 86 55 96 96 63 97 97 10 88 88 57 96 96 63 90 90 10 88 88 57 97 97 10 100 100 66 99 99 65 98 98 64 101 101 67 99 99 65 100 100 66 102 102 68 101 101 67 100 100 66 103 103 69 101 101 67 102 102 68 104 104 70 103 103 69 102 102 68 105 105 71 103 103 69 104 104 70 106 106 72 105 105 71 104 104 70 107 107 10 105 105 71 106 106 72 108 108 10 107 107 10 106 106 72 83 83 52 109 109 10 81 81 50 110 110 10 109 109 10 83 83 52 111 111 73 110 110 10 83 83 52 112 112 10 110 110 10 111 111 73 113 113 74 112 112 10 111 111 73 114 114 10 112 112 10 113 113 74 115 115 75 114 114 10 113 113 74 91 91 10 114 114 10 115 115 75 89 89 58 91 91 10 115 115 75 99 99 65 117 117 10 116 116 10 118 118 76 117 117 10 99 99 65 119 119 77 118 118 76 99 99 65 120 120 78 118 118 76 119 119 77 101 101 67 120 120 78 119 119 77 121 121 79 120 120 78 101 101 67 103 103 69 121 121 79 101 101 67 122 122 80 121 121 79 103 103 69 123 123 10 122 122 80 103 103 69 124 124 81 3 3 3 5 5 1 1 1 1 3 3 3 124 124 81 125 125 82 1 1 1 124 124 81 43 43 25 1 1 1 125 125 82 39 39 23 43 43 25 125 125 82 45 45 27 43 43 25 39 39 23 41 41 10 45 45 27 39 39 23 47 47 10 45 45 27 41 41 10 126 126 83 7 7 1 9 9 7 5 5 1 7 7 1 126 126 83 127 127 84 5 5 1 126 126 83 124 124 81 5 5 1 127 127 84 128 128 85 124 124 81 127 127 84 129 129 86 124 124 81 128 128 85 15 15 12 129 129 86 128 128 85 17 17 13 129 129 86 15 15 12 131 131 10 75 75 45 130 130 10 132 132 87 75 75 45 131 131 10 133 133 10 132 132 87 131 131 10 134 134 88 132 132 87 133 133 10 135 135 10 134 134 88 133 133 10 136 136 89 134 134 88 135 135 10 137 137 10 136 136 89 135 135 10 138 138 90 136 136 89 137 137 10 139 139 91 33 33 20 35 35 21 31 31 19 33 33 20 139 139 91 140 140 92 31 31 19 139 139 91 141 141 93 31 31 19 140 140 92 142 142 94 141 141 93 140 140 92 23 23 16 141 141 93 142 142 94 21 21 15 23 23 16 142 142 94 145 145 10 144 144 95 143 143 10 146 146 96 144 144 95 145 145 10 147 147 10 146 146 96 145 145 10 148 148 97 146 146 96 147 147 10 149 149 10 148 148 97 147 147 10 150 150 98 148 148 97 149 149 10 66 66 39 151 151 10 68 68 10 152 152 10 151 151 10 66 66 39 64 64 37 152 152 10 66 66 39 153 153 10 152 152 10 64 64 37 62 62 35 153 153 10 64 64 37 60 60 33 153 153 10 62 62 35 35 35 21 154 154 99 139 139 91 155 155 100 154 154 99 35 35 21 156 156 101 155 155 100 35 35 21 157 157 102 155 155 100 156 156 101 129 129 86 157 157 102 156 156 101 17 17 13 157 157 102 129 129 86 158 158 10 72 72 42 70 70 10 159 159 103 72 72 42 158 158 10 160 160 104 159 159 103 158 158 10 76 76 46 159 159 103 160 160 104 78 78 48 76 76 46 160 160 104 95 95 62 162 162 106 161 161 105 163 163 107 162 162 106 95 95 62 94 94 61 163 163 107 95 95 62 164 164 108 163 163 107 94 94 61 93 93 60 164 164 108 94 94 61 165 165 10 121 121 79 122 122 80 120 120 78 121 121 79 165 165 10 166 166 10 120 120 78 165 165 10 118 118 76 120 120 78 166 166 10 117 117 10 118 118 76 166 166 10 169 169 110 168 168 109 167 167 109 170 170 10 168 168 109 169 169 110 171 171 111 170 170 10 169 169 110 172 172 10 170 170 10 171 171 111 173 173 10 172 172 10 171 171 111 144 144 95 174 98 112 143 143 10 175 174 113 174 98 112 144 144 95 176 175 114 175 174 113 144 144 95 102 102 68 175 174 113 176 175 114 104 104 70 102 102 68 176 175 114 80 80 49 177 176 115 92 92 59 178 177 116 177 176 115 80 80 49 81 81 50 178 177 116 80 80 49 179 178 10 178 177 116 81 81 50 109 109 10 179 178 10 81 81 50 180 179 117 169 169 110 167 167 109 57 57 31 169 169 110 180 179 117 181 180 33 57 57 31 180 179 117 56 56 10 57 57 31 181 180 33 182 181 10 56 56 10 181 180 33 183 182 118 130 130 10 75 75 45 184 183 10 130 130 10 183 182 118 185 184 119 184 183 10 183 182 118 79 79 10 184 183 10 185 184 119 77 77 47 79 79 10 185 184 119 154 154 99 140 140 92 139 139 91 142 142 94 140 140 92 154 154 99 186 185 120 142 142 94 154 154 99 21 21 15 142 142 94 186 185 120 19 19 14 21 21 15 186 185 120 187 186 121 104 104 70 176 175 114 188 187 122 104 104 70 187 186 121 189 188 10 188 187 122 187 186 121 108 108 10 188 187 122 189 188 10 190 189 123 176 175 114 148 148 97 187 186 121 176 175 114 190 189 123 150 150 98 187 186 121 190 189 123 189 188 10 187 186 121 150 150 98 59 59 32 136 136 89 138 138 90 134 134 88 136 136 89 59 59 32 61 61 34 134 134 88 59 59 32 132 132 87 134 134 88 61 61 34 156 156 101 124 124 81 129 129 86 125 125 82 124 124 81 156 156 101 39 39 23 125 125 82 156 156 101 111 111 73 115 115 75 113 113 74 89 89 58 115 115 75 111 111 73 87 87 56 89 89 58 111 111 73 193 192 125 192 191 124 191 190 124 194 193 124 192 191 124 193 192 125 195 194 124 194 193 124 193 192 125 193 192 125 196 195 124 195 194 124 197 196 124 196 195 124 193 192 125 198 197 124 197 196 124 193 192 125 193 192 125 199 198 124 198 197 124 200 199 124 199 198 124 193 192 125 201 200 124 200 199 124 193 192 125 193 192 125 202 201 124 201 200 124 203 202 124 202 201 124 193 192 125 191 190 124 203 202 124 193 192 125 73 73 43 67 67 40 71 71 41 65 65 38 67 67 40 73 73 43 63 63 36 65 65 38 73 73 43 132 132 87 73 73 43 75 75 45 63 63 36 73 73 43 132 132 87 61 61 34 63 63 36 132 132 87 138 138 90 171 171 111 169 169 110 173 173 10 171 171 111 138 138 90 137 137 10 173 173 10 138 138 90 128 128 85 13 13 11 15 15 12 126 126 83 13 13 11 128 128 85 127 127 84 126 126 83 128 128 85 205 203 10 180 179 117 204 167 111 206 204 10 180 179 117 205 203 10 208 167 126 207 205 10 205 203 10 168 168 109 207 205 10 208 167 126 159 159 103 74 74 44 72 72 42 76 76 46 74 74 44 159 159 103 25 25 17 141 141 93 23 23 16 27 27 10 141 141 93 25 25 17 141 141 93 29 29 18 31 31 19 27 27 10 29 29 18 141 141 93 209 98 127 116 116 10 143 143 10 99 99 65 116 116 10 209 98 127 54 54 30 50 50 1 52 52 30 42 42 24 50 50 1 54 54 30 44 44 26 50 50 1 42 42 24 46 46 28 50 50 1 44 44 26 57 57 31 138 138 90 169 169 110 59 59 32 138 138 90 57 57 31 153 153 10 211 207 10 210 206 10 60 60 33 211 207 10 153 153 10 152 152 10 210 206 10 151 151 10 153 153 10 210 206 10 152 152 10 19 19 14 157 157 102 17 17 13 186 185 120 157 157 102 19 19 14 126 126 83 11 11 9 13 13 11 9 9 7 11 11 9 126 126 83 156 156 101 37 37 22 39 39 23 35 35 21 37 37 22 156 156 101 154 154 99 157 157 102 186 185 120 155 155 100 157 157 102 154 154 99 181 180 33 206 204 10 182 181 10 180 179 117 206 204 10 181 180 33 111 111 73 85 85 54 87 87 56 83 83 52 85 85 54 111 111 73 212 208 10 170 170 10 172 172 10 207 205 10 170 170 10 212 208 10 214 210 10 196 195 124 213 209 10 195 194 124 196 195 124 214 210 10 216 212 10 191 190 124 215 211 10 203 202 124 191 190 124 216 212 10 218 214 10 202 201 124 217 213 10 201 200 124 202 201 124 218 214 10 100 100 66 175 174 113 102 102 68 174 98 112 175 174 113 100 100 66 146 146 96 176 175 114 144 144 95 148 148 97 176 175 114 146 146 96 220 216 10 200 199 124 219 215 10 199 198 124 200 199 124 220 216 10 222 218 10 198 197 124 221 217 10 197 196 124 198 197 124 222 218 10 106 106 72 188 187 122 108 108 10 104 104 70 188 187 122 106 106 72 183 182 118 77 77 47 185 184 119 75 75 45 77 77 47 183 182 118 224 220 10 194 193 124 223 219 10 192 191 124 194 193 124 224 220 10 96 96 63 161 161 105 97 97 10 95 95 62 161 161 105 96 96 63 105 105 71 123 123 10 103 103 69 107 107 10 123 123 10 105 105 71 60 60 33 58 58 10 211 207 10 50 50 1 46 46 28 48 48 29 170 170 10 207 205 10 168 168 109 164 164 108 162 162 106 163 163 107 99 99 65 101 101 67 119 119 77 179 178 10 177 176 115 178 177 116 148 148 97 150 150 98 190 189 123</p>
                </polylist>
            </mesh>
        </geometry>
        <geometry id="mesh5">
            <mesh>
                <source id="points5">
                    <float_array id="pointarray5" count="141">-3010.5 -2043.25 -379.25 -2825.25 -2208.5 -174 -2962.5 -2226.75 -99.25 -2940 -2294 -63.25 -3375.75 -2210.25 -73.75 -3385 -2267.75 -46 -3676.75 -2190.5 -199 -3669.75 -2249.75 -165.25 -3933.75 -2128.75 -486.25 -3949.25 -2183 -494 -4011.5 -2154.25 -662.5 -3688.75 -1989.25 -669 -4003.25 -2102.25 -656.25 -3985.75 -2060.25 -806.5 -3999.25 -2117.5 -829.75 -3793 -1944.25 -1163.25 -3833 -1982 -1212.25 -3529.75 -1880 -1348.25 -3551.75 -1914.5 -1410.25 -3688.75 -1989.25 -669 -3266.5 -1894.75 -695.5 -3549.5 -2040.25 -399 -3305.25 -2058 -295.75 -3010.5 -2043.25 -379.25 -2931.5 -1880.5 -960 -2615.75 -1960.75 -959 -2844 -1969.5 -625.75 -2575 -2043.5 -641.5 -3010.5 -2043.25 -379.25 -2709 -2181.25 -272.5 -3307.5 -1841.5 -1120.25 -3126.25 -1856.5 -1411.75 -3116.75 -1932.25 -1487.75 -2931.5 -1880.5 -960 -2854.75 -1896.5 -1290.25 -2819.25 -1971.25 -1359 -2559 -2025.5 -994.5 -3616.25 -1900 -954.5 -3010.5 -2043.25 -379.25 -2785.5 -2270 -142 -3307.5 -1841.5 -1120.25 -3688.75 -1989.25 -669 -3688.75 -1989.25 -669 -2656.75 -2238 -248.75 -2515.5 -2104.5 -651.5 -2931.5 -1880.5 -960 -3307.5 -1841.5 -1120.25</float_array>
                    <technique_common>
                        <accessor count="47" source="#pointarray5" stride="3">
                            <param name="X" type="float"/>
                            <param name="Y" type="float"/>
                            <param name="Z" type="float"/>
                        </accessor>
                    </technique_common>
                </source>
                <source id="uvs5">
                    <float_array id="uvarray5" count="74">0.33837890625 0.74072265625 0.228515625 0.90771484375 0.31982421875 0.953125 0.84619140625 1.1826171875 0.59326171875 0.951171875 0.6484375 1.20263671875 0.78759765625 0.85400390625 0.65234375 1.09228515625 0.94921875 0.630859375 0.681640625 0.8935546875 0.6669921875 0.8115234375 0.775390625 0.5166015625 0.9638671875 0.52734375 0.96044921875 0.42333984375 0.64306640625 0.73095703125 0.82421875 0.18505859375 0.509765625 0.5634765625 0.64208984375 0.06591796875 0.3681640625 0.47998046875 0.494140625 0.50146484375 0.6943359375 0.70556640625 0.537109375 0.78515625 0.26171875 0.341796875 0.052734375 0.3681640625 0.2177734375 0.576171875 0.0390625 0.5888671875 0.14794921875 0.84423828125 0.50341796875 0.216796875 0.3720703125 0.037109375 0.1650390625 0.45458984375 0.19775390625 0.13720703125 0.0263671875 0.5263671875 -0.1044921875 0.70068359375 0.71533203125 0.3203125 0.84423828125 1.130859375 -0.1669921875 1.06787109375 -0.15478515625 0.865234375</float_array>
                    <technique_common>
                        <accessor count="37" source="#uvarray5" stride="2">
                            <param name="S" type="float"/>
                            <param name="T" type="float"/>
                        </accessor>
                    </technique_common>
                </source>
                <source id="colors5">
                    <float_array id="colorarray5" count="160">0.6196078431372549 0.6627450980392157 0.8862745098039215 1 0.5843137254901961 0.596078431372549 0.8666666666666667 1 0.611764705882353 0.5882352941176471 0.8627450980392157 1 0 0 0 1 0.788235294117647 0.6549019607843137 0.8862745098039215 1 0.06274509803921569 0.01568627450980392 0 1 0.5725490196078431 0.615686274509804 0.8745098039215686 1 0.08235294117647059 0.011764705882352941 0 1 0.5686274509803921 0.5764705882352941 0.8352941176470589 1 0.35294117647058826 0.2549019607843137 0.16862745098039217 1 0.23137254901960785 0.17254901960784313 0.10588235294117647 1 0.5058823529411764 0.5686274509803921 0.8 1 0.5215686274509804 0.5568627450980392 0.788235294117647 1 0.4823529411764706 0.5333333333333333 0.7450980392156863 1 0.1411764705882353 0.11764705882352941 0.06274509803921569 1 0.3215686274509804 0.396078431372549 0.5490196078431373 1 0.25882352941176473 0.3333333333333333 0.4627450980392157 1 0.5215686274509804 0.5843137254901961 0.8235294117647058 1 0.4980392156862745 0.5725490196078431 0.803921568627451 1 0.5882352941176471 0.6313725490196078 0.8862745098039215 1 0.6588235294117647 0.7137254901960784 0.8862745098039215 1 0.6274509803921569 0.6666666666666666 0.8862745098039215 1 0.4196078431372549 0.4980392156862745 0.6980392156862745 1 0.32941176470588235 0.38823529411764707 0.5254901960784314 1 0.5176470588235295 0.5764705882352941 0.807843137254902 1 0.43529411764705883 0.48627450980392156 0.6823529411764706 1 0.5803921568627451 0.615686274509804 0.8784313725490196 1 0.5372549019607843 0.5647058823529412 0.807843137254902 1 0.34901960784313724 0.43529411764705883 0.611764705882353 1 0.19215686274509805 0.25882352941176473 0.33725490196078434 1 0.396078431372549 0.4745098039215686 0.6666666666666666 1 0.16862745098039217 0.2235294117647059 0.3215686274509804 1 0.42745098039215684 0.4980392156862745 0.7019607843137254 1 0.592156862745098 0.6352941176470588 0.8823529411764706 1 0.35294117647058826 0.4392156862745098 0.6196078431372549 1 0.49411764705882355 0.5607843137254902 0.788235294117647 1 0.5294117647058824 0.5882352941176471 0.8313725490196079 1 0.0196078431372549 0 0 1 0.37254901960784315 0.4549019607843137 0.6352941176470588 1 0.34509803921568627 0.43137254901960786 0.6078431372549019 1</float_array>
                    <technique_common>
                        <accessor count="40" source="#colorarray5" stride="4">
                            <param name="R" type="float"/>
                            <param name="G" type="float"/>
                            <param name="B" type="float"/>
                            <param name="A" type="float"/>
                        </accessor>
                    </technique_common>
                </source>
                <vertices id="vertices5">
                    <input semantic="POSITION" source="#points5"/>
                </vertices>
                <polylist count="58" material="Material1">
                    <input offset="0" semantic="VERTEX" source="#vertices5"/>
                    <input offset="1" semantic="TEXCOORD" source="#uvs5" set="0"/>
                    <input offset="2" semantic="COLOR" source="#colors5" set="0"/>
                    <vcount>3 3 3 3 3 3 3 3 3 3 3 3 3 3 3 3 3 3 3 3 3 3 3 3 3 3 3 3 3 3 3 3 3 3 3 3 3 3 3 3 3 3 3 3 3 3 3 3 3 3 3 3 3 3 3 3 3 3</vcount>
                    <p>2 2 2 1 1 1 0 0 0 3 3 3 1 1 1 2 2 2 4 4 4 3 3 3 2 2 2 5 5 5 3 3 3 4 4 4 6 6 6 5 5 5 4 4 4 7 7 7 5 5 5 6 6 6 8 8 8 7 7 7 6 6 6 9 9 9 7 7 7 8 8 8 10 10 10 9 9 9 8 8 8 13 13 13 12 12 12 11 11 11 14 14 14 12 12 12 13 13 13 15 15 15 14 14 14 13 13 13 16 16 3 14 14 14 15 15 15 17 17 16 16 16 3 15 15 15 18 18 3 16 16 3 17 17 16 21 20 19 20 19 18 19 11 17 22 21 20 20 19 18 21 20 19 4 4 4 22 21 20 21 20 19 23 0 21 22 21 20 4 4 4 2 2 2 23 0 21 4 4 4 26 24 24 25 23 23 24 22 22 27 25 25 25 23 23 26 24 24 28 0 26 27 25 25 26 24 24 29 26 27 27 25 25 28 0 26 31 28 29 17 17 16 30 27 28 18 18 3 17 17 16 31 28 29 32 29 3 18 18 3 31 28 29 25 23 23 34 30 31 33 22 30 35 31 3 34 30 31 25 23 23 36 32 3 35 31 3 25 23 23 12 12 12 8 8 8 19 11 17 10 10 10 8 8 8 12 12 12 14 14 14 10 10 10 12 12 12 20 19 18 37 33 32 11 11 11 30 27 28 37 33 32 20 19 18 33 22 30 30 27 28 20 19 18 1 1 1 29 26 27 38 0 33 39 34 7 29 26 27 1 1 1 3 3 3 39 34 7 1 1 1 15 15 15 40 27 34 17 17 16 37 33 32 40 27 34 15 15 15 41 11 35 37 33 32 15 15 15 21 20 19 6 6 6 4 4 4 8 8 8 6 6 6 21 20 19 42 11 36 8 8 8 21 20 19 20 19 18 26 24 24 33 22 30 38 0 33 26 24 24 20 19 18 43 35 37 29 26 27 39 34 7 44 36 3 29 26 27 43 35 37 32 29 3 34 30 31 35 31 3 31 28 29 34 30 31 32 29 3 44 36 3 27 25 25 29 26 27 36 32 3 27 25 25 44 36 3 31 28 29 45 22 38 34 30 31 46 27 39 45 22 38 31 28 29 20 19 18 22 21 20 0 0 0 27 25 25 36 32 3 25 23 23 15 15 15 13 13 13 41 11 35</p>
                </polylist>
            </mesh>
        </geometry>
        <geometry id="mesh6">
            <mesh>
                <source id="points6">
                    <float_array id="pointarray6" count="279">-1616 -1902 -1045.75 -1622.75 -1923 -960 -1527.5 -2372 -1132.75 -1486 -2370.25 -1048.75 -1305.25 -2668.25 -1093 -1446 -2430.75 -804.75 -1283 -2701.75 -957.5 -1266.25 -2468 -655.25 -975.75 -2725.75 -860.75 -909 -2482.75 -595.75 -712.75 -2430.75 -804.75 -589.25 -2004 -634 -548 -1987 -712.75 -536 -1964.5 -793 -645.25 -2436.75 -853.5 -673 -2401.25 -923.75 -853.75 -2685.5 -1023.5 -712.75 -2340.75 -1167.5 -875.75 -2651.75 -1159 -892.5 -2297.5 -1342 -975.75 -2627.75 -1256 -1001 -2621.25 -1293.25 -1049.75 -2720.5 -1129 -1059.5 -2719.75 -1132 -1079.5 -2789.5 -1086.25 -838.5 -2698 -983 -875.75 -2701.75 -957.5 -1021.25 -2741.5 -1044 -1049.75 -2748.25 -1016.25 -1137.5 -2741.5 -1044 -1329.25 -1825.75 -1352.25 -1569.5 -1883.75 -1119 -1266.25 -2297.5 -1342 -1446 -2340.75 -1167.5 -1183.25 -2627.75 -1256 -1283 -2651.75 -1159 -1137.5 -2727.25 -1101.25 -1328.25 -2660 -1137.5 -1140.5 -2729.5 -1092 -548 -1987 -712.75 -625 -1960.75 -806.5 -536 -1964.5 -793 -669.5 -1893 -1079 -589.25 -1883.75 -1119 -870.5 -1844.75 -1274.25 -829.75 -1825.75 -1352.25 -907.25 -1817.25 -1391 -1021.25 -2727.25 -1101.25 -1015 -2736.75 -1062.75 -1018.25 -2739.25 -1053.25 60.5 -63 -315.75 47 -84 -231.75 58.25 556.75 -70 -46.5 -100.25 -165.5 -47.5 538 4.5 -133 -97 -179 -135.75 541.5 -9 -212.75 567 -111.75 -993.25 -1813 -1404 -938 -2298.5 -1412.75 -1015 -2288 -1380.75 -1043.75 -2622.5 -1277.5 -1616 -1902 -1045.75 -1533.75 -1926 -946.25 -1622.75 -1923 -960 -1489.25 -1993.5 -673.75 -1569.5 -2004 -634 -1288.25 -2042 -478.75 -1329.25 -2061.75 -400.75 -829.75 -1825.75 -1352.25 -589.25 -1883.75 -1119 -1069.25 -2719 -1135 -1143.75 -2732 -1082.5 -589.25 -2004 -634 -669.5 -1993.5 -673.75 -829.75 -2061.75 -400.75 -870.5 -2042 -478.75 -1007.5 -1834 -1317.25 -993.25 -1813 -1404 -1288.25 -1844.75 -1274.25 -1329.25 -1825.75 -1352.25 -1109 -2720.5 -1129 -1569.5 -1883.75 -1119 -1489.25 -1893 -1079 -92.75 606.75 -272 -93.75 -37.25 -420 -4.75 603.5 -258.5 -7.25 -40.5 -406.75 -1569.5 -2004 -634 -198.75 588.25 -197.25 -187.5 -53.5 -353.75 -201.25 -74.5 -270 72.25 577.75 -155.75</float_array>
                    <technique_common>
                        <accessor count="93" source="#pointarray6" stride="3">
                            <param name="X" type="float"/>
                            <param name="Y" type="float"/>
                            <param name="Z" type="float"/>
                        </accessor>
                    </technique_common>
                </source>
                <source id="uvs6">
                    <float_array id="uvarray6" count="176">-0.10009765625 1 -0.05029296875 1 -0.10009765625 0.4521484375 -0.05029296875 0.4775390625 -0.05078125 0.13330078125 0.1494140625 0.4775390625 0.14892578125 0.13330078125 0.349609375 0.4775390625 0.650390625 0.13330078125 0.64990234375 0.37646484375 0.85009765625 0.4775390625 0.85009765625 1 0.90185546875 0.99755859375 0.9501953125 1 0.900390625 0.45751953125 0.9501953125 0.4775390625 0.95068359375 0.13330078125 1.150390625 0.4775390625 1.150390625 0.13330078125 1.35009765625 0.4775390625 1.35009765625 0.13330078125 1.39990234375 0.13037109375 1.35107421875 0.0654296875 1.40087890625 0.0654296875 1.5 0 0.900390625 0.13037109375 0.8505859375 0.13330078125 0.8525390625 0.0654296875 0.6513671875 0.0654296875 0.14697265625 0.0654296875 -0.35009765625 1 -0.14990234375 1 -0.35009765625 0.4775390625 -0.14990234375 0.4775390625 -0.35009765625 0.13330078125 -0.150390625 0.13330078125 -0.15234375 0.0654296875 -0.1005859375 0.13037109375 -0.1025390625 0.0654296875 0.9501953125 0.93310546875 1.150390625 0.93310546875 1.14990234375 1 1.35009765625 0.93310546875 1.35009765625 1 1.39990234375 0.9990234375 1.15234375 0.0654296875 0.95263671875 0.0654296875 0.90234375 0.0654296875 1.056640625 0.107421875 0.84326171875 0.107421875 0.849609375 1 0.556640625 0.107421875 0.5498046875 1 0.34326171875 0.107421875 0.349609375 1 0.0498046875 1 1.44970703125 1 1.39990234375 0.45703125 1.44970703125 0.4775390625 1.44970703125 0.13330078125 1.6494140625 0.4775390625 1.6494140625 0.13330078125 -0.05029296875 0.93310546875 0.1494140625 0.93310546875 0.1494140625 1 0.349609375 0.93310546875 1.4501953125 0.0654296875 -0.052734375 0.0654296875 -0.49951171875 0 0.85009765625 0.93310546875 0.64990234375 1 0.64990234375 0.93310546875 1.44970703125 0.93310546875 1.6494140625 0.93310546875 1.6494140625 1 1.6484375 0.0654296875 -0.14990234375 0.93310546875 -0.35009765625 0.93310546875 1.5498046875 1 1.556640625 0.107421875 1.349609375 1 1.34326171875 0.107421875 -0.35107421875 0.0654296875 -0.44970703125 1 -0.44287109375 0.107421875 -0.15625 0.107421875 0.056640625 0.107421875 1.0498046875 1</float_array>
                    <technique_common>
                        <accessor count="88" source="#uvarray6" stride="2">
                            <param name="S" type="float"/>
                            <param name="T" type="float"/>
                        </accessor>
                    </technique_common>
                </source>
                <source id="colors6">
                    <float_array id="colorarray6" count="208">0.33725490196078434 0.3607843137254902 0.3764705882352941 1 0.23137254901960785 0.2549019607843137 0.27058823529411763 1 0.3058823529411765 0.3254901960784314 0.3411764705882353 1 0.23529411764705882 0.2549019607843137 0.27058823529411763 1 0.2196078431372549 0.24313725490196078 0.25882352941176473 1 0.09411764705882353 0.11764705882352941 0.13333333333333333 1 0.12549019607843137 0.14901960784313725 0.16470588235294117 1 0 0.0196078431372549 0.03529411764705882 1 0.20784313725490197 0.23137254901960785 0.24705882352941178 1 0.13333333333333333 0.1568627450980392 0.17254901960784313 1 0.49411764705882355 0.5176470588235295 0.5333333333333333 1 0.5098039215686274 0.5333333333333333 0.5490196078431373 1 0.4666666666666667 0.49019607843137253 0.5058823529411764 1 0.4196078431372549 0.44313725490196076 0.4549019607843137 1 0.48627450980392156 0.5058823529411764 0.5215686274509804 1 0.4 0.4235294117647059 0.4392156862745098 1 0.396078431372549 0.4196078431372549 0.43529411764705883 1 0.35294117647058826 0.37254901960784315 0.38823529411764707 1 0.3843137254901961 0.40784313725490196 0.4235294117647059 1 0.27058823529411763 0.2901960784313726 0.3058823529411765 1 0.33725490196078434 0.3568627450980392 0.37254901960784315 1 0.3058823529411765 0.32941176470588235 0.34509803921568627 1 0.3607843137254902 0.3843137254901961 0.4 1 0.42745098039215684 0.4470588235294118 0.4627450980392157 1 0.4117647058823529 0.43529411764705883 0.45098039215686275 1 0.36470588235294116 0.38823529411764707 0.403921568627451 1 0.35294117647058826 0.3764705882352941 0.38823529411764707 1 0.2627450980392157 0.28627450980392155 0.30196078431372547 1 0.20392156862745098 0.22745098039215686 0.24313725490196078 1 0.30980392156862746 0.3333333333333333 0.34901960784313724 1 0.24313725490196078 0.26666666666666666 0.2823529411764706 1 0.26666666666666666 0.2901960784313726 0.3058823529411765 1 0.3215686274509804 0.34509803921568627 0.3568627450980392 1 0.2980392156862745 0.3215686274509804 0.33725490196078434 1 0.3568627450980392 0.3803921568627451 0.396078431372549 1 0.3411764705882353 0.36470588235294116 0.3803921568627451 1 0.25098039215686274 0.25098039215686274 0.36470588235294116 1 0.22745098039215686 0.22745098039215686 0.3411764705882353 1 0.09019607843137255 0.09019607843137255 0.20392156862745098 1 0.13333333333333333 0.13333333333333333 0.24705882352941178 1 0.16862745098039217 0.19215686274509805 0.20784313725490197 1 0.23921568627450981 0.2627450980392157 0.2784313725490196 1 0.17647058823529413 0.2 0.21568627450980393 1 0.27058823529411763 0.29411764705882354 0.30980392156862746 1 0.09019607843137255 0.11372549019607843 0.12549019607843137 1 0.0196078431372549 0.043137254901960784 0.058823529411764705 1 0.2 0.2235294117647059 0.23921568627450981 1 0.2823529411764706 0.3058823529411765 0.3176470588235294 1 0.34509803921568627 0.3686274509803922 0.3843137254901961 1 0.24705882352941178 0.26666666666666666 0.2823529411764706 1 0.11372549019607843 0.13333333333333333 0.14901960784313725 1 0.07058823529411765 0.09411764705882353 0.10588235294117647 1</float_array>
                    <technique_common>
                        <accessor count="52" source="#colorarray6" stride="4">
                            <param name="R" type="float"/>
                            <param name="G" type="float"/>
                            <param name="B" type="float"/>
                            <param name="A" type="float"/>
                        </accessor>
                    </technique_common>
                </source>
                <vertices id="vertices6">
                    <input semantic="POSITION" source="#points6"/>
                </vertices>
                <polylist count="131" material="Material1">
                    <input offset="0" semantic="VERTEX" source="#vertices6"/>
                    <input offset="1" semantic="TEXCOORD" source="#uvs6" set="0"/>
                    <input offset="2" semantic="COLOR" source="#colors6" set="0"/>
                    <vcount>3 3 3 3 3 3 3 3 3 3 3 3 3 3 3 3 3 3 3 3 3 3 3 3 3 3 3 3 3 3 3 3 3 3 3 3 3 3 3 3 3 3 3 3 3 3 3 3 3 3 3 3 3 3 3 3 3 3 3 3 3 3 3 3 3 3 3 3 3 3 3 3 3 3 3 3 3 3 3 3 3 3 3 3 3 3 3 3 3 3 3 3 3 3 3 3 3 3 3 3 3 3 3 3 3 3 3 3 3 3 3 3 3 3 3 3 3 3 3 3 3 3 3 3 3 3 3 3 3 3 3</vcount>
                    <p>2 2 2 1 1 1 0 0 0 3 3 3 1 1 1 2 2 2 4 4 4 3 3 3 2 2 2 5 5 5 3 3 3 4 4 4 6 6 6 5 5 5 4 4 4 7 7 7 5 5 5 6 6 6 8 8 8 7 7 7 6 6 6 9 9 9 7 7 7 8 8 8 10 10 10 9 9 9 8 8 8 11 11 11 9 9 9 10 10 10 12 12 12 11 11 11 10 10 10 14 14 14 13 13 13 12 12 12 15 15 15 13 13 13 14 14 14 16 16 16 15 15 15 14 14 14 17 17 17 15 15 15 16 16 16 18 18 18 17 17 17 16 16 16 19 19 19 17 17 17 18 18 18 20 20 20 19 19 19 18 18 18 21 21 0 19 19 19 20 20 20 22 22 17 21 21 0 20 20 20 23 23 21 21 21 0 22 22 17 24 24 22 23 23 21 22 22 17 10 10 10 14 14 14 12 12 12 25 25 23 14 14 14 10 10 10 26 26 24 25 25 23 10 10 10 27 27 25 25 25 23 26 26 24 8 8 8 27 27 25 26 26 24 28 28 26 27 27 25 8 8 8 6 6 6 28 28 26 8 8 8 29 29 27 28 28 26 6 6 6 32 32 30 31 31 29 30 30 28 33 33 31 31 31 29 32 32 30 34 34 32 33 33 31 32 32 30 35 35 29 33 33 31 34 34 32 36 36 29 35 35 29 34 34 32 37 37 33 35 35 29 36 36 29 38 38 33 37 37 33 36 36 29 41 13 9 40 39 9 39 12 9 42 40 9 40 39 9 41 13 9 43 41 9 42 40 9 41 13 9 44 42 9 42 40 9 43 41 9 45 43 9 44 42 9 43 41 9 46 44 9 44 42 9 45 43 9 18 18 18 22 22 17 20 20 20 47 45 22 22 22 17 18 18 18 16 16 16 47 45 22 18 18 18 48 46 34 47 45 22 16 16 16 25 25 23 48 46 34 16 16 16 49 47 35 48 46 34 25 25 23 52 50 37 51 49 36 50 48 36 53 51 36 51 49 36 52 50 37 54 52 38 53 51 36 52 50 37 55 53 36 53 51 36 54 52 38 56 54 39 55 53 36 54 52 38 57 55 37 55 53 36 56 54 39 59 57 41 58 56 40 46 44 9 60 58 42 58 56 40 59 57 41 61 59 43 60 58 42 59 57 41 32 60 30 60 58 42 61 59 43 34 61 32 32 60 30 61 59 43 64 1 7 63 62 44 62 0 9 65 63 45 63 62 44 64 1 7 66 64 7 65 63 45 64 1 7 67 65 45 65 63 45 66 64 7 68 54 7 67 65 45 66 64 7 69 43 46 19 19 19 46 44 9 17 17 17 19 19 19 69 43 46 70 41 47 17 17 17 69 43 46 15 15 15 17 17 17 70 41 47 13 13 13 15 15 15 70 41 47 24 24 22 28 28 26 29 29 27 27 27 25 28 28 26 24 24 22 49 47 35 27 27 25 24 24 22 25 25 23 27 27 25 49 47 35 21 21 0 61 59 43 59 57 41 71 66 48 61 59 43 21 21 0 23 23 21 71 66 48 21 21 0 24 24 22 71 66 48 23 23 21 37 37 33 4 4 4 2 2 2 72 67 49 4 4 4 37 37 33 38 38 33 72 67 49 37 37 33 24 68 22 72 67 49 38 38 33 74 69 9 73 11 9 39 12 9 75 70 9 73 11 9 74 69 9 76 71 9 75 70 9 74 69 9 78 56 9 77 72 9 46 44 9 79 73 9 77 72 9 78 56 9 80 74 9 79 73 9 78 56 9 81 75 20 71 66 48 24 24 22 61 59 43 71 66 48 81 75 20 34 61 32 61 59 43 81 75 20 83 76 50 82 31 9 62 0 9 80 30 9 82 31 9 83 76 50 79 77 9 80 30 9 83 76 50 86 80 37 85 79 36 84 78 37 87 81 36 85 79 36 86 80 37 50 48 36 87 81 36 86 80 37 29 29 27 72 67 49 24 68 22 4 4 4 72 67 49 29 29 27 6 6 6 4 4 4 29 29 27 88 64 51 7 7 7 68 54 7 5 5 5 7 7 7 88 64 51 3 3 3 5 5 5 88 64 51 24 24 22 48 46 34 49 47 35 47 45 22 48 46 34 24 24 22 22 22 17 47 45 22 24 24 22 36 36 29 24 68 22 38 38 33 81 82 20 24 68 22 36 36 29 34 34 32 81 82 20 36 36 29 33 33 31 0 0 0 31 31 29 2 2 2 0 0 0 33 33 31 37 37 33 2 2 2 33 33 31 59 57 41 19 19 19 21 21 0 46 44 9 19 19 19 59 57 41 85 84 36 89 31 37 84 83 37 90 85 36 89 31 37 85 84 36 57 55 37 91 86 36 55 53 36 89 31 37 91 86 36 57 55 37 92 87 37 50 48 36 86 80 37 52 50 37 50 48 36 92 87 37 60 58 42 30 74 28 58 56 40 32 60 30 30 74 28 60 58 42 63 62 44 83 76 50 62 0 9 16 16 16 14 14 14 25 25 23 10 10 10 8 8 8 26 26 24 11 11 11 75 70 9 9 9 9 88 64 51 1 1 1 3 3 3 89 31 37 90 85 36 91 86 36 37 37 33 33 33 31 35 35 29 40 39 9 74 69 9 39 12 9 77 72 9 44 42 9 46 44 9</p>
                </polylist>
            </mesh>
        </geometry>
        <geometry id="mesh7">
            <mesh>
                <source id="points7">
                    <float_array id="pointarray7" count="213">-2271.5 -344.5 618.25 -2271.5 -342.75 594 -2765.25 -357.75 590.25 -2766.5 -359.75 614.5 -2909.75 -459.75 565 -2913.25 -463.25 588.75 -2964 -620.75 525 -2968 -626.5 548.25 -2964 -631.25 534.75 -2968 -632.25 538.75 -3057.75 -601.5 447.5 -2968 -601.5 447.5 -2980.25 -390.5 499.75 -2909.75 -440.5 487.25 -2792.25 -257.75 532.5 -2765 -338.5 512.5 -2603 -237.75 537.75 -3058 -626.5 548.25 -2980.5 -415.75 600.75 -2792.25 -283 633.5 -2603.25 -262.75 638.5 -2968 -531.25 130.75 -3053.75 -531.25 130.75 -2968 -524.75 138.5 -3057.75 -524.75 138.5 -2909.75 -364 178.5 -2980.25 -314 190.75 -2765 -262 203.75 -2968 -499.75 37.75 -2909.75 -344.75 100.75 -2913.25 -336.5 78 -2765.25 -242.75 126 -2766.5 -233.25 103.75 -2308 -227.5 130 -2297 -218 107.5 -1856 -160.75 228.75 -2317.5 -246.75 207.5 -2603 -161 228.75 -2792.25 -181.25 223.75 -2980.5 -289 90 -2792.25 -156.25 122.75 -2603.25 -136 127.75 -2271.25 -344.5 618.25 -1856 -262.5 638.75 -2748 -505.5 61 -2964 -505.5 61 -3054 -509.5 43.5 -3058 -499.75 37.75 -1856 -135.75 128 -3058 -499.75 37.75 -2968 -509.5 43.5 -2964 -510.5 47.25 -1856 -237.25 537.75 -2271.5 -323.5 516.25 -2271.5 -342.75 594 -2748 -620.75 525 -2765.25 -357.75 590.25 -2909.75 -459.75 565 -2968 -610.75 451.25 -3053.75 -610.75 451.25 -2297 -217.75 107.5 -3054 -632.25 538.75 -2603.25 -262.75 638.5 -2748 -515.25 66.75 -2964 -515.25 66.75 -3054 -509.5 43.5 -2964 -626.5 515.5 -2748 -626.5 515.5 -2748 -620.75 525 -2964 -631.25 534.75 -2964 -620.75 525</float_array>
                    <technique_common>
                        <accessor count="71" source="#pointarray7" stride="3">
                            <param name="X" type="float"/>
                            <param name="Y" type="float"/>
                            <param name="Z" type="float"/>
                        </accessor>
                    </technique_common>
                </source>
                <source id="uvs7">
                    <float_array id="uvarray7" count="154">0.0615234375 1.302734375 0.14892578125 1.30322265625 -0.224609375 1.302734375 0.14892578125 -1.22607421875 -0.224609375 -1.330078125 0.14892578125 -1.94921875 -0.224609375 -2.27001953125 0.14892578125 -2.2626953125 -0.224609375 -3.39404296875 0.10498046875 -2.2626953125 -0.1953125 -3.39404296875 0.43994140625 -3.41455078125 0.76171875 -3.4228515625 0.43994140625 -2.35107421875 0.76171875 -2.3564453125 0.43994140625 -1.369140625 0.76171875 -1.3486328125 0.43994140625 -0.259765625 0.0615234375 -3.416015625 0.0615234375 -2.35205078125 0.0615234375 -1.37060546875 0.0615234375 -0.2607421875 0.16162109375 -3.109375 0.43359375 -3.078125 0.140625 -3.109375 0.41259765625 -3.09716796875 0.140625 -2.08544921875 0.41259765625 -2.0830078125 0.140625 -1.0791015625 1.0966796875 -3.10693359375 0.69775390625 -1.62744140625 1.0966796875 -2.11279296875 0.69775390625 -0.94580078125 1.0966796875 -1.0146484375 0.69775390625 1.21044921875 0.78369140625 1.2626953125 0.32763671875 3.341796875 0.140625 1.14306640625 0.41259765625 -0.18115234375 0.41259765625 -1.072265625 0.78369140625 -2.083984375 0.78369140625 -1.0732421875 0.78369140625 -0.18212890625 -0.224609375 1.30419921875 0.0615234375 3.35205078125 1.26953125 2.89111328125 1.3369140625 0.93017578125 2.498046875 1.00439453125 1.787109375 0.31005859375 2.498046875 0.07861328125 0.7548828125 -3.0791015625 0.78369140625 -3.09814453125 0.78369140625 3.341796875 1.068359375 -3.10693359375 0.74072265625 -2.56591796875 0.69775390625 -2.56591796875 0.43994140625 3.35205078125 0.76171875 1.30322265625 1.294921875 2.8701171875 2.45654296875 0.93798828125 1.35791015625 0.8671875 1.7841796875 0.28076171875 0.73974609375 -3.4228515625 0.41796875 -3.3935546875 1.0966796875 1.26318359375 0.0908203125 -3.39453125 2.5322265625 1.00439453125 2.5322265625 0.07861328125 1 0 0 0 0.9423828125 0.08642578125 0.07666015625 0.0859375 2.48876953125 0.06201171875 2.45654296875 0.06201171875 2.48876953125 0.93798828125 0.66943359375 -2.56591796875 0.177734375 -2.2626953125</float_array>
                    <technique_common>
                        <accessor count="77" source="#uvarray7" stride="2">
                            <param name="S" type="float"/>
                            <param name="T" type="float"/>
                        </accessor>
                    </technique_common>
                </source>
                <source id="colors7">
                    <float_array id="colorarray7" count="100">0.050980392156862744 0.054901960784313725 0.054901960784313725 1 0.43529411764705883 0.4 0.3764705882352941 1 0.1568627450980392 0.16470588235294117 0.16862745098039217 1 0.19607843137254902 0.20392156862745098 0.21176470588235294 1 0.4549019607843137 0.4196078431372549 0.4 1 0.3411764705882353 0.35294117647058826 0.3607843137254902 1 0.11372549019607843 0.11372549019607843 0.11372549019607843 1 0.6862745098039216 0.6705882352941176 0.7019607843137254 1 0.25098039215686274 0.25098039215686274 0.25098039215686274 1 0.4 0.403921568627451 0.43529411764705883 1 0.5372549019607843 0.5254901960784314 0.5529411764705883 1 0.5372549019607843 0.5372549019607843 0.5372549019607843 1 0.6823529411764706 0.6666666666666666 0.6980392156862745 1 0.5176470588235295 0.5176470588235295 0.5176470588235295 1 0.10588235294117647 0.10980392156862745 0.11372549019607843 1 0.6666666666666666 0.615686274509804 0.611764705882353 1 0.40784313725490196 0.4117647058823529 0.43529411764705883 1 0.24313725490196078 0.25098039215686274 0.2627450980392157 1 0.2823529411764706 0.28627450980392155 0.3176470588235294 1 0.35294117647058826 0.32941176470588235 0.3176470588235294 1 0.12156862745098039 0.12156862745098039 0.12549019607843137 1 0.38823529411764707 0.39215686274509803 0.4 1 0 0 0 1 0.3254901960784314 0.30980392156862746 0.3411764705882353 1 0.6588235294117647 0.6431372549019608 0.6745098039215687 1</float_array>
                    <technique_common>
                        <accessor count="25" source="#colorarray7" stride="4">
                            <param name="R" type="float"/>
                            <param name="G" type="float"/>
                            <param name="B" type="float"/>
                            <param name="A" type="float"/>
                        </accessor>
                    </technique_common>
                </source>
                <vertices id="vertices7">
                    <input semantic="POSITION" source="#points7"/>
                </vertices>
                <polylist count="90" material="Material1">
                    <input offset="0" semantic="VERTEX" source="#vertices7"/>
                    <input offset="1" semantic="TEXCOORD" source="#uvs7" set="0"/>
                    <input offset="2" semantic="COLOR" source="#colors7" set="0"/>
                    <vcount>3 3 3 3 3 3 3 3 3 3 3 3 3 3 3 3 3 3 3 3 3 3 3 3 3 3 3 3 3 3 3 3 3 3 3 3 3 3 3 3 3 3 3 3 3 3 3 3 3 3 3 3 3 3 3 3 3 3 3 3 3 3 3 3 3 3 3 3 3 3 3 3 3 3 3 3 3 3 3 3 3 3 3 3 3 3 3 3 3 3</vcount>
                    <p>0 2 0 1 1 1 0 0 0 2 3 2 1 1 1 0 2 0 3 4 3 2 3 2 0 2 0 4 5 2 2 3 2 3 4 3 5 6 3 4 5 2 3 4 3 6 7 2 4 5 2 5 6 3 7 8 3 6 7 2 5 6 3 8 9 4 6 7 2 7 8 3 9 10 3 8 9 4 7 8 3 12 13 5 11 12 6 10 11 5 13 14 6 11 12 6 12 13 5 14 15 5 13 14 6 12 13 5 15 16 6 13 14 6 14 15 5 16 17 5 15 16 6 14 15 5 5 6 3 17 18 7 7 8 3 18 19 7 17 18 7 5 6 3 3 4 3 18 19 7 5 6 3 19 20 7 18 19 7 3 4 3 20 21 7 19 20 7 3 4 3 23 24 8 22 23 9 21 22 8 24 25 10 22 23 9 23 24 8 25 26 11 24 25 10 23 24 8 26 27 12 24 25 10 25 26 11 27 28 13 26 27 12 25 26 11 30 31 14 29 30 8 28 29 14 31 32 8 29 30 8 30 31 14 32 33 14 31 32 8 30 31 14 33 34 14 31 32 8 32 33 14 34 35 15 33 34 14 32 33 14 37 38 12 36 37 16 35 36 16 27 28 13 36 37 16 37 38 12 38 39 12 27 28 13 37 38 12 26 27 12 27 28 13 38 39 12 26 27 12 39 40 17 24 25 10 40 41 17 39 40 17 26 27 12 38 39 12 40 41 17 26 27 12 41 42 17 40 41 17 38 39 12 42 43 0 0 2 0 0 0 0 20 21 7 0 2 0 42 43 0 43 44 7 20 21 7 42 43 0 44 47 8 31 46 8 33 45 14 29 48 8 31 46 8 44 47 8 45 49 8 29 48 8 44 47 8 24 25 10 46 50 17 22 23 9 47 51 17 46 50 17 24 25 10 39 40 17 47 51 17 24 25 10 41 42 17 35 36 16 48 52 14 37 38 12 35 36 16 41 42 17 38 39 12 37 38 12 41 42 17 39 40 17 28 29 14 49 51 18 30 31 14 28 29 14 39 40 17 40 41 17 30 31 14 39 40 17 28 29 14 51 54 14 50 53 14 45 55 8 51 54 14 28 29 14 29 30 8 45 55 8 28 29 14 53 57 6 16 17 5 52 56 6 15 16 6 16 17 5 53 57 6 56 60 21 55 59 20 54 58 19 57 61 21 55 59 20 56 60 21 59 63 5 11 12 6 58 62 22 10 11 5 11 12 6 59 63 5 60 64 14 41 42 17 48 52 14 32 33 14 41 42 17 60 64 14 9 10 3 17 18 7 61 65 23 7 8 3 17 18 7 9 10 3 17 18 7 12 13 5 10 11 5 18 19 7 12 13 5 17 18 7 18 19 7 14 15 5 12 13 5 19 20 7 14 15 5 18 19 7 19 20 7 16 17 5 14 15 5 62 21 24 16 17 5 19 20 7 43 44 7 16 17 5 20 21 7 52 56 6 16 17 5 43 44 7 63 66 14 45 49 8 44 47 8 64 67 14 45 49 8 63 66 14 50 53 14 47 51 17 28 29 14 65 50 14 47 51 17 50 53 14 59 70 5 17 69 7 10 68 5 61 71 23 17 69 7 59 70 5 32 33 14 40 41 17 41 42 17 30 31 14 40 41 17 32 33 14 67 74 0 6 73 2 66 72 2 68 59 0 6 73 2 67 74 0 64 75 14 50 53 14 51 54 14 20 21 7 3 4 3 0 2 0 66 76 2 69 9 22 9 10 3 55 59 20 57 61 21 70 73 21 51 54 14 45 55 8 64 75 14 66 76 2 6 7 2 8 9 4 60 64 14 34 35 15 32 33 14</p>
                </polylist>
            </mesh>
        </geometry>
        <geometry id="mesh8">
            <mesh>
                <source id="points8">
                    <float_array id="pointarray8" count="666">-2197.5 -746.25 1024.75 -2370.5 -572.25 1188.75 -2330.25 -686.5 784 -2522.5 -503.75 912.5 -2411.75 -621.75 523 -2616.25 -429.5 613 -2439.25 -554.25 251.25 -2647.75 -352.25 301.25 -2616.25 -275 -10 -2754.5 -413.75 286 -2720.75 -331.5 -45.5 -2803.5 -489.25 267.25 -2769 -404.5 -73.5 -2781.5 -669.5 222.75 -2747.25 -586 -114 -2710.75 -749.5 202.75 -2677.75 -669.5 -120.5 -348.75 -1129.5 1734.75 -669 -1153 1829 -321.5 -1065.25 1818 -655.25 -1089.5 1916.25 -651 -914.5 1982 -1002.5 -922.75 2015.75 -660.5 -827.5 1954 -1002.5 -835.5 1986.75 -681.25 -740.75 1867.75 -1002.5 -748.25 1898.5 -1004.75 -899.5 1643.75 -1323.5 -740.75 1867.75 -1284.5 -893 1617 -1553.75 -873.25 1537.75 575.5 -592.25 -431.5 672.75 -669.5 -120.5 641 -505.75 -438 742.25 -586 -114 764 -404.5 -73.5 742.25 -753.25 559.5 764 -573.75 608.5 661.5 -655 936.5 715.75 -496 617.75 616 -575.25 936.75 611.25 -429.5 613 517.5 -503.75 912.5 320.5 -686.5 784 188 -746.25 1024.75 417.75 -521.25 -718.25 476.5 -431.75 -736.5 661.5 -323.25 -401.5 616 -252.5 -364.5 715.75 -331.5 -45.5 517.5 -200.75 -309.5 611.25 -275 -10 402 -487 -20.25 402 -621.75 523 205.25 -458.75 -969.5 255.25 -366.75 -998 495 -248.25 -703.75 454.25 -179.5 -658.5 365.5 -132.25 -585.75 320.5 -422.25 -281.5 -348.75 -369.75 -1328.75 -53.25 -407.75 -1175.5 -321.5 -274 -1372.5 -14 -313.5 -1212.75 -1.75 -128.75 -1186 271 -182.75 -968.5 -29 -63.25 -1127.75 236.25 -115.5 -916.25 -88.25 -23 -1026.25 161 -72.25 -827.75 9.5 -310 -733.25 188 -362.5 -522.25 -669 -346.25 -1423.25 -655.25 -249.75 -1470.75 -313 -88.75 -1347.5 -332 -24.25 -1284.75 -372.75 13.25 -1174 -207.75 -267.25 -906.25 -1002.5 -338.5 -1455 -1002.5 -241.5 -1503.75 -651 -64 -1447 -660.5 -0.25 -1381.5 -681.25 36 -1264.75 -455.75 -235.25 -1035 -1335.75 -346.25 -1423.25 -1349.5 -249.75 -1470.75 -1002.5 -55.75 -1480.75 -1002.5 7.75 -1414.25 -1002.5 43.5 -1295.5 -724.75 -215.5 -1114.25 -2210.25 -458.75 -969.5 -1951.5 -407.75 -1175.5 -2260.25 -366.75 -998 -1990.75 -313.5 -1212.75 -2003 -128.75 -1186 -1691.75 -88.75 -1347.5 -1975.75 -63.25 -1127.75 -1673 -24.25 -1284.75 -1916.5 -23 -1026.25 -1632 13.25 -1174 -1553.75 -235.25 -1035 -1284.5 -215.5 -1114.25 -1656 -369.75 -1328.75 -1683.25 -274 -1372.5 -1353.75 -64 -1447 -1344.25 -0.25 -1381.5 -1323.5 36 -1264.75 -1004.75 -209 -1141 205.25 -1040.25 1375.25 -53.25 -1091.5 1581.5 255.25 -972.5 1443.5 -14 -1025.75 1658.25 -1.75 -849.75 1721 -313 -889.75 1882.5 -29 -764.5 1700 -332 -803.5 1857.25 -88.25 -681.5 1629.25 -372.75 -718.25 1776.75 -455.75 -873.25 1537.75 -724.75 -893 1617 -2422.75 -521.25 -718.25 -2481.5 -431.75 -736.5 -2276 -182.75 -968.5 -2241.25 -115.5 -916.25 -2166 -72.25 -827.75 -1801.75 -267.25 -906.25 -2580.5 -592.25 -431.5 -2646 -505.75 -438 -2500 -248.25 -703.75 -2459.25 -179.5 -658.5 -2370.5 -132.25 -585.75 -2019.25 -310 -733.25 -2019.25 -798.5 1235.75 -1801.75 -841.5 1409 -2166 -632.25 1430.75 -1916.5 -681.5 1629.25 -2241.25 -712 1488.5 -1975.75 -764.5 1700 -2276 -795.75 1503.5 -2003 -849.75 1721 -1990.75 -1025.75 1658.25 -1683.25 -1065.25 1818 -1951.5 -1091.5 1581.5 -1656 -1129.5 1734.75 -2666.5 -323.25 -401.5 -2621 -252.5 -364.5 -2522.5 -200.75 -309.5 -2197.5 -362.5 -522.25 -1002.5 -1160.75 1860.75 -1335.75 -1153 1829 -1002.5 -1097.75 1949.25 -1349.5 -1089.5 1916.25 -1353.75 -914.5 1982 -1691.75 -889.75 1882.5 -1344.25 -827.5 1954 -1673 -803.5 1857.25 -1632 -718.25 1776.75 417.75 -978 1124 476.5 -907.5 1182 271 -795.75 1503.5 236.25 -712 1488.5 161 -632.25 1430.75 -207.75 -841.5 1409 575.5 -907 837.25 641 -833.5 883.5 495 -730 1238.75 454.25 -648 1230.75 365.5 -572.25 1188.75 9.5 -798.5 1235.75 672.75 -829.75 526.25 -2720.75 -496 617.75 -2621 -575.25 936.75 -2769 -573.75 608.5 -2666.5 -655 936.5 -2646 -833.5 883.5 -2481.5 -907.5 1182 -2580.5 -907 837.25 -2422.75 -978 1124 -2459.25 -648 1230.75 -2500 -730 1238.75 -2260.25 -972.5 1443.5 -2210.25 -1040.25 1375.25 -2747.25 -753.25 559.5 -2677.75 -829.75 526.25 -2330.25 -422.25 -281.5 -2422.75 -978 1124 -2580.5 -907 837.25 -2677.75 -829.75 526.25 -2411.75 -487 -20.25 -1951.5 -1091.5 1581.5 -1656 -1129.5 1734.75 -2962.25 -612 457 -2963 -530.25 127 -2967.75 -604.25 459 -2968.5 -522.5 128.75 -2909.75 -361.5 168.75 -2909 -443.25 498.75 -2765 -259.5 194 -2764.5 -341.5 524 -2240 -244.5 197.75 -2240 -326.25 527.75 -2677.75 -669.5 -120.5 -2580.5 -592.25 -431.5 -2422.75 -521.25 -718.25 -2210.25 -458.75 -969.5 -1951.5 -407.75 -1175.5 -1656 -369.75 -1328.75 -1002.5 -338.5 -1455 -1335.75 -1153 1829 -2210.25 -1040.25 1375.25 -1002.5 -1160.75 1860.75 -669 -1153 1829 -53.25 -1091.5 1581.5 -348.75 -1129.5 1734.75 205.25 -1040.25 1375.25 417.75 -978 1124 575.5 -907 837.25 672.75 -829.75 526.25 672.75 -669.5 -120.5 575.5 -592.25 -431.5 417.75 -521.25 -718.25 205.25 -458.75 -969.5</float_array>
                    <technique_common>
                        <accessor count="222" source="#pointarray8" stride="3">
                            <param name="X" type="float"/>
                            <param name="Y" type="float"/>
                            <param name="Z" type="float"/>
                        </accessor>
                    </technique_common>
                </source>
                <source id="uvs8">
                    <float_array id="uvarray8" count="414">0.17578125 0.05078125 0.1865234375 0.14501953125 -0.16796875 0.470703125 -0.16796875 0.9990234375 -0.50244140625 0.470703125 -0.50244140625 0.9990234375 -0.8369140625 0.470703125 -0.8369140625 0.9990234375 -1.1708984375 0.9990234375 -0.8369140625 0.837890625 -1.1708984375 0.837890625 -0.8369140625 0.640625 -1.1708984375 0.640625 -0.8369140625 0.1689453125 -1.1708984375 0.1689453125 -0.8369140625 -0.02197265625 -1.1708984375 -0.02197265625 2.505859375 -0.02197265625 2.17138671875 -0.02197265625 2.505859375 0.1689453125 2.17138671875 0.1689453125 2.17138671875 0.640625 1.83740234375 0.640625 2.17138671875 0.837890625 1.83740234375 0.837890625 2.17138671875 0.9990234375 1.83740234375 0.9990234375 1.83740234375 0.470703125 1.5029296875 0.9990234375 1.5029296875 0.470703125 1.16845703125 0.470703125 5.18017578125 -0.02197265625 4.845703125 -0.02197265625 5.18017578125 0.1689453125 4.845703125 0.1689453125 4.845703125 0.640625 4.17724609375 0.1689453125 4.17724609375 0.640625 3.84326171875 0.640625 4.17724609375 0.837890625 3.84326171875 0.837890625 4.17724609375 0.9990234375 3.84326171875 0.9990234375 3.84326171875 0.470703125 3.5087890625 0.470703125 5.5146484375 -0.02197265625 5.5146484375 0.1689453125 5.18017578125 0.640625 5.18017578125 0.837890625 4.845703125 0.837890625 5.18017578125 0.9990234375 4.845703125 0.9990234375 4.845703125 0.470703125 4.17724609375 0.470703125 5.8486328125 -0.02197265625 5.8486328125 0.1689453125 5.5146484375 0.640625 5.5146484375 0.837890625 5.5146484375 0.9990234375 5.18017578125 0.470703125 -4.1796875 -0.02197265625 -4.51416015625 -0.02197265625 -4.1796875 0.1689453125 -4.51416015625 0.1689453125 -4.51416015625 0.640625 -4.84814453125 0.640625 -4.51416015625 0.837890625 -4.84814453125 0.837890625 -4.51416015625 0.9990234375 -4.84814453125 0.9990234375 0.58984375 0.470703125 5.5146484375 0.470703125 -3.84521484375 -0.02197265625 -3.84521484375 0.1689453125 -4.1796875 0.640625 -4.1796875 0.837890625 -4.1796875 0.9990234375 -4.51416015625 0.470703125 -3.51123046875 -0.02197265625 -3.51123046875 0.1689453125 -3.84521484375 0.640625 -3.84521484375 0.837890625 -3.84521484375 0.9990234375 -4.1796875 0.470703125 -3.1767578125 -0.02197265625 -3.1767578125 0.1689453125 -3.51123046875 0.640625 -3.51123046875 0.837890625 -3.51123046875 0.9990234375 -3.84521484375 0.470703125 -2.173828125 -0.02197265625 -2.50830078125 -0.02197265625 -2.173828125 0.1689453125 -2.50830078125 0.1689453125 -2.50830078125 0.640625 -2.84228515625 0.640625 -2.50830078125 0.837890625 -2.84228515625 0.837890625 -2.50830078125 0.9990234375 -2.84228515625 0.9990234375 -2.84228515625 0.470703125 -3.1767578125 0.470703125 -2.84228515625 -0.02197265625 -2.84228515625 0.1689453125 -3.1767578125 0.640625 -3.1767578125 0.837890625 -3.1767578125 0.9990234375 -3.51123046875 0.470703125 3.17431640625 -0.02197265625 2.84033203125 -0.02197265625 3.17431640625 0.1689453125 2.84033203125 0.1689453125 2.84033203125 0.640625 2.505859375 0.640625 2.84033203125 0.837890625 2.505859375 0.837890625 2.84033203125 0.9990234375 2.505859375 0.9990234375 2.505859375 0.470703125 2.17138671875 0.470703125 -1.83935546875 -0.02197265625 -1.83935546875 0.1689453125 -2.173828125 0.640625 -2.173828125 0.837890625 -2.173828125 0.9990234375 -2.50830078125 0.470703125 -1.50537109375 -0.02197265625 -1.50537109375 0.1689453125 -1.83935546875 0.640625 -1.83935546875 0.837890625 -1.83935546875 0.9990234375 -2.173828125 0.470703125 0.6015625 0.9169921875 0.83447265625 0.470703125 0.5 0.9990234375 0.83447265625 0.9990234375 0.5 0.837890625 0.83447265625 0.837890625 0.5 0.640625 0.83447265625 0.640625 0.83447265625 0.1689453125 1.16845703125 0.1689453125 0.83447265625 -0.02197265625 1.16845703125 -0.02197265625 -1.50537109375 0.640625 -1.50537109375 0.837890625 -1.50537109375 0.9990234375 -1.83935546875 0.470703125 1.83740234375 -0.02197265625 1.5029296875 -0.02197265625 1.83740234375 0.1689453125 1.5029296875 0.1689453125 1.5029296875 0.640625 1.16845703125 0.640625 1.5029296875 0.837890625 1.16845703125 0.837890625 1.16845703125 0.9990234375 3.5087890625 -0.02197265625 3.5087890625 0.1689453125 3.17431640625 0.640625 3.17431640625 0.837890625 3.17431640625 0.9990234375 2.84033203125 0.470703125 3.84326171875 -0.02197265625 3.84326171875 0.1689453125 3.5087890625 0.640625 3.5087890625 0.837890625 3.5087890625 0.9990234375 3.17431640625 0.470703125 4.17724609375 -0.02197265625 -0.50244140625 0.837890625 -0.16796875 0.837890625 -0.50244140625 0.640625 -0.16796875 0.640625 -0.16796875 0.1689453125 0.16552734375 0.1689453125 -0.16796875 -0.02197265625 0.16552734375 -0.02197265625 0.16552734375 0.9990234375 0.16552734375 0.837890625 0.16552734375 0.640625 0.5 0.1689453125 0.5 -0.02197265625 -0.50244140625 0.1689453125 -0.50244140625 -0.02197265625 -1.50537109375 0.470703125 -1.1708984375 0.470703125 5.8486328125 0.9990234375 5.8486328125 0.837890625 5.8486328125 0.640625 0.701171875 -0.25 0.26025390625 -0.25 0.701171875 -0.22607421875 0.26025390625 -0.22607421875 0.26025390625 0.25 0.701171875 0.25 0.26025390625 0.75 0.701171875 0.75 0.26318359375 2.04296875 0.70947265625 2.0693359375 0.689453125 0.14501953125 0.6943359375 0.4970703125 0.181640625 0.4970703125 0.69921875 0.837890625 0.1767578125 0.837890625 -4.84814453125 0.1689453125 -4.84814453125 -0.02197265625</float_array>
                    <technique_common>
                        <accessor count="207" source="#uvarray8" stride="2">
                            <param name="S" type="float"/>
                            <param name="T" type="float"/>
                        </accessor>
                    </technique_common>
                </source>
                <source id="colors8">
                    <float_array id="colorarray8" count="432">0.09803921568627451 0.09803921568627451 0.09803921568627451 1 0.49019607843137253 0.49019607843137253 0.49019607843137253 1 0.5215686274509804 0.5215686274509804 0.5215686274509804 1 0.30196078431372547 0.30196078431372547 0.30196078431372547 1 0.2901960784313726 0.2901960784313726 0.2901960784313726 1 0.40784313725490196 0.40784313725490196 0.40784313725490196 1 0.35294117647058826 0.35294117647058826 0.35294117647058826 1 0.23137254901960785 0.23137254901960785 0.23137254901960785 1 0.7803921568627451 0.7803921568627451 0.7803921568627451 1 0.8196078431372549 0.8196078431372549 0.8196078431372549 1 0.8470588235294118 0.8470588235294118 0.8470588235294118 1 0.807843137254902 0.807843137254902 0.807843137254902 1 0.8352941176470589 0.8352941176470589 0.8352941176470589 1 0.6431372549019608 0.6431372549019608 0.6431372549019608 1 0.6392156862745098 0.6392156862745098 0.6392156862745098 1 0.4 0.4 0.4 1 0.2823529411764706 0.2823529411764706 0.2823529411764706 1 0.4196078431372549 0.4196078431372549 0.4196078431372549 1 0.3215686274509804 0.3215686274509804 0.3215686274509804 1 0.3686274509803922 0.3686274509803922 0.3686274509803922 1 0.6941176470588235 0.6941176470588235 0.6941176470588235 1 0.5019607843137255 0.5019607843137255 0.5019607843137255 1 0.7019607843137254 0.7019607843137254 0.7019607843137254 1 0.34509803921568627 0.34509803921568627 0.34509803921568627 1 0.5372549019607843 0.5372549019607843 0.5372549019607843 1 0.050980392156862744 0.050980392156862744 0.050980392156862744 1 0.3137254901960784 0.3137254901960784 0.3137254901960784 1 0.32941176470588235 0.32941176470588235 0.32941176470588235 1 0.43529411764705883 0.43529411764705883 0.43529411764705883 1 0.45098039215686275 0.45098039215686275 0.45098039215686275 1 0.2235294117647059 0.2235294117647059 0.2235294117647059 1 0.1803921568627451 0.1803921568627451 0.1803921568627451 1 0.19215686274509805 0.19215686274509805 0.19215686274509805 1 0.36470588235294116 0.36470588235294116 0.36470588235294116 1 0.39215686274509803 0.39215686274509803 0.39215686274509803 1 0.3176470588235294 0.3176470588235294 0.3176470588235294 1 0.17254901960784313 0.17254901960784313 0.17254901960784313 1 0.2627450980392157 0.2627450980392157 0.2627450980392157 1 0.2980392156862745 0.2980392156862745 0.2980392156862745 1 0.33725490196078434 0.33725490196078434 0.33725490196078434 1 0.28627450980392155 0.28627450980392155 0.28627450980392155 1 0.12156862745098039 0.12156862745098039 0.12156862745098039 1 0.21568627450980393 0.21568627450980393 0.21568627450980393 1 0.29411764705882354 0.29411764705882354 0.29411764705882354 1 0.2 0.2 0.2 1 0.25098039215686274 0.25098039215686274 0.25098039215686274 1 0.20784313725490197 0.20784313725490197 0.20784313725490197 1 0.19607843137254902 0.19607843137254902 0.19607843137254902 1 0.21176470588235294 0.21176470588235294 0.21176470588235294 1 0.30980392156862746 0.30980392156862746 0.30980392156862746 1 0.23529411764705882 0.23529411764705882 0.23529411764705882 1 0.3254901960784314 0.3254901960784314 0.3254901960784314 1 0.24313725490196078 0.24313725490196078 0.24313725490196078 1 0.2549019607843137 0.2549019607843137 0.2549019607843137 1 0.3764705882352941 0.3764705882352941 0.3764705882352941 1 0.3333333333333333 0.3333333333333333 0.3333333333333333 1 0.3803921568627451 0.3803921568627451 0.3803921568627451 1 0.18823529411764706 0.18823529411764706 0.18823529411764706 1 0.7137254901960784 0.7137254901960784 0.7137254901960784 1 0.7411764705882353 0.7411764705882353 0.7411764705882353 1 0.7568627450980392 0.7568627450980392 0.7568627450980392 1 0.7607843137254902 0.7607843137254902 0.7607843137254902 1 0.7843137254901961 0.7843137254901961 0.7843137254901961 1 0.8117647058823529 0.8117647058823529 0.8117647058823529 1 0.5803921568627451 0.5803921568627451 0.5803921568627451 1 0.611764705882353 0.611764705882353 0.611764705882353 1 0.403921568627451 0.403921568627451 0.403921568627451 1 0.4470588235294118 0.4470588235294118 0.4470588235294118 1 0.4235294117647059 0.4235294117647059 0.4235294117647059 1 0.41568627450980394 0.41568627450980394 0.41568627450980394 1 0.5176470588235295 0.5176470588235295 0.5176470588235295 1 0.5568627450980392 0.5568627450980392 0.5568627450980392 1 0.615686274509804 0.615686274509804 0.615686274509804 1 0.8 0.8 0.8 1 0.8156862745098039 0.8156862745098039 0.8156862745098039 1 0.792156862745098 0.792156862745098 0.792156862745098 1 0.8235294117647058 0.8235294117647058 0.8235294117647058 1 0.4666666666666667 0.4666666666666667 0.4666666666666667 1 0.5529411764705883 0.5529411764705883 0.5529411764705883 1 0.4549019607843137 0.4549019607843137 0.4549019607843137 1 0.6745098039215687 0.6745098039215687 0.6745098039215687 1 0.7686274509803922 0.7686274509803922 0.7686274509803922 1 0.5647058823529412 0.5647058823529412 0.5647058823529412 1 0.6313725490196078 0.6313725490196078 0.6313725490196078 1 0.6627450980392157 0.6627450980392157 0.6627450980392157 1 0.7215686274509804 0.7215686274509804 0.7215686274509804 1 0.7372549019607844 0.7372549019607844 0.7372549019607844 1 0.5450980392156862 0.5450980392156862 0.5450980392156862 1 0.48627450980392156 0.48627450980392156 0.48627450980392156 1 0.7098039215686275 0.7098039215686275 0.7098039215686275 1 0.6980392156862745 0.6980392156862745 0.6980392156862745 1 0.6862745098039216 0.6862745098039216 0.6862745098039216 1 0.7490196078431373 0.7490196078431373 0.7490196078431373 1 0.6274509803921569 0.6274509803921569 0.6274509803921569 1 0.803921568627451 0.803921568627451 0.803921568627451 1 0.7529411764705882 0.7529411764705882 0.7529411764705882 1 0.4588235294117647 0.4588235294117647 0.4588235294117647 1 0.1843137254901961 0.1843137254901961 0.1843137254901961 1 0.38823529411764707 0.38823529411764707 0.38823529411764707 1 0.27450980392156865 0.27450980392156865 0.27450980392156865 1 0.10980392156862745 0.10980392156862745 0.10980392156862745 1 0.12941176470588237 0.12941176470588237 0.12941176470588237 1 0.13725490196078433 0.13725490196078433 0.13725490196078433 1 0.1568627450980392 0.1568627450980392 0.1568627450980392 1 0.396078431372549 0.396078431372549 0.396078431372549 1 0.3568627450980392 0.3568627450980392 0.3568627450980392 1 0.26666666666666666 0.26666666666666666 0.26666666666666666 1 0.1411764705882353 0.1411764705882353 0.1411764705882353 1</float_array>
                    <technique_common>
                        <accessor count="108" source="#colorarray8" stride="4">
                            <param name="R" type="float"/>
                            <param name="G" type="float"/>
                            <param name="B" type="float"/>
                            <param name="A" type="float"/>
                        </accessor>
                    </technique_common>
                </source>
                <vertices id="vertices8">
                    <input semantic="POSITION" source="#points8"/>
                </vertices>
                <polylist count="380" material="Material1">
                    <input offset="0" semantic="VERTEX" source="#vertices8"/>
                    <input offset="1" semantic="TEXCOORD" source="#uvs8" set="0"/>
                    <input offset="2" semantic="COLOR" source="#colors8" set="0"/>
                    <vcount>3 3 3 3 3 3 3 3 3 3 3 3 3 3 3 3 3 3 3 3 3 3 3 3 3 3 3 3 3 3 3 3 3 3 3 3 3 3 3 3 3 3 3 3 3 3 3 3 3 3 3 3 3 3 3 3 3 3 3 3 3 3 3 3 3 3 3 3 3 3 3 3 3 3 3 3 3 3 3 3 3 3 3 3 3 3 3 3 3 3 3 3 3 3 3 3 3 3 3 3 3 3 3 3 3 3 3 3 3 3 3 3 3 3 3 3 3 3 3 3 3 3 3 3 3 3 3 3 3 3 3 3 3 3 3 3 3 3 3 3 3 3 3 3 3 3 3 3 3 3 3 3 3 3 3 3 3 3 3 3 3 3 3 3 3 3 3 3 3 3 3 3 3 3 3 3 3 3 3 3 3 3 3 3 3 3 3 3 3 3 3 3 3 3 3 3 3 3 3 3 3 3 3 3 3 3 3 3 3 3 3 3 3 3 3 3 3 3 3 3 3 3 3 3 3 3 3 3 3 3 3 3 3 3 3 3 3 3 3 3 3 3 3 3 3 3 3 3 3 3 3 3 3 3 3 3 3 3 3 3 3 3 3 3 3 3 3 3 3 3 3 3 3 3 3 3 3 3 3 3 3 3 3 3 3 3 3 3 3 3 3 3 3 3 3 3 3 3 3 3 3 3 3 3 3 3 3 3 3 3 3 3 3 3 3 3 3 3 3 3 3 3 3 3 3 3 3 3 3 3 3 3 3 3 3 3 3 3 3 3 3 3 3 3 3 3 3 3 3 3 3 3 3 3 3 3 3 3 3 3 3 3 3 3 3 3 3 3 3 3 3 3 3 3 3 3 3 3 3 3</vcount>
                    <p>2 2 0 1 1 1 0 0 0 3 3 2 1 1 1 2 2 0 4 4 0 3 3 2 2 2 0 5 5 3 3 3 2 4 4 0 6 6 0 5 5 3 4 4 0 7 7 0 5 5 3 6 6 0 8 8 4 7 7 0 6 6 0 9 9 0 7 7 0 8 8 4 10 10 5 9 9 0 8 8 4 11 11 0 9 9 0 10 10 5 12 12 6 11 11 0 10 10 5 13 13 0 11 11 0 12 12 6 14 14 4 13 13 0 12 12 6 15 15 0 13 13 0 14 14 4 16 16 7 15 15 0 14 14 4 19 19 9 18 18 9 17 17 8 20 20 10 18 18 9 19 19 9 21 21 11 20 20 10 19 19 9 22 22 11 20 20 10 21 21 11 23 23 12 22 22 11 21 21 11 24 24 12 22 22 11 23 23 12 25 25 13 24 24 12 23 23 12 26 26 13 24 24 12 25 25 13 27 27 0 26 26 13 25 25 13 28 28 14 26 26 13 27 27 0 29 29 0 28 28 14 27 27 0 30 30 0 28 28 14 29 29 0 33 33 17 32 32 16 31 31 15 34 34 18 32 32 16 33 33 17 35 35 19 34 34 18 33 33 17 36 36 2 34 34 18 35 35 19 37 37 2 36 36 2 35 35 19 38 38 20 36 36 2 37 37 2 39 39 21 38 38 20 37 37 2 40 40 22 38 38 20 39 39 21 41 41 23 40 40 22 39 39 21 42 42 24 40 40 22 41 41 23 43 43 25 42 42 24 41 41 23 44 44 25 42 42 24 43 43 25 46 46 27 31 31 15 45 45 26 33 33 17 31 31 15 46 46 27 47 47 28 33 33 17 46 46 27 35 35 19 33 33 17 47 47 28 48 48 29 35 35 19 47 47 28 49 49 23 35 35 19 48 48 29 50 50 23 49 49 23 48 48 29 51 51 30 49 49 23 50 50 23 52 52 0 51 51 30 50 50 23 53 53 0 51 51 30 52 52 0 55 55 32 45 45 26 54 54 31 46 46 27 45 45 26 55 55 32 56 56 33 46 46 27 55 55 32 47 47 28 46 46 27 56 56 33 57 57 34 47 47 28 56 56 33 48 48 29 47 47 28 57 57 34 58 58 35 48 48 29 57 57 34 50 50 23 48 48 29 58 58 35 59 59 0 50 50 23 58 58 35 52 52 0 50 50 23 59 59 0 62 62 36 61 61 36 60 60 36 63 63 36 61 61 36 62 62 36 64 64 37 63 63 36 62 62 36 65 65 38 63 63 36 64 64 37 66 66 6 65 65 38 64 64 37 67 67 23 65 65 38 66 66 6 68 68 39 67 67 23 66 66 6 69 69 40 67 67 23 68 68 39 70 70 41 69 69 40 68 68 39 71 71 0 69 69 40 70 70 41 73 73 36 60 60 36 72 72 36 62 62 36 60 60 36 73 73 36 74 74 42 62 62 36 73 73 36 64 64 37 62 62 36 74 74 42 75 75 35 64 64 37 74 74 42 66 66 6 64 64 37 75 75 35 76 76 43 66 66 6 75 75 35 68 68 39 66 66 6 76 76 43 77 77 36 68 68 39 76 76 43 70 70 41 68 68 39 77 77 36 79 79 36 72 72 36 78 78 36 73 73 36 72 72 36 79 79 36 80 80 44 73 73 36 79 79 36 74 74 42 73 73 36 80 80 44 81 81 40 74 74 42 80 80 44 75 75 35 74 74 42 81 81 40 82 82 45 75 75 35 81 81 40 76 76 43 75 75 35 82 82 45 83 83 36 76 76 43 82 82 45 77 77 36 76 76 43 83 83 36 85 85 32 78 78 36 84 84 46 79 79 36 78 78 36 85 85 32 86 86 47 79 79 36 85 85 32 80 80 44 79 79 36 86 86 47 87 87 40 80 80 44 86 86 47 81 81 40 80 80 44 87 87 40 88 88 48 81 81 40 87 87 40 82 82 45 81 81 40 88 88 48 89 89 36 82 82 45 88 88 48 83 83 36 82 82 45 89 89 36 92 92 51 91 91 50 90 90 49 93 93 52 91 91 50 92 92 51 94 94 53 93 93 52 92 92 51 95 95 48 93 93 52 94 94 53 96 96 54 95 95 48 94 94 53 97 97 55 95 95 48 96 96 54 98 98 56 97 97 55 96 96 54 99 99 55 97 97 55 98 98 56 100 100 41 99 99 55 98 98 56 101 101 36 99 99 55 100 100 41 103 103 57 84 84 46 102 102 44 85 85 32 84 84 46 103 103 57 104 104 42 85 85 32 103 103 57 86 86 47 85 85 32 104 104 42 105 105 51 86 86 47 104 104 42 87 87 40 86 86 47 105 105 51 106 106 16 87 87 40 105 105 51 88 88 48 87 87 40 106 106 16 107 107 36 88 88 48 106 106 16 89 89 36 88 88 48 107 107 36 93 93 52 102 102 44 91 91 50 103 103 57 102 102 44 93 93 52 95 95 48 103 103 57 93 93 52 104 104 42 103 103 57 95 95 48 97 97 55 104 104 42 95 95 48 105 105 51 104 104 42 97 97 55 99 99 55 105 105 51 97 97 55 106 106 16 105 105 51 99 99 55 101 101 36 106 106 16 99 99 55 107 107 36 106 106 16 101 101 36 110 110 60 109 109 59 108 108 58 111 111 8 109 109 59 110 110 60 112 112 61 111 111 8 110 110 60 113 113 62 111 111 8 112 112 61 114 114 62 113 113 62 112 112 61 115 115 63 113 113 62 114 114 62 116 116 64 115 115 63 114 114 62 117 117 65 115 115 63 116 116 64 118 118 0 117 117 65 116 116 64 119 119 0 117 117 65 118 118 0 121 121 66 90 90 49 120 120 33 92 92 51 90 90 49 121 121 66 122 122 55 92 92 51 121 121 66 94 94 53 92 92 51 122 122 55 123 123 67 94 94 53 122 122 55 96 96 54 94 94 53 123 123 67 124 124 68 96 96 54 123 123 67 98 98 56 96 96 54 124 124 68 125 125 0 98 98 56 124 124 68 100 100 41 98 98 56 125 125 0 127 127 28 120 120 33 126 126 54 121 121 66 120 120 33 127 127 28 128 128 69 121 121 66 127 127 28 122 122 55 121 121 66 128 128 69 129 129 70 122 122 55 128 128 69 123 123 67 122 122 55 129 129 70 130 130 29 123 123 67 129 129 70 124 124 68 123 123 67 130 130 29 131 131 0 124 124 68 130 130 29 125 125 0 124 124 68 131 131 0 134 134 71 133 133 0 132 132 0 135 135 72 133 133 0 134 134 71 136 136 73 135 135 72 134 134 71 137 137 74 135 135 72 136 136 73 138 138 62 137 137 74 136 136 73 139 139 75 137 137 74 138 138 62 140 140 76 139 139 75 138 138 62 141 141 10 139 139 75 140 140 76 142 142 62 141 141 10 140 140 76 143 143 74 141 141 10 142 142 62 14 14 4 126 126 54 16 16 7 127 127 28 126 126 54 14 14 4 144 144 77 127 127 28 14 14 4 128 128 69 127 127 28 144 144 77 145 145 78 128 128 69 144 144 77 129 129 70 128 128 69 145 145 78 146 146 79 129 129 70 145 145 78 130 130 29 129 129 70 146 146 79 147 147 0 130 130 29 146 146 79 131 131 0 130 130 29 147 147 0 150 150 10 149 149 76 148 148 76 151 151 10 149 149 76 150 150 10 152 152 11 151 151 10 150 150 10 153 153 11 151 151 10 152 152 11 154 154 12 153 153 11 152 152 11 155 155 12 153 153 11 154 154 12 28 28 14 155 155 12 154 154 12 156 156 14 155 155 12 28 28 14 30 30 0 156 156 14 28 28 14 133 133 0 156 156 14 30 30 0 111 111 8 17 17 8 109 109 59 19 19 9 17 17 8 111 111 8 113 113 62 19 19 9 111 111 8 21 21 11 19 19 9 113 113 62 115 115 63 21 21 11 113 113 62 23 23 12 21 21 11 115 115 63 117 117 65 23 23 12 115 115 63 25 25 13 23 23 12 117 117 65 119 119 0 25 25 13 117 117 65 27 27 0 25 25 13 119 119 0 158 158 22 108 108 58 157 157 80 110 110 60 108 108 58 158 158 22 159 159 60 110 110 60 158 158 22 112 112 61 110 110 60 159 159 60 160 160 81 112 112 61 159 159 60 114 114 62 112 112 61 160 160 81 161 161 82 114 114 62 160 160 81 116 116 64 114 114 62 161 161 82 162 162 25 116 116 64 161 161 82 118 118 0 116 116 64 162 162 25 164 164 84 157 157 80 163 163 83 158 158 22 157 157 80 164 164 84 165 165 85 158 158 22 164 164 84 159 159 60 158 158 22 165 165 85 166 166 86 159 159 60 165 165 85 160 160 81 159 159 60 166 166 86 167 167 87 160 160 81 166 166 86 161 161 82 160 160 81 167 167 87 168 168 25 161 161 82 167 167 87 162 162 25 161 161 82 168 168 25 36 36 2 163 163 83 169 169 88 164 164 84 163 163 83 36 36 2 38 38 20 164 164 84 36 36 2 165 165 85 164 164 84 38 38 20 40 40 22 165 165 85 38 38 20 166 166 86 165 165 85 40 40 22 42 42 24 166 166 86 40 40 22 167 167 87 166 166 86 42 42 24 44 44 25 167 167 87 42 42 24 168 168 25 167 167 87 44 44 25 170 170 67 3 3 2 5 5 3 171 171 89 3 3 2 170 170 67 172 172 29 171 171 89 170 170 67 173 173 90 171 171 89 172 172 29 174 174 91 173 173 90 172 172 29 175 175 92 173 173 90 174 174 91 176 176 93 175 175 92 174 174 91 177 177 90 175 175 92 176 176 93 171 171 89 1 178 1 3 3 2 178 179 60 1 178 1 171 171 89 173 173 90 178 179 60 171 171 89 179 180 60 178 179 60 173 173 90 175 175 92 179 180 60 173 173 90 180 181 94 179 180 60 175 175 92 177 177 90 180 181 94 175 175 92 181 182 95 180 181 94 177 177 90 178 179 60 134 134 71 1 178 1 136 136 73 134 134 71 178 179 60 179 180 60 136 136 73 178 179 60 138 138 62 136 136 73 179 180 60 180 181 94 138 138 62 179 180 60 140 140 76 138 138 62 180 181 94 181 182 95 140 140 76 180 181 94 142 142 62 140 140 76 181 182 95 20 20 10 148 148 76 18 18 9 150 150 10 148 148 76 20 20 10 22 22 11 150 150 10 20 20 10 152 152 11 150 150 10 22 22 11 24 24 12 152 152 11 22 22 11 154 154 12 152 152 11 24 24 12 26 26 13 154 154 12 24 24 12 28 28 14 154 154 12 26 26 13 9 9 0 5 5 3 7 7 0 170 170 67 5 5 3 9 9 0 11 11 0 170 170 67 9 9 0 172 172 29 170 170 67 11 11 0 182 183 96 172 172 29 11 11 0 174 174 91 172 172 29 182 183 96 183 184 69 174 174 91 182 183 96 176 176 93 174 174 91 183 184 69 146 146 79 184 185 0 147 147 0 8 8 4 184 185 0 146 146 79 145 145 78 8 8 4 146 146 79 10 10 5 8 8 4 145 145 78 144 144 77 10 10 5 145 145 78 12 12 6 10 10 5 144 144 77 14 14 4 12 12 6 144 144 77 186 176 45 0 0 0 185 177 40 2 2 0 0 0 0 186 176 45 187 184 97 2 2 0 186 176 45 4 4 0 2 2 0 187 184 97 15 15 0 4 4 0 187 184 97 6 6 0 4 4 0 15 15 0 188 186 0 6 6 0 15 15 0 41 41 23 53 53 0 43 43 25 51 51 30 53 53 0 41 41 23 39 39 21 51 51 30 41 41 23 49 49 23 51 51 30 39 39 21 37 37 2 49 49 23 39 39 21 35 35 19 49 49 23 37 37 2 57 57 34 69 187 40 58 58 35 67 188 23 69 187 40 57 57 34 56 56 33 67 188 23 57 57 34 65 189 38 67 188 23 56 56 33 55 55 32 65 189 38 56 56 33 30 30 0 189 142 33 133 133 0 190 143 98 189 142 33 30 30 0 29 29 0 190 143 98 30 30 0 193 192 45 192 191 45 191 190 45 194 193 45 192 191 45 193 192 45 193 192 45 195 194 99 194 193 45 196 195 99 195 194 99 193 192 45 196 195 99 197 196 99 195 194 99 198 197 99 197 196 99 196 195 99 198 197 99 199 198 45 197 196 99 200 199 45 199 198 45 198 197 99 201 16 0 188 186 0 15 15 0 202 126 0 188 186 0 201 16 0 203 120 100 147 147 0 184 185 0 204 90 101 147 147 0 203 120 100 204 90 101 131 131 0 147 147 0 205 91 102 131 131 0 204 90 101 206 102 103 100 100 41 125 125 0 84 84 46 100 100 41 206 102 103 84 84 46 101 101 36 100 100 41 207 78 32 101 101 36 84 84 46 207 78 32 107 107 36 101 101 36 72 72 36 107 107 36 207 78 32 72 72 36 89 89 36 107 107 36 60 60 36 89 89 36 72 72 36 60 60 36 83 83 36 89 89 36 61 61 36 83 83 36 60 60 36 132 201 0 1 1 1 134 200 71 0 202 0 1 1 1 132 201 0 188 186 0 8 8 4 6 6 0 184 185 0 8 8 4 188 186 0 208 149 104 29 29 0 27 27 0 190 143 98 29 29 0 208 149 104 132 132 0 189 142 33 209 203 55 133 133 0 189 142 33 132 132 0 209 203 55 0 202 0 132 201 0 185 204 40 0 202 0 209 203 55 210 148 104 27 27 0 119 119 0 208 149 104 27 27 0 210 148 104 211 18 34 119 119 0 118 118 0 210 148 104 119 119 0 211 18 34 202 126 0 184 185 0 188 186 0 203 120 100 184 185 0 202 126 0 212 109 26 162 162 25 168 168 25 213 17 105 162 162 25 212 109 26 71 71 0 58 58 35 69 69 40 59 59 0 58 58 35 71 71 0 55 205 32 63 63 36 65 65 38 54 206 31 63 63 36 55 205 32 214 108 40 168 168 25 44 44 25 212 109 26 168 168 25 214 108 40 213 17 105 118 118 0 162 162 25 211 18 34 118 118 0 213 17 105 215 157 106 44 44 25 43 43 25 214 108 40 44 44 25 215 157 106 216 163 52 43 43 25 53 53 0 215 157 106 43 43 25 216 163 52 34 34 18 169 169 88 32 32 16 36 36 2 169 169 88 34 34 18 217 169 50 53 53 0 52 52 0 216 163 52 53 53 0 217 169 50 218 32 0 52 52 0 59 59 0 217 169 50 52 52 0 218 32 0 219 31 103 59 59 0 71 71 0 218 32 0 59 59 0 219 31 103 205 91 102 125 125 0 131 131 0 206 102 103 125 125 0 205 91 102 220 45 107 71 71 0 70 70 41 219 31 103 71 71 0 220 45 107 221 54 41 70 70 41 77 77 36 220 45 107 70 70 41 221 54 41 13 13 0 182 183 96 11 11 0 15 15 0 182 183 96 13 13 0 61 61 36 77 77 36 83 83 36 221 54 41 77 77 36 61 61 36 135 135 72 156 156 14 133 133 0 137 137 74 156 156 14 135 135 72 137 137 74 155 155 12 156 156 14 139 139 75 155 155 12 137 137 74 139 139 75 153 153 11 155 155 12 141 141 10 153 153 11 139 139 75 141 141 10 151 151 10 153 153 11 143 143 74 151 151 10 141 141 10 182 183 96 15 15 0 183 184 69 63 63 36 54 206 31 61 61 36 151 151 10 143 143 74 149 149 76</p>
                </polylist>
            </mesh>
        </geometry>
        <geometry id="mesh9">
            <mesh>
                <source id="points9">
                    <float_array id="pointarray9" count="735">-1054.25 -361.5 1241.5 -1351.5 -371.75 1301.75 -1347.5 -389.25 1282.5 -1622 -338.75 1168 -1612 -357 1151.75 -1760.5 -258.25 909.5 -1747 -278.25 899.25 -1713.75 -166.75 623.5 -1700.5 -188.75 619.75 -1494.75 -104.25 416 -1490.75 -128.75 418.25 -1187.25 -78.25 376 -1189.25 -103 379.5 -926.25 -113.75 505.75 -933.25 -138 506.5 -788.5 -182.75 766.25 -798.25 -214.5 759.5 -836.25 -270.75 1058 -844.5 -289.75 1042.75 -1051.5 -343.75 1260.25 -1812.5 -230.5 551.75 -1864.25 -284.25 919.75 -1870.75 -346.5 902.75 -1696.5 -383 1233.25 -1701 -446.25 1220.5 -1368 -422.25 1395.75 -1368.25 -486.25 1385 -1003 -387.75 1345.75 -999 -451 1333.5 -741.75 -294.75 1100.5 -735 -356.75 1085 -684.75 -179.75 750.5 -676.75 -249.75 730.75 -855 -95.25 432 -849.25 -155.5 409.75 -1166.75 -52.75 277.25 -1165.5 -112.25 253 -1543 -80.5 325.5 -1547.5 -140 302 -1807.5 -169.75 572.5 -1003 -387.75 1345.75 -741.75 -294.75 1100.5 -684.75 -179.75 750.5 -855 -95.25 432 -1166.75 -52.75 277.25 -1543 -80.5 325.5 -1807.5 -169.75 572.5 -1029.75 54 -384.25 -1029.25 93.75 -352 -833.5 56.5 -394.5 -837.5 101 -371.75 -735.5 86.5 -451.75 -703.75 123.25 -419.75 -695 94 -509.5 -665.25 141.25 -497.75 -600.5 216.75 -830 -606.5 321 -802.25 -628.25 262.25 -985.5 -637.25 364.75 -961.5 -697 288 -1090.25 -708.5 396.25 -1066.5 -806.75 410.75 -1116.5 -801 487 -1109.25 -1310.5 439 -1110.75 -1331.25 472 -1124.5 -698.75 468 -1060.25 -626.5 425.25 -951.5 -595.5 371.25 -792.25 -673.25 243.5 -470 -664 300.75 -442.5 -714 232 -402.75 -706.25 297.75 -381 -844.75 293 -333.5 -845.25 352 -280.75 -1005.75 284.25 -309.25 -971 346 -268.5 -1173.75 285.75 -302 -1307 394.5 -1111.25 -1318 294.25 -1116.25 -793 290.25 -1125.75 -784.25 227.25 -1098.25 -674.5 214.25 -1023.5 -633.75 165.25 -848 -1415.75 179.25 -904.5 -1440.25 231.5 -890 -1428.75 131.5 -713 -1454 186 -706.25 -1369.75 129.5 -451.5 -1444.25 291.25 -682.25 -1359.25 230.25 -426 -1453.25 340.25 -667.5 -1367.25 280.25 -399 -1479.75 389.25 -652.75 -1387.5 330 -372.25 567.75 -232.25 532.25 659.5 -336.25 503 687.75 -252.5 527 804 -438 477.5 878 -386.5 493.25 845 -516.25 458 932 -489.5 467.5 858 -595.75 438.25 949.25 -594.25 441.5 943.75 -604.5 442.75 -1175.25 58 -424.5 -1178 100.75 -378.5 -1013.5 218.25 -333.5 -1165.25 217.25 -350.5 -1166.5 256.75 -334 -1409.75 454 -1019.75 -1386.25 412.5 -1017.25 -1380.25 371.25 -1014.5 -1391 275.75 -1040 -1353.25 227 -1073.5 931.25 -412.5 157.5 803.25 -362.75 173.5 877.25 -309.75 183.25 658.75 -260.75 199 687.25 -175.5 216.75 560 -245.5 203 567.25 -155.25 222 344.25 -155 222.75 -787.5 553 -1114.5 -681 541.25 -1059.25 -604.5 488 -950.75 -571.25 421.25 -782 560.75 -345.25 606 688 -275.5 620 659.75 -360.75 602 878.25 -409.75 586.25 804.25 -462.5 576.5 932.25 -512.5 560.5 845.25 -540.75 557 858.25 -620 537.25 943 -526 125.75 853.25 -526 126.5 948.5 -518 131.25 857.5 -520.5 134.25 844.5 -440.75 154 949.25 -594.25 441.5 949.5 -618.75 534.25 932 -489.5 467.5 932.25 -512.5 560.5 878 -386.5 493.25 878.25 -409.75 586.25 688 -275.5 620 568 -255.25 625.25 567.75 -232.25 532.25 345.25 -255 625.75 330.5 -232.25 532.75 93 -232 533.25 286.75 -345.5 606.5 560.75 -345.25 606 542.75 -418.25 537.25 659.75 -360.75 602 633.5 -615.75 488 804.25 -462.5 576.5 -843.25 226 -357.5 931.25 -389.25 62.75 877.25 -309.75 183.25 877 -286.25 88.5 687.25 -175.5 216.75 687 -152.25 122.25 567 -132 127.5 567.25 -155.25 222 344.25 -155 222.75 344.25 -131.5 128 92.5 -131.75 128.5 -1431 333.5 -860.25 -1439.25 378 -854.75 -1465 422.5 -849.5 345.25 -255 625.75 568 -255.25 625.25 330.5 -232.25 532.75 304.25 -321 507.5 560.5 -320.75 507 857 -494.75 33.5 844.25 -415.75 53.25 632.5 -514.5 80 803.25 -337.75 72.75 658.5 -235.75 98.25 92.5 -131.75 128.5 92.5 -156 119.25 344.25 -131.5 128 301.25 -220.75 102.75 559.75 -220.5 102.25 -1363.5 85.75 -503.75 -1347.5 -389.25 1282.5 -1612 -357 1151.75 -1272.75 -241.75 830.75 -1747 -278.25 899.25 -1700.5 -188.75 619.75 -1490.75 -128.75 418.25 -1189.25 -103 379.5 -933.25 -138 506.5 948.5 -494.5 36.75 948.5 -518 131.25 931.25 -412.5 157.5 311.5 -245.5 203.5 92.75 -179.75 220.25 92.75 -155 223.25 844.25 -415.75 53.25 931.25 -389.25 62.75 948.5 -494.5 36.75 -642.25 358.25 -415 559.75 -220.5 102.25 658.5 -235.75 98.25 567 -132 127.5 687 -152.25 122.25 92.75 -179.75 220.25 92.5 -156 119.25 92.75 -155 223.25 92.5 -131.75 128.5 93 -232 533.25 93.25 -255 626.25 93.5 -256 524 93.75 -283.5 622.5 687.75 -252.5 527 541.25 -316.25 129.25 559.75 -220.5 102.25 93 -232 533.25 863.75 -504 37.5 942.75 -504 38 93.25 -255 626.25 -705 361.25 -331.25 803.25 -337.75 72.75 877 -286.25 88.5 -1054.25 -361.5 1241.5 -844.5 -289.75 1042.75 -798.25 -214.5 759.5 658.5 -235.75 98.25 942.75 -504 38 944 -625.75 528.75 949.5 -618.75 534.25 864.75 -626 529.75 944 -625.75 528.75 93.25 -255 626.25 845.25 -540.75 557 858.25 -620 537.25 858.25 -620 537.25 92.75 -155 223.25 853.75 -604.25 442.25 804.25 -462.5 576.5 845.25 -540.75 557 863.75 -504 37.5</float_array>
                    <technique_common>
                        <accessor count="245" source="#pointarray9" stride="3">
                            <param name="X" type="float"/>
                            <param name="Y" type="float"/>
                            <param name="Z" type="float"/>
                        </accessor>
                    </technique_common>
                </source>
                <source id="uvs9">
                    <float_array id="uvarray9" count="368">0.27734375 0.99853515625 0.04931640625 1.04443359375 0.05224609375 1.03369140625 -0.158203125 0.93896484375 -0.150390625 0.9306640625 -0.26416015625 0.7314453125 -0.25390625 0.7275390625 -0.228515625 0.5009765625 -0.21826171875 0.50244140625 -0.060546875 0.33447265625 -0.05712890625 0.3408203125 0.17529296875 0.30029296875 0.173828125 0.3076171875 0.3759765625 0.40380859375 0.37060546875 0.40869140625 0.4814453125 0.61083984375 0.47412109375 0.61181640625 0.44482421875 0.8447265625 0.4384765625 0.83740234375 0.27978515625 1.00830078125 -0.3037109375 0.45947265625 -0.34423828125 0.74365234375 -0.3486328125 0.7431640625 -0.21533203125 0.99609375 -0.21826171875 0.99853515625 0.03662109375 1.1240234375 0.03662109375 1.12841796875 0.31689453125 1.08056640625 0.3203125 1.08349609375 0.517578125 0.88134765625 0.52294921875 0.88134765625 0.56103515625 0.5986328125 0.56787109375 0.59765625 0.4306640625 0.34521484375 0.435546875 0.34033203125 0.19140625 0.2216796875 0.1923828125 0.21533203125 -0.09716796875 0.2626953125 -0.1005859375 0.2568359375 -0.30029296875 0.46337890625 0.54248046875 0.11181640625 0.5537109375 0.19091796875 0.58935546875 0.0322265625 0.5986328125 0.1787109375 0.72705078125 0.078125 0.74951171875 0.208984375 0.7626953125 0.0390625 0.79638671875 0.205078125 1.0537109375 0.1845703125 1.05322265625 0.509765625 1.16943359375 0.205078125 1.173828125 0.52197265625 1.25634765625 0.2041015625 1.263671875 0.5380859375 1.33984375 0.5439453125 1.33935546875 0.77197265625 1.69970703125 0.60888671875 1.7001953125 0.71728515625 1.26318359375 0.75244140625 1.17333984375 0.70556640625 1.052734375 0.6630859375 0.79150390625 0.52392578125 0.791015625 0.7109375 0.73974609375 0.53857421875 0.7392578125 0.74658203125 0.63427734375 0.76708984375 0.60791015625 0.962890625 0.53857421875 0.80908203125 0.5390625 0.96875 0.39404296875 0.76904296875 1.69921875 0.50048828125 1.705078125 0.2041015625 1.32861328125 0.185546875 1.296875 0.02099609375 1.20263671875 0.03759765625 1.0625 0.021484375 -0.1064453125 0.02099609375 -0.099609375 0.1845703125 0.0478515625 0.02001953125 0.0400390625 0.1845703125 0.23583984375 0.2041015625 0.03955078125 0.509765625 0.2412109375 0.51708984375 0.03955078125 0.6630859375 0.2412109375 0.68212890625 0.0400390625 0.81689453125 0.24169921875 0.84716796875 0.5576171875 0.9013671875 0.85986328125 0.67724609375 0.857421875 0.90087890625 1.5556640625 0.67626953125 1.564453125 0.89990234375 1.775390625 0.67626953125 1.7822265625 0.8994140625 2.01513671875 0.67626953125 2.01806640625 0.8994140625 1.9892578125 0.90869140625 0.439453125 0.11181640625 0.3671875 0.01513671875 0.427734375 0.19140625 0.3818359375 0.17333984375 0.52001953125 0.5859375 0.39111328125 0.53369140625 0.3984375 0.6611328125 -0.29931640625 0.71728515625 -0.2177734375 0.740234375 -0.2998046875 0.60888671875 -0.2177734375 0.62109375 -0.30029296875 0.50048828125 -0.21728515625 0.50244140625 -0.2138671875 0.205078125 -0.24169921875 0.0380859375 1.77978515625 0.10107421875 1.26416015625 0.31201171875 1.56201171875 0.10107421875 0.78515625 0.31298828125 0.85595703125 0.10205078125 0.53759765625 0.3134765625 0.55615234375 0.10302734375 -0.00048828125 0.10400390625 1.3388671875 1 1.2626953125 0.966796875 1.17333984375 0.8896484375 1.05224609375 0.81689453125 0.5400390625 1.37255859375 0.85791015625 1.14013671875 0.787109375 1.3720703125 1.5654296875 1.13916015625 1.267578125 1.37158203125 1.783203125 1.138671875 1.43310546875 1.37109375 1.57080078125 1.37109375 1.98583984375 0.091796875 1.51611328125 0.296875 2.01416015625 0.10107421875 1.53857421875 0.31201171875 1.42919921875 0.31201171875 2.02001953125 1.138671875 0.55810546875 1.140625 0.0009765625 1.1416015625 -0.03515625 0.90283203125 -0.62890625 0.90380859375 -0.14453125 1.3740234375 2.19580078125 1.259765625 2.4794921875 0.625 0.5810546875 0.60400390625 1.77880859375 -0.14306640625 1.56103515625 -0.142578125 0.85546875 -0.1416015625 0.5556640625 -0.14111328125 -0.0009765625 -0.14013671875 -0.6298828125 -0.138671875 -0.0986328125 0.50390625 -0.0986328125 0.6376953125 -0.0986328125 0.77197265625 -0.1005859375 0.6787109375 0.5615234375 0.677734375 1.8271484375 -0.3359375 1.67138671875 -0.3359375 2.47705078125 0.625 1.46923828125 -0.3359375 0.85546875 -0.3349609375 -0.6298828125 -0.2001953125 -0.1083984375 -0.3330078125 0.537109375 -0.33447265625 0.18212890625 0.0380859375 0.10986328125 0.669921875 2.01416015625 -0.14306640625 -0.0830078125 0.31494140625 -0.62939453125 0.1708984375 -0.62939453125 0.10546875 0.79052734375 0.8984375 -0.62841796875 1.14306640625 -0.6279296875 0.85498046875 -0.62744140625 1.20166015625 2.19189453125 1.2626953125 -0.29443359375 0.2041015625 1.83837890625 -0.3212890625 1.98486328125 -0.13427734375 0.71875 0.96826171875 1.990234375 1.12939453125 1.62939453125 1.36767578125 1.7578125 0.0380859375 1.9931640625 0.69091796875</float_array>
                    <technique_common>
                        <accessor count="184" source="#uvarray9" stride="2">
                            <param name="S" type="float"/>
                            <param name="T" type="float"/>
                        </accessor>
                    </technique_common>
                </source>
                <source id="colors9">
                    <float_array id="colorarray9" count="556">0.42745098039215684 0.42745098039215684 0.42745098039215684 1 0.7137254901960784 0.7137254901960784 0.7137254901960784 1 0.7058823529411765 0.7058823529411765 0.7058823529411765 1 0.6980392156862745 0.6980392156862745 0.6980392156862745 1 0.47058823529411764 0.47058823529411764 0.47058823529411764 1 0.7019607843137254 0.7019607843137254 0.7019607843137254 1 0.5176470588235295 0.5176470588235295 0.5176470588235295 1 0.7098039215686275 0.7098039215686275 0.7098039215686275 1 0.5254901960784314 0.5254901960784314 0.5254901960784314 1 0.5294117647058824 0.5294117647058824 0.5294117647058824 1 0.6862745098039216 0.6862745098039216 0.6862745098039216 1 0.4549019607843137 0.4549019607843137 0.4549019607843137 1 0.25098039215686274 0.25098039215686274 0.25098039215686274 1 0.6901960784313725 0.6901960784313725 0.6901960784313725 1 0.7450980392156863 0.7450980392156863 0.7450980392156863 1 0.7607843137254902 0.7607843137254902 0.7607843137254902 1 0.6 0.6 0.6 1 0.5490196078431373 0.5490196078431373 0.5490196078431373 1 0.44313725490196076 0.44313725490196076 0.44313725490196076 1 0.33725490196078434 0.33725490196078434 0.33725490196078434 1 0.3215686274509804 0.3215686274509804 0.3215686274509804 1 0.36470588235294116 0.36470588235294116 0.36470588235294116 1 0.4470588235294118 0.4470588235294118 0.4470588235294118 1 0.8941176470588236 0.8941176470588236 0.8941176470588236 1 0.8627450980392157 0.8627450980392157 0.8627450980392157 1 0.8196078431372549 0.8196078431372549 0.8196078431372549 1 0.788235294117647 0.788235294117647 0.788235294117647 1 0.7803921568627451 0.7803921568627451 0.7803921568627451 1 0.792156862745098 0.792156862745098 0.792156862745098 1 0.8117647058823529 0.8117647058823529 0.8117647058823529 1 0.36470588235294116 0.3254901960784314 0.25098039215686274 1 0.4392156862745098 0.4 0.3254901960784314 1 0.32941176470588235 0.29411764705882354 0.21568627450980393 1 0.43137254901960786 0.396078431372549 0.3176470588235294 1 0.26666666666666666 0.22745098039215686 0.15294117647058825 1 0.403921568627451 0.36470588235294116 0.2901960784313726 1 0.34509803921568627 0.3058823529411765 0.23137254901960785 1 0.39215686274509803 0.35294117647058826 0.2784313725490196 1 0.29411764705882354 0.2549019607843137 0.1803921568627451 1 0.3568627450980392 0.3176470588235294 0.24313725490196078 1 0.27450980392156865 0.23921568627450981 0.1607843137254902 1 0.3215686274509804 0.2823529411764706 0.20784313725490197 1 0.24313725490196078 0.20784313725490197 0.12941176470588237 1 0.34901960784313724 0.30980392156862746 0.23529411764705882 1 0.4470588235294118 0.4117647058823529 0.3333333333333333 1 0.40784313725490196 0.3686274509803922 0.29411764705882354 1 0.4549019607843137 0.41568627450980394 0.3411764705882353 1 0.3137254901960784 0.27450980392156865 0.2 1 0.4235294117647059 0.3843137254901961 0.30980392156862746 1 0.2 0.1607843137254902 0.08235294117647059 1 0.4627450980392157 0.4235294117647059 0.34901960784313724 1 0.5098039215686274 0.4745098039215686 0.396078431372549 1 0.5333333333333333 0.49411764705882355 0.4196078431372549 1 0.4980392156862745 0.4588235294117647 0.3843137254901961 1 0.5568627450980392 0.5176470588235295 0.44313725490196076 1 0.43529411764705883 0.396078431372549 0.3215686274509804 1 0.49019607843137253 0.4549019607843137 0.3764705882352941 1 0.15294117647058825 0.15294117647058825 0.15294117647058825 1 0.13333333333333333 0.13333333333333333 0.13333333333333333 1 0.16862745098039217 0.16862745098039217 0.16862745098039217 1 0.12156862745098039 0.12156862745098039 0.12156862745098039 1 0.18823529411764706 0.18823529411764706 0.18823529411764706 1 0.11764705882352941 0.11764705882352941 0.11764705882352941 1 0.1803921568627451 0.1803921568627451 0.1803921568627451 1 0.047058823529411764 0.047058823529411764 0.047058823529411764 1 0.1411764705882353 0.1411764705882353 0.1411764705882353 1 0.2901960784313726 0.25098039215686274 0.17647058823529413 1 0.4666666666666667 0.43137254901960786 0.35294117647058826 1 0.5254901960784314 0.48627450980392156 0.4117647058823529 1 0.45098039215686275 0.4117647058823529 0.33725490196078434 1 0.32941176470588235 0.2901960784313726 0.21568627450980393 1 0.35294117647058826 0.3137254901960784 0.23921568627450981 1 0.48627450980392156 0.48627450980392156 0.48627450980392156 1 0.47843137254901963 0.47843137254901963 0.47843137254901963 1 0.30196078431372547 0.30196078431372547 0.30196078431372547 1 0.43137254901960786 0.43137254901960786 0.43137254901960786 1 0.2549019607843137 0.2549019607843137 0.2549019607843137 1 0.38823529411764707 0.38823529411764707 0.38823529411764707 1 0.3333333333333333 0.3333333333333333 0.3333333333333333 1 0.29411764705882354 0.25882352941176473 0.1803921568627451 1 0.4235294117647059 0.4235294117647059 0.4235294117647059 1 0.5647058823529412 0.5647058823529412 0.5647058823529412 1 0.4588235294117647 0.4588235294117647 0.4588235294117647 1 0.6431372549019608 0.6431372549019608 0.6431372549019608 1 0.5607843137254902 0.5607843137254902 0.5607843137254902 1 0.6627450980392157 0.6627450980392157 0.6627450980392157 1 0.5686274509803921 0.5686274509803921 0.5686274509803921 1 0.49411764705882355 0.49411764705882355 0.49411764705882355 1 0.27450980392156865 0.27450980392156865 0.27450980392156865 1 0.043137254901960784 0.043137254901960784 0.043137254901960784 1 0.4392156862745098 0.4392156862745098 0.4392156862745098 1 0.23529411764705882 0.23529411764705882 0.23529411764705882 1 0.3058823529411765 0.3058823529411765 0.3058823529411765 1 0.5098039215686274 0.5098039215686274 0.5098039215686274 1 0.5450980392156862 0.5450980392156862 0.5450980392156862 1 0.5803921568627451 0.5803921568627451 0.5803921568627451 1 0.5843137254901961 0.5843137254901961 0.5843137254901961 1 0.5882352941176471 0.5882352941176471 0.5882352941176471 1 0.5725490196078431 0.5725490196078431 0.5725490196078431 1 0.3803921568627451 0.3803921568627451 0.3803921568627451 1 0.20392156862745098 0.20392156862745098 0.20392156862745098 1 0 0 0 1 0.5568627450980392 0.5568627450980392 0.5568627450980392 1 0.5529411764705883 0.5529411764705883 0.5529411764705883 1 0.5215686274509804 0.5215686274509804 0.5215686274509804 1 0.5411764705882353 0.5411764705882353 0.5411764705882353 1 0.5137254901960784 0.5137254901960784 0.5137254901960784 1 0.49019607843137253 0.49019607843137253 0.49019607843137253 1 0.4392156862745098 0.403921568627451 0.3254901960784314 1 0.43529411764705883 0.43529411764705883 0.43529411764705883 1 0.054901960784313725 0.054901960784313725 0.054901960784313725 1 0.09411764705882353 0.09411764705882353 0.09411764705882353 1 0.09803921568627451 0.09803921568627451 0.09803921568627451 1 0.10588235294117647 0.10588235294117647 0.10588235294117647 1 0.13725490196078433 0.13725490196078433 0.13725490196078433 1 0.33725490196078434 0.26666666666666666 0.08235294117647059 1 0.6392156862745098 0.5686274509803921 0.38823529411764707 1 0.3764705882352941 0.30980392156862746 0.12549019607843137 1 0.42745098039215684 0.3568627450980392 0.17254901960784313 1 0.43137254901960786 0.36470588235294116 0.1803921568627451 1 0.43529411764705883 0.3686274509803922 0.1843137254901961 1 0.2 0.2 0.2 1 0.28627450980392155 0.28627450980392155 0.28627450980392155 1 0.3137254901960784 0.3137254901960784 0.3137254901960784 1 0.1607843137254902 0.1607843137254902 0.1607843137254902 1 0.16470588235294117 0.16470588235294117 0.16470588235294117 1 0.07058823529411765 0.07058823529411765 0.07058823529411765 1 0.10980392156862745 0.10980392156862745 0.10980392156862745 1 0.09019607843137255 0.09019607843137255 0.09019607843137255 1 0.19607843137254902 0.19607843137254902 0.19607843137254902 1 0.3333333333333333 0.26666666666666666 0.08235294117647059 1 0.3607843137254902 0.29411764705882354 0.10980392156862745 1 0.29411764705882354 0.29411764705882354 0.29411764705882354 1 0.30980392156862746 0.30980392156862746 0.30980392156862746 1 0.615686274509804 0.615686274509804 0.615686274509804 1 0.24705882352941178 0.24705882352941178 0.24705882352941178 1 0.4117647058823529 0.4117647058823529 0.4117647058823529 1 0.40784313725490196 0.40784313725490196 0.40784313725490196 1 0.4196078431372549 0.4196078431372549 0.4196078431372549 1</float_array>
                    <technique_common>
                        <accessor count="139" source="#colorarray9" stride="4">
                            <param name="R" type="float"/>
                            <param name="G" type="float"/>
                            <param name="B" type="float"/>
                            <param name="A" type="float"/>
                        </accessor>
                    </technique_common>
                </source>
                <vertices id="vertices9">
                    <input semantic="POSITION" source="#points9"/>
                </vertices>
                <polylist count="282" material="Material1">
                    <input offset="0" semantic="VERTEX" source="#vertices9"/>
                    <input offset="1" semantic="TEXCOORD" source="#uvs9" set="0"/>
                    <input offset="2" semantic="COLOR" source="#colors9" set="0"/>
                    <vcount>3 3 3 3 3 3 3 3 3 3 3 3 3 3 3 3 3 3 3 3 3 3 3 3 3 3 3 3 3 3 3 3 3 3 3 3 3 3 3 3 3 3 3 3 3 3 3 3 3 3 3 3 3 3 3 3 3 3 3 3 3 3 3 3 3 3 3 3 3 3 3 3 3 3 3 3 3 3 3 3 3 3 3 3 3 3 3 3 3 3 3 3 3 3 3 3 3 3 3 3 3 3 3 3 3 3 3 3 3 3 3 3 3 3 3 3 3 3 3 3 3 3 3 3 3 3 3 3 3 3 3 3 3 3 3 3 3 3 3 3 3 3 3 3 3 3 3 3 3 3 3 3 3 3 3 3 3 3 3 3 3 3 3 3 3 3 3 3 3 3 3 3 3 3 3 3 3 3 3 3 3 3 3 3 3 3 3 3 3 3 3 3 3 3 3 3 3 3 3 3 3 3 3 3 3 3 3 3 3 3 3 3 3 3 3 3 3 3 3 3 3 3 3 3 3 3 3 3 3 3 3 3 3 3 3 3 3 3 3 3 3 3 3 3 3 3 3 3 3 3 3 3 3 3 3 3 3 3 3 3 3 3 3 3 3 3 3 3 3 3 3 3 3 3 3 3 3 3 3 3 3 3</vcount>
                    <p>2 2 0 1 1 1 0 0 0 3 3 2 1 1 1 2 2 0 4 4 0 3 3 2 2 2 0 5 5 3 3 3 2 4 4 0 6 6 4 5 5 3 4 4 0 7 7 5 5 5 3 6 6 4 8 8 6 7 7 5 6 6 4 9 9 7 7 7 5 8 8 6 10 10 8 9 9 7 8 8 6 11 11 7 9 9 7 10 10 8 12 12 9 11 11 7 10 10 8 13 13 2 11 11 7 12 12 9 14 14 9 13 13 2 12 12 9 15 15 10 13 13 2 14 14 9 16 16 11 15 15 10 14 14 9 17 17 10 15 15 10 16 16 11 18 18 11 17 17 10 16 16 11 19 19 2 17 17 10 18 18 11 0 0 0 19 19 2 18 18 11 1 1 1 19 19 2 0 0 0 22 22 12 21 21 13 20 20 12 23 23 14 21 21 13 22 22 12 24 24 12 23 23 14 22 22 12 25 25 15 23 23 14 24 24 12 26 26 12 25 25 15 24 24 12 27 27 16 25 25 15 26 26 12 28 28 12 27 27 16 26 26 12 29 29 17 27 27 16 28 28 12 30 30 12 29 29 17 28 28 12 31 31 18 29 29 17 30 30 12 32 32 12 31 31 18 30 30 12 33 33 19 31 31 18 32 32 12 34 34 12 33 33 19 32 32 12 35 35 20 33 33 19 34 34 12 36 36 12 35 35 20 34 34 12 37 37 21 35 35 20 36 36 12 38 38 12 37 37 21 36 36 12 39 39 22 37 37 21 38 38 12 20 20 12 39 39 22 38 38 12 21 21 13 39 39 22 20 20 12 41 29 24 19 19 2 40 27 23 17 17 10 19 19 2 41 29 24 42 31 25 17 17 10 41 29 24 15 15 10 17 17 10 42 31 25 43 33 26 15 15 10 42 31 25 13 13 2 15 15 10 43 33 26 44 35 27 13 13 2 43 33 26 11 11 7 13 13 2 44 35 27 45 37 28 11 11 7 44 35 27 9 9 7 11 11 7 45 37 28 46 39 29 9 9 7 45 37 28 7 7 5 9 9 7 46 39 29 21 21 13 7 7 5 46 39 29 5 5 3 7 7 5 21 21 13 23 23 14 5 5 3 21 21 13 3 3 2 5 5 3 23 23 14 25 25 15 3 3 2 23 23 14 1 1 1 3 3 2 25 25 15 40 27 23 1 1 1 25 25 15 19 19 2 1 1 1 40 27 23 49 42 32 48 41 31 47 40 30 50 43 33 48 41 31 49 42 32 51 44 34 50 43 33 49 42 32 52 45 35 50 43 33 51 44 34 53 46 34 52 45 35 51 44 34 54 47 36 52 45 35 53 46 34 55 48 36 54 47 36 53 46 34 56 49 37 54 47 36 55 48 36 57 50 38 56 49 37 55 48 36 58 51 39 56 49 37 57 50 38 59 52 40 58 51 39 57 50 38 60 53 41 58 51 39 59 52 40 61 54 41 60 53 41 59 52 40 62 55 41 60 53 41 61 54 41 63 56 41 62 55 41 61 54 41 64 57 42 62 55 41 63 56 41 65 58 41 60 53 41 62 55 41 58 51 39 60 53 41 65 58 41 66 59 43 58 51 39 65 58 41 56 49 37 58 51 39 66 59 43 67 60 37 56 49 37 66 59 43 68 61 37 56 49 37 67 60 37 69 62 37 68 61 37 67 60 37 70 63 44 68 61 37 69 62 37 71 64 45 70 63 44 69 62 37 72 65 46 70 63 44 71 64 45 73 66 47 72 65 46 71 64 45 74 67 48 72 65 46 73 66 47 75 68 47 74 67 48 73 66 47 76 69 47 74 67 48 75 68 47 61 54 41 77 70 41 63 56 41 78 71 40 77 70 41 61 54 41 79 72 40 78 71 40 61 54 41 80 73 49 78 71 40 79 72 40 59 52 40 80 73 49 79 72 40 81 74 42 80 73 49 59 52 40 57 50 38 81 74 42 59 52 40 82 75 34 81 74 42 57 50 38 55 48 36 82 75 34 57 50 38 53 46 34 82 75 34 55 48 36 85 78 34 84 77 50 83 76 34 86 79 51 84 77 50 85 78 34 87 80 52 86 79 51 85 78 34 88 81 53 86 79 51 87 80 52 89 82 54 88 81 53 87 80 52 90 83 55 88 81 53 89 82 54 91 84 56 90 83 55 89 82 54 92 85 47 90 83 55 91 84 56 93 86 47 92 85 47 91 84 56 96 89 59 95 88 58 94 87 57 97 90 60 95 88 58 96 89 59 98 91 61 97 90 60 96 89 59 99 92 62 97 90 60 98 91 61 100 93 63 99 92 62 98 91 61 101 94 64 99 92 62 100 93 63 102 95 65 101 94 64 100 93 63 103 96 60 101 94 64 102 95 65 48 99 31 104 98 66 47 97 30 105 100 67 104 98 66 48 99 31 106 101 53 105 100 67 48 99 31 107 102 68 105 100 67 106 101 53 74 67 48 107 102 68 106 101 53 108 103 69 107 102 68 74 67 48 76 69 47 108 103 69 74 67 48 93 86 47 108 103 69 76 69 47 63 106 41 109 105 38 64 104 42 110 107 70 109 105 38 63 106 41 77 108 41 110 107 70 63 106 41 111 109 71 110 107 70 77 108 41 112 110 47 111 109 71 77 108 41 84 77 50 111 109 71 112 110 47 113 111 49 84 77 50 112 110 47 83 76 34 84 77 50 113 111 49 116 114 73 115 113 20 114 112 72 117 115 74 115 113 20 116 114 73 118 116 75 117 115 74 116 114 73 119 117 76 117 115 74 118 116 75 120 118 77 119 117 76 118 116 75 121 119 78 119 117 76 120 118 77 122 120 42 62 55 41 64 57 42 65 58 41 62 55 41 122 120 42 123 121 42 65 58 41 122 120 42 66 59 43 65 58 41 123 121 42 124 122 79 66 59 43 123 121 42 125 123 47 66 59 43 124 122 79 128 126 82 127 125 81 126 124 80 129 127 83 127 125 81 128 126 82 130 128 84 129 127 83 128 126 82 131 129 85 129 127 83 130 128 84 132 130 86 131 129 85 130 128 84 133 131 87 131 129 85 132 130 86 136 134 90 135 133 89 134 132 88 137 135 91 135 133 89 136 134 90 114 112 72 137 135 91 136 134 90 138 136 92 137 135 91 114 112 72 115 113 20 138 136 92 114 112 72 141 93 95 140 137 94 139 95 93 142 129 96 140 137 94 141 93 95 143 91 96 142 129 96 141 93 95 144 127 97 142 129 96 143 91 96 145 125 96 144 127 97 143 91 96 147 87 97 146 138 16 145 125 96 148 139 97 146 138 16 147 87 97 149 140 98 148 139 97 147 87 97 150 141 86 148 139 97 149 140 98 153 143 100 152 124 99 151 142 76 154 126 99 152 124 99 153 143 100 155 144 101 154 126 99 153 143 100 156 128 90 154 126 99 155 144 101 106 101 53 72 65 46 74 67 48 157 145 56 72 65 46 106 101 53 48 41 31 157 145 56 106 101 53 50 43 33 157 145 56 48 41 31 160 147 103 159 114 81 158 146 102 161 116 94 159 114 81 160 147 103 162 148 6 161 116 94 160 147 103 163 149 104 161 116 94 162 148 6 163 149 104 164 118 105 161 116 94 165 119 106 164 118 105 163 149 104 166 150 107 165 119 106 163 149 104 167 151 82 165 119 106 166 150 107 90 83 55 168 152 108 88 81 53 169 153 37 168 152 108 90 83 55 92 85 47 169 153 37 90 83 55 170 154 47 169 153 37 92 85 47 68 61 37 54 47 36 56 49 37 52 45 35 54 47 36 68 61 37 70 63 44 52 45 35 68 61 37 50 43 33 52 45 35 70 63 44 126 124 80 171 139 109 151 142 76 172 138 6 171 139 109 126 124 80 127 125 81 172 138 6 126 124 80 94 87 57 174 155 110 173 140 60 175 156 111 174 155 110 94 87 57 95 88 58 175 156 111 94 87 57 178 159 101 177 158 62 176 157 111 179 160 62 177 158 62 178 159 101 180 161 112 179 160 62 178 159 101 183 150 113 182 162 111 181 151 111 184 163 111 182 162 111 183 150 113 185 164 114 184 163 111 183 150 113 105 100 67 186 165 34 104 98 66 87 80 52 186 165 34 105 100 67 89 82 54 87 80 52 105 100 67 189 166 116 188 4 115 187 2 115 190 6 117 188 4 115 189 166 116 191 8 118 190 6 117 189 166 116 189 166 116 192 10 119 191 8 118 193 12 120 192 10 119 189 166 116 194 14 120 193 12 120 189 166 116 158 146 102 196 134 6 195 167 72 197 112 81 196 134 6 158 146 102 159 114 81 197 112 81 158 146 102 168 152 108 86 79 51 88 81 53 84 77 50 86 79 51 168 152 108 111 109 71 84 77 50 168 152 108 169 153 37 111 109 71 168 152 108 110 107 70 111 109 71 169 153 37 109 105 38 110 107 70 169 153 37 121 119 78 198 168 121 119 117 76 199 169 122 198 168 121 121 119 78 200 170 123 199 169 122 121 119 78 202 146 100 176 157 111 201 158 65 203 167 124 176 157 111 202 146 100 125 123 47 67 60 37 66 59 43 204 171 47 67 60 37 125 123 47 157 145 56 70 63 44 72 65 46 50 43 33 70 63 44 157 145 56 207 149 125 206 161 65 205 164 65 208 148 125 206 161 65 207 149 125 211 170 127 210 162 126 209 169 111 212 151 128 210 162 126 211 170 127 215 173 89 214 172 63 213 141 59 216 174 88 214 172 63 215 173 89 217 89 81 145 125 96 143 91 96 147 87 97 145 125 96 217 89 81 219 164 111 218 175 111 184 163 111 180 161 112 218 175 111 219 164 111 220 141 127 174 155 110 215 173 89 173 140 60 174 155 110 220 141 127 112 110 47 78 176 40 113 111 49 77 108 41 78 176 40 112 110 47 176 157 111 222 178 111 221 177 111 203 167 124 222 178 111 176 157 111 216 174 88 171 139 109 223 172 99 151 142 76 171 139 109 216 174 88 71 64 45 224 179 47 73 66 47 69 62 37 224 179 47 71 64 45 226 147 129 201 158 65 225 160 65 202 146 100 201 158 65 226 147 129 107 102 68 89 82 54 105 100 67 108 103 69 89 82 54 107 102 68 108 103 69 91 84 56 89 82 54 93 86 47 91 84 56 108 103 69 69 62 37 204 171 47 224 179 47 67 60 37 204 171 47 69 62 37 227 0 130 189 166 116 187 2 115 228 18 131 189 166 116 227 0 130 189 166 116 229 16 131 194 14 120 228 18 131 229 16 131 189 166 116 208 148 125 225 160 65 230 161 62 226 147 129 225 160 65 208 148 125 195 167 72 134 132 88 231 178 132 196 134 6 134 132 88 195 167 72 139 95 93 232 180 133 103 96 60 140 137 94 232 180 133 139 95 93 133 131 87 233 137 134 131 129 85 234 181 135 233 137 134 133 131 87 183 150 113 207 149 125 185 164 114 80 73 49 113 182 49 78 71 40 87 80 52 85 78 34 186 165 34 233 137 134 234 181 135 235 180 136 59 52 40 79 72 40 61 54 41 148 139 97 150 141 86 236 172 95 238 131 90 237 130 137 155 144 101 155 144 101 234 181 135 239 131 73 165 119 106 167 151 82 240 170 87 103 96 60 241 183 89 101 94 64 155 144 101 243 130 138 242 128 75 180 161 112 178 159 101 218 175 111 244 177 65 178 159 101 176 157 111 109 105 38 169 153 37 170 154 47</p>
                </polylist>
            </mesh>
        </geometry>
        <geometry id="mesh10">
            <mesh>
                <source id="points10">
                    <float_array id="pointarray10" count="261">-585.75 360 -377.5 -691.25 361 -258.5 -574.75 412.25 -364.5 -694.25 416 -242.25 -700.75 491 -239.5 -974.75 382 -181.5 -978 470.25 -182.25 -1193 456.75 -198.75 -1173.25 579 -225.75 -1384.75 599.25 -306 -1319.25 695 -349.5 -1399 749 -576.5 -1170.25 766.75 -479.75 -1207.25 803.5 -633 -1021.25 810.75 -617 -1164.25 839.75 -775.75 -903.5 839.75 -775 -1273.5 845 -954.75 -829.25 846.25 -962 -1328.75 782.75 -1046.25 -787.25 788.25 -1055 -1362.75 696.75 -1119.75 -758 714.25 -1125.5 -1378.5 581.25 -1168.25 -746.25 643 -1164.25 -1374.5 498.5 -1180 -751.5 598.75 -1166.25 -626.75 570.75 -1104.75 -616.75 617 -1099 -634.5 695 -1061.5 -678.25 773.25 -999 -742.5 835.25 -917.5 -679 810.5 -822.75 -843.25 806.25 -643 -651.5 775.25 -683 -885.75 766.5 -481.25 -711.75 704.25 -393.25 -788.5 685 -311.25 -642.5 611.25 -360.25 -734.25 589.75 -259.5 -593.25 507.75 -356 -968.75 339 -202 -1196.75 277.5 -230 -1201 338.75 -204.5 -1425.75 490.25 -286.5 -1537 562.75 -609.75 -1481 666.25 -588 -1467 712.25 -773.75 -1387.25 788.25 -735.5 -1341.25 822.5 -870 -1468 475.5 -1056 -1475.75 552.75 -1041.75 -1542.75 502.5 -848.25 -1459 663.75 -994.75 -1521.75 612.25 -809.5 -1410.75 755 -942.25 -1043.25 758.5 -445 -984 675.75 -274.5 -1146.25 681.25 -285.25 -976 577 -212.75 -570 696.5 -709.75 -514.25 594.5 -737.5 -550 649.75 -928.25 -529.5 560.25 -962.25 -642.25 358.25 -415 -502.75 432.75 -784 -571.25 421.25 -782 -540.25 508.75 -977 -604.5 488 -950.75 -681 541.25 -1059.25 -1559.75 457 -633 -1532 436.25 -861.25 -491.5 489.75 -766 -1331.25 472 -1124.5 -787.5 553 -1114.5 -602.75 741 -884 -1443 386.75 -293.5 -1439 330.25 -317 -845.25 352 -280.75 -971 346 -268.5 -1173.75 285.75 -302 -705 361.25 -331.25 -1548.25 398 -644 -1387.5 330 -372.25 -1479.75 389.25 -652.75 -1465 422.5 -849.5 -1409.75 454 -1019.75</float_array>
                    <technique_common>
                        <accessor count="87" source="#pointarray10" stride="3">
                            <param name="X" type="float"/>
                            <param name="Y" type="float"/>
                            <param name="Z" type="float"/>
                        </accessor>
                    </technique_common>
                </source>
                <source id="uvs10">
                    <float_array id="uvarray10" count="174">1.974609375 2.2314453125 2.01416015625 1.9619140625 1.74072265625 2.20556640625 1.80859375 1.9912109375 1.603515625 2.0205078125 1.67236328125 1.642578125 1.53955078125 1.736328125 1.3642578125 1.548828125 1.294921875 1.66357421875 1.0009765625 1.62646484375 1.0068359375 1.72509765625 0.84765625 1.81884765625 1.0458984375 1.89013671875 0.92626953125 1.94091796875 1.052734375 2.04150390625 0.8984375 2.08154296875 1.02294921875 2.21142578125 0.71337890625 2.06689453125 0.9912109375 2.392578125 0.615234375 2.0751953125 0.97021484375 2.49267578125 0.48681640625 2.0908203125 0.94287109375 2.623046875 0.32177734375 2.11376953125 0.9052734375 2.78857421875 0.1005859375 2.16015625 0.8505859375 3.0068359375 1.0966796875 3.02392578125 1.099609375 2.78759765625 1.09326171875 2.6123046875 1.0859375 2.48193359375 1.07861328125 2.3828125 1.166015625 2.34912109375 1.14990234375 2.17822265625 1.24462890625 2.29345703125 1.20166015625 2.0751953125 1.353515625 2.1318359375 1.37353515625 2.04052734375 1.4482421875 2.150390625 1.47265625 2.03271484375 1.5732421875 2.17724609375 1.83837890625 1.5205078125 1.54541015625 1.2216796875 1.44873046875 1.40185546875 0.9970703125 1.49658203125 0.72412109375 1.6630859375 0.79296875 1.751953125 0.70947265625 1.849609375 0.78271484375 1.89453125 0.7373046875 1.978515625 0.16162109375 1.90625 0.3720703125 1.9248046875 0.4775390625 1.724609375 0.52880859375 1.9404296875 0.6123046875 1.79345703125 0.646484375 1.96240234375 1.18310546875 1.93115234375 1.34375 1.87158203125 1.23828125 1.75341796875 1.4306640625 1.81396484375 1.3046875 2.36376953125 1.3818359375 2.45849609375 1.244140625 2.55810546875 1.2978515625 2.71875 2.5166015625 2.24951171875 1.62060546875 2.76611328125 1.900390625 3.16845703125 1.359375 2.9443359375 1.46240234375 3.4716796875 1.05859375 3.56005859375 0.63330078125 1.5419921875 0.3076171875 1.6298828125 1.48681640625 2.58935546875 -0.3798828125 2.3095703125 0.71923828125 3.45556640625 1.19921875 2.439453125 0.998046875 1.32861328125 1.0078125 1.103515625 2.263671875 1.396484375 2.13720703125 1.27001953125 1.69580078125 0.87353515625 2.57275390625 1.92626953125 0.521484375 1.38037109375 1.0810546875 0.607421875 0.2958984375 1.0107421875 -0.08056640625 1.44970703125 -0.32177734375 1.9228515625</float_array>
                    <technique_common>
                        <accessor count="87" source="#uvarray10" stride="2">
                            <param name="S" type="float"/>
                            <param name="T" type="float"/>
                        </accessor>
                    </technique_common>
                </source>
                <source id="colors10">
                    <float_array id="colorarray10" count="276">0.3058823529411765 0.25882352941176473 0.25882352941176473 1 0.32941176470588235 0.2823529411764706 0.2823529411764706 1 0.4588235294117647 0.4117647058823529 0.4117647058823529 1 0.5176470588235295 0.5176470588235295 0.5176470588235295 1 0.6431372549019608 0.596078431372549 0.596078431372549 1 0.7372549019607844 0.7372549019607844 0.7372549019607844 1 0.8156862745098039 0.8156862745098039 0.8156862745098039 1 0.9019607843137255 0.9019607843137255 0.9019607843137255 1 0.9137254901960784 0.9137254901960784 0.9137254901960784 1 0.9607843137254902 0.9607843137254902 0.9607843137254902 1 0.8901960784313725 0.8901960784313725 0.8901960784313725 1 0.8823529411764706 0.8823529411764706 0.8823529411764706 1 0.8666666666666667 0.8666666666666667 0.8666666666666667 1 0.8274509803921568 0.8274509803921568 0.8274509803921568 1 0.8235294117647058 0.8235294117647058 0.8235294117647058 1 0.7764705882352941 0.7764705882352941 0.7764705882352941 1 0.6352941176470588 0.6352941176470588 0.6352941176470588 1 0.6 0.6 0.6 1 0.49019607843137253 0.49019607843137253 0.49019607843137253 1 0.4745098039215686 0.4745098039215686 0.4745098039215686 1 0.396078431372549 0.396078431372549 0.396078431372549 1 0.3764705882352941 0.3764705882352941 0.3764705882352941 1 0.3058823529411765 0.2627450980392157 0.2627450980392157 1 0.27450980392156865 0.22745098039215686 0.22745098039215686 1 0.23529411764705882 0.19215686274509805 0.19215686274509805 1 0.3411764705882353 0.29411764705882354 0.29411764705882354 1 0.4196078431372549 0.4196078431372549 0.4196078431372549 1 0.4823529411764706 0.4823529411764706 0.4823529411764706 1 0.5764705882352941 0.5764705882352941 0.5764705882352941 1 0.6196078431372549 0.6196078431372549 0.6196078431372549 1 0.7647058823529411 0.7647058823529411 0.7647058823529411 1 0.6431372549019608 0.6431372549019608 0.6431372549019608 1 0.796078431372549 0.796078431372549 0.796078431372549 1 0.6078431372549019 0.6078431372549019 0.6078431372549019 1 0.7450980392156863 0.7450980392156863 0.7450980392156863 1 0.43137254901960786 0.43137254901960786 0.43137254901960786 1 0.6313725490196078 0.6313725490196078 0.6313725490196078 1 0.2980392156862745 0.2980392156862745 0.2980392156862745 1 0.37254901960784315 0.3254901960784314 0.3254901960784314 1 0.41568627450980394 0.3686274509803922 0.3686274509803922 1 0.7019607843137254 0.6549019607843137 0.6549019607843137 1 0.8117647058823529 0.8117647058823529 0.8117647058823529 1 0.7333333333333333 0.7333333333333333 0.7333333333333333 1 0.7686274509803922 0.7686274509803922 0.7686274509803922 1 0.8352941176470589 0.8352941176470589 0.8352941176470589 1 0.7411764705882353 0.7411764705882353 0.7411764705882353 1 0.3254901960784314 0.2784313725490196 0.2784313725490196 1 0.44313725490196076 0.396078431372549 0.396078431372549 1 0.5843137254901961 0.5372549019607843 0.5372549019607843 1 0.5607843137254902 0.5607843137254902 0.5607843137254902 1 0.6823529411764706 0.6823529411764706 0.6823529411764706 1 0.6549019607843137 0.6549019607843137 0.6549019607843137 1 0.8941176470588236 0.8941176470588236 0.8941176470588236 1 0.9490196078431372 0.9490196078431372 0.9490196078431372 1 0.5137254901960784 0.5137254901960784 0.5137254901960784 1 0.42745098039215684 0.42745098039215684 0.42745098039215684 1 0.4392156862745098 0.4392156862745098 0.4392156862745098 1 0.3607843137254902 0.3176470588235294 0.3176470588235294 1 0.25882352941176473 0.25882352941176473 0.25882352941176473 1 0.28627450980392155 0.24313725490196078 0.24313725490196078 1 0.24313725490196078 0.24313725490196078 0.24313725490196078 1 0.19215686274509805 0.19215686274509805 0.19215686274509805 1 0.6352941176470588 0.5882352941176471 0.5882352941176471 1 0.3607843137254902 0.3137254901960784 0.3137254901960784 1 0.5215686274509804 0.5215686274509804 0.5215686274509804 1 0.6980392156862745 0.6509803921568628 0.6509803921568628 1 0.42745098039215684 0.3843137254901961 0.3843137254901961 1 0.4 0.3568627450980392 0.3568627450980392 1 0.23921568627450981 0.23921568627450981 0.23921568627450981 1</float_array>
                    <technique_common>
                        <accessor count="69" source="#colorarray10" stride="4">
                            <param name="R" type="float"/>
                            <param name="G" type="float"/>
                            <param name="B" type="float"/>
                            <param name="A" type="float"/>
                        </accessor>
                    </technique_common>
                </source>
                <vertices id="vertices10">
                    <input semantic="POSITION" source="#points10"/>
                </vertices>
                <polylist count="158" material="Material1">
                    <input offset="0" semantic="VERTEX" source="#vertices10"/>
                    <input offset="1" semantic="TEXCOORD" source="#uvs10" set="0"/>
                    <input offset="2" semantic="COLOR" source="#colors10" set="0"/>
                    <vcount>3 3 3 3 3 3 3 3 3 3 3 3 3 3 3 3 3 3 3 3 3 3 3 3 3 3 3 3 3 3 3 3 3 3 3 3 3 3 3 3 3 3 3 3 3 3 3 3 3 3 3 3 3 3 3 3 3 3 3 3 3 3 3 3 3 3 3 3 3 3 3 3 3 3 3 3 3 3 3 3 3 3 3 3 3 3 3 3 3 3 3 3 3 3 3 3 3 3 3 3 3 3 3 3 3 3 3 3 3 3 3 3 3 3 3 3 3 3 3 3 3 3 3 3 3 3 3 3 3 3 3 3 3 3 3 3 3 3 3 3 3 3 3 3 3 3 3 3 3 3 3 3 3 3 3 3 3 3</vcount>
                    <p>2 2 0 1 1 1 0 0 0 3 3 2 1 1 1 2 2 0 4 4 3 3 3 2 2 2 0 5 5 4 3 3 2 4 4 3 6 6 5 5 5 4 4 4 3 7 7 6 5 5 4 6 6 5 8 8 7 7 7 6 6 6 5 9 9 8 7 7 6 8 8 7 10 10 9 9 9 8 8 8 7 11 11 10 9 9 8 10 10 9 12 12 11 11 11 10 10 10 9 13 13 12 11 11 10 12 12 11 14 14 13 13 13 12 12 12 11 15 15 14 13 13 12 14 14 13 16 16 15 15 15 14 14 14 13 17 17 16 15 15 14 16 16 15 18 18 17 17 17 16 16 16 15 19 19 18 17 17 16 18 18 17 20 20 19 19 19 18 18 18 17 21 21 20 19 19 18 20 20 19 22 22 21 21 21 20 20 20 19 23 23 22 21 21 20 22 22 21 24 24 23 23 23 22 22 22 21 25 25 24 23 23 22 24 24 23 26 26 24 25 25 24 24 24 23 24 24 23 27 27 24 26 26 24 28 28 25 27 27 24 24 24 23 22 22 21 28 28 25 24 24 23 29 29 26 28 28 25 22 22 21 20 20 19 29 29 26 22 22 21 30 30 27 29 29 26 20 20 19 18 18 17 30 30 27 20 20 19 31 31 28 30 30 27 18 18 17 16 16 15 31 31 28 18 18 17 32 32 29 31 31 28 16 16 15 33 33 30 32 32 29 16 16 15 34 34 31 32 32 29 33 33 30 35 35 32 34 34 31 33 33 30 36 36 33 34 34 31 35 35 32 37 37 34 36 36 33 35 35 32 38 38 35 36 36 33 37 37 34 39 39 36 38 38 35 37 37 34 40 40 37 38 38 35 39 39 36 4 4 3 40 40 37 39 39 36 2 2 0 40 40 37 4 4 3 5 5 4 42 42 39 41 41 38 43 43 40 42 42 39 5 5 4 7 7 6 43 43 40 5 5 4 44 44 41 43 43 40 7 7 6 9 9 8 44 44 41 7 7 6 45 45 42 44 44 41 9 9 8 46 46 13 45 45 42 9 9 8 47 47 43 45 45 42 46 46 13 48 48 44 47 47 43 46 46 13 49 49 45 47 47 43 48 48 44 15 15 14 49 49 45 48 48 44 17 17 16 49 49 45 15 15 14 50 50 46 23 23 22 25 25 24 51 51 47 23 23 22 50 50 46 52 52 48 51 51 47 50 50 46 53 53 49 51 51 47 52 52 48 54 54 50 53 53 49 52 52 48 55 55 51 53 53 49 54 54 50 47 47 43 55 55 51 54 54 50 49 49 45 55 55 51 47 47 43 14 14 13 33 33 30 16 16 15 35 35 32 33 33 30 14 14 13 56 56 12 35 35 32 14 14 13 57 57 52 35 35 32 56 56 12 58 58 53 57 57 52 56 56 12 59 59 13 57 57 52 58 58 53 8 8 7 59 59 13 58 58 53 6 6 5 59 59 13 8 8 7 38 38 35 34 34 31 36 36 33 60 60 54 34 34 31 38 38 35 61 61 55 60 60 54 38 38 35 62 62 56 60 60 54 61 61 55 63 63 57 62 62 56 61 61 55 28 28 25 62 62 56 63 63 57 27 27 24 28 28 25 63 63 57 64 64 58 0 0 0 1 1 1 65 65 0 0 0 0 64 64 58 66 66 58 65 65 0 64 64 58 67 67 59 65 65 0 66 66 58 68 68 60 67 67 59 66 66 58 69 69 61 67 67 59 68 68 60 54 54 50 45 45 42 47 47 43 70 70 62 45 45 42 54 54 50 52 52 48 70 70 62 54 54 50 71 71 38 70 70 62 52 52 48 50 50 46 71 71 38 52 52 48 57 57 52 37 37 34 35 35 32 39 39 36 37 37 34 57 57 52 59 59 13 39 39 36 57 57 52 4 4 3 39 39 36 59 59 13 6 6 5 4 4 3 59 59 13 63 63 57 67 67 59 27 27 24 72 72 63 67 67 59 63 63 57 61 61 55 72 72 63 63 63 57 2 2 0 72 72 63 61 61 55 40 40 37 2 2 0 61 61 55 26 26 24 74 74 61 73 73 61 69 69 61 74 74 61 26 26 24 27 27 24 69 69 61 26 26 24 67 67 59 69 69 61 27 27 24 11 11 10 46 46 13 9 9 8 48 48 44 46 46 13 11 11 10 13 13 12 48 48 44 11 11 10 15 15 14 48 48 44 13 13 12 32 32 29 30 30 27 31 31 28 75 75 64 30 30 27 32 32 29 34 34 31 75 75 64 32 32 29 60 60 54 75 75 64 34 34 31 76 76 65 42 42 39 43 43 40 77 77 66 42 42 39 76 76 65 70 70 62 77 77 66 76 76 65 41 41 38 78 78 58 1 1 1 79 79 58 78 78 58 41 41 38 80 80 58 79 79 58 41 41 38 75 75 64 29 29 26 30 30 27 62 62 56 29 29 26 75 75 64 60 60 54 62 62 56 75 75 64 76 76 65 45 45 42 70 70 62 44 44 41 45 45 42 76 76 65 43 43 40 44 44 41 76 76 65 81 81 58 1 1 1 78 78 58 64 64 58 1 1 1 81 81 58 51 51 47 21 21 20 23 23 22 53 53 49 21 21 20 51 51 47 82 82 67 70 70 62 71 71 38 77 77 66 70 70 62 82 82 67 42 42 39 80 80 58 41 41 38 77 77 66 80 80 58 42 42 39 77 77 66 83 83 58 80 80 58 82 82 67 83 83 58 77 77 66 82 82 67 84 84 58 83 83 58 71 71 38 84 84 58 82 82 67 12 12 11 56 56 12 14 14 13 10 10 9 56 56 12 12 12 11 10 10 9 58 58 53 56 56 12 8 8 7 58 58 53 10 10 9 71 71 38 85 85 58 84 84 58 50 50 46 85 85 58 71 71 38 50 50 46 86 86 68 85 85 58 25 25 24 86 86 68 50 50 46 25 25 24 73 73 61 86 86 68 26 26 24 73 73 61 25 25 24 3 3 2 41 41 38 1 1 1 5 5 4 41 41 38 3 3 2 72 72 63 65 65 0 67 67 59 2 2 0 65 65 0 72 72 63 17 17 16 55 55 51 49 49 45 19 19 18 55 55 51 17 17 16 19 19 18 53 53 49 55 55 51 21 21 20 53 53 49 19 19 18 2 2 0 0 0 0 65 65 0 28 28 25 29 29 26 62 62 56 38 38 35 40 40 37 61 61 55</p>
                </polylist>
            </mesh>
        </geometry>
        <geometry id="mesh11">
            <mesh>
                <source id="points11">
                    <float_array id="pointarray11" count="954">-1622 -7.25 -896.25 -1572.5 24.75 -636 -1678.25 9 -562.25 -1425 4.25 -414.75 -1558.25 -8.25 -384 -1410.5 -15.5 -290.5 -1551 -74 -7.5 -1120.5 -47.5 -1.25 -1563.5 -124.75 249.5 -1183.5 -101 204.75 -1511.75 -153 368.75 -1207 -133 329.75 -1287.5 -291.25 732.5 -896.5 -162.25 450.25 -755.5 -239.5 754 -811.75 -135 361.5 -616 -232.75 727 -776.25 -94 190.25 -476.5 -218.25 644.75 -487.75 -130.5 317 -175.25 -178.25 390.75 -316.75 -104 148.75 -110.25 -130.25 142.75 -7.5 -114.25 -56.25 45.75 -148.5 116 84 -144.25 74.5 92.5 -156 119.25 615.75 -319.25 -31.75 311.5 -245.5 203.5 629 -351 96.75 -369.75 1049 52.25 -272.5 1011.25 203.75 -465.75 964.25 52.25 -398.5 927.75 199.25 -491.5 791.5 234.5 -333 757 373 -540.75 663.5 239 -363.75 625 393.75 -548.5 537 213.25 -368.75 498 370.25 -518.25 462.75 171.75 -350.25 426.25 318.75 -378.5 392.5 169.75 -135.25 409.5 386.5 -30.25 365.25 279.5 89.5 415.25 363.5 285.5 442.25 253.75 311.25 515.25 301 453.5 562.5 111 445.75 688.25 138.5 495.25 744.5 -87.5 436.25 864 -58 391.75 914.25 -260.5 322.75 984.25 -28 288.25 1023.25 -185.5 212.25 1078.75 -67.75 71.5 1125.25 -255.75 305 -183.25 -262.5 369.5 -176 -609.25 196.25 -119.25 -475.5 164.25 -115.75 -852 35.5 -87.75 -648.25 -85.5 -66.25 -1051.25 -139.75 -24 -653.75 -237.25 -21.25 -752.75 -353.25 17.75 -607.5 -350 9.25 -838.5 -416 53 -800 -484.75 121.75 -1025 -536.5 190 -994.75 -694.75 157.5 -1202.75 -724 232.75 -1151.75 -998 164.25 -1230 -1004.25 239.5 -1179.75 -1284.5 234.5 -1159.25 -1011.25 258.75 -1125.25 -1263.75 253.5 -1104.25 -1185.25 210 -1019 -139.75 -24 -653.75 -277.5 17.75 -535.25 -428 10.25 -478 -505 21.25 -498.5 -553.25 92.25 -518.75 -724 -7 -342 -753.75 52.25 -362.75 -1076.25 -12.5 -309.75 -1073.75 34.25 -324.5 -1398 65 -441 -1497.25 119.75 -653.5 -1474 198.75 -1015.5 -1421.5 221.75 -976.5 -1296 187.75 -928.75 38.75 375.5 -109 -77.75 381.25 -177.5 -63.25 358.25 -39.25 -172 366.75 -73.5 -162.5 360.25 85.5 -328.25 396.25 -59 -527.5 473 -154.75 -610.25 512.5 -28.5 -647 590.25 -1 -637.75 715.75 27.75 -578.25 838.25 45.5 -465.75 1004.25 -108.5 -344.5 1092.75 -124.5 -233.5 1172.75 -162 -166.5 1131.25 -280 -50.75 1187 -219.75 115.25 1164 -126.5 155.25 1118.75 55.5 162.5 1022.25 159.5 42.25 1081.25 206.5 -44.75 993.5 275.75 -148.5 1076.5 226 -291 1107.5 101.25 -311.5 1142.75 -40.5 -218.5 392 -175 -328.25 449.75 -275.5 -378.5 553.5 -479.5 -610.25 567 -248 -518.25 616.5 -448.75 -647 648.5 -236 -548.5 701.75 -450.5 -637.75 773.25 -203.25 -540.75 825.5 -414.5 -578.25 889.75 -161.5 -491.5 936.5 -350.5 -398.5 1040.75 -255.5 -275.25 1067.5 -363.25 85 1189 -12.5 6.5 1215 -117.5 -126.25 1218.25 -131 -211.25 1204.5 -75.25 -239.75 1180.75 20.5 -152.5 1220 -5 -152.5 1203.5 61.25 -75.5 1222.25 30.75 -118.5 1193.75 100.5 -66.5 1191.5 109.5 -185.25 1151.25 139 -58.25 1141.25 179 59 365.75 63 286.75 409.5 101.75 418.5 486.5 76.25 503.75 619.5 -118.5 445.75 800.5 -313.75 266.5 955.75 -428 190.75 1055.5 -315.75 47.25 1075.5 -396.25 -117.5 1079.75 -413 -2632 -345.75 75.5 -2621 -319.25 -31.75 -2149 -162.75 121.5 -2131 -152 78.5 -1863.5 -126 103.75 -1782.25 -57.75 -162.25 -1838.75 -128.75 136.5 -1669 -120 193.25 -1836.75 -228 546.25 -1712 -226.25 598.25 -1852.25 -257.75 648.25 -1784.75 -317 889 -1901.75 -340.25 918 -371 -763.5 1760.25 -555.25 -475.5 1382.75 164.25 -677.5 1413 -176.25 -414.5 1137 522 -548.75 893.5 51 -332.25 805.5 342.25 -381.5 637.25 123.25 -296.75 662 146.75 -262.25 522.5 57 -247.5 517.5 142 -252.75 486.75 53.5 -177 227.75 110.25 -190.75 251.25 -275.25 901.25 307 -117.5 888.75 356.75 47.25 893 339.75 81.75 746.5 415.5 266.5 772.25 311.75 99.5 613.25 441 305.75 642 325.5 101.75 486.25 418.25 -130.25 986.75 -553 -137.25 881.5 -640.5 99.5 875.5 -616.5 101.75 752.5 -655.75 311.25 723.5 -538.25 285.5 637 -530.75 418.5 593 -353 363 495.5 -245.75 465.5 539.75 -138.25 -755.5 -239.5 754 -806.5 -322.5 1060.5 -698.5 -352.75 1115.75 -495.5 -323.75 994.25 -641.75 -401.75 1228 -911.25 -495.5 1486 -841.5 -790 1866.75 -101.5 1231 -49.5 -33.25 1229.25 -42.5 6.75 1216 11 57.25 1157.5 114 -1784.75 -317 889 -1639.5 -390.25 1177.25 -1032.75 -398.5 1280.25 -974.75 -447 1391.5 -1387.5 -488.5 1450.5 -841.5 -790 1866.75 -1479.25 -775 1805.75 310.75 -253.5 235.25 305 -312.25 472.5 304.25 -321 507.5 621.5 -460.25 537.5 35.75 411.75 -255.25 190 436.75 -222.5 59 480.25 -397.75 230.5 555.5 -486.75 -30.25 580.75 -589.5 89.5 664.25 -640.5 -135.25 669.75 -663.5 -138.75 758.75 -680.25 -130.25 741.25 437 -137.25 607.25 465.25 -138.75 480 443 -2623.25 -468.75 571 -2126 -288.25 628 -2605.5 -483.5 631 -2116 -296.25 659.75 -2527.25 -548.75 893.5 -2081.75 -323.25 769.25 -2169.5 -677.5 1413 -1830.75 -432.75 1207.75 -1850.5 -733.75 1639.5 -1729 -444.5 1274.25 -1043 75.75 -477.75 -854.5 91.75 -541.75 -1072.25 66.75 -352.25 -790.25 86.75 -420.25 -639.25 121.25 -571 -487 142 -765 -298 -13.25 -288 -738.25 -18.25 -250.75 -755.5 -41.25 -77.25 -1087.25 -21.5 -215.5 -1872.25 -132.75 132.5 -1891 -156 226.25 -1847.75 -148.75 217.5 -1890.5 -164 257.25 42.25 20 -538.5 -67 -32.75 -270 147.5 -2 -419.25 188.25 -51.5 -277.5 190.75 913 259.25 391.75 813.75 144.25 -740.75 117 -643.75 -684.25 151.75 -784 -563 173.25 -769.75 -605.25 220.25 -970 -1618.75 -18.25 -1189.75 -1622 -7.25 -896.25 -1919.25 -66.25 -1051.25 -2374.75 -176 -609.25 -1973.75 -59.5 -294.5 -275.25 -302 868 54 -276.25 631.75 -1836.75 -228 546.25 -1885.5 -231 517.25 -2152 -258.75 509 -2160 -196 253 -2261.75 -317.75 494 -2268.25 -255.5 242.75 -1479.25 -775 1805.75 -172 417 -276.25 -162.5 485.75 -420.25 -570.25 -67.25 48 -1622 -7.25 -896.25 -1569.5 2.75 -1080 -1322 12.25 -1264 -1526 133.75 -1052.75 -1301.25 159 -1209 -139.75 -24 -653.75 -1002.5 18.25 -1288.25 -682.75 12.25 -1264 -426.25 22.25 -1073.75 -395.25 -17.25 -1189.25 -2151.25 -264.75 532.75 -1886.5 -238 537.75 -1883.25 -261.25 634.25 -1836.75 -228 546.25 -218.5 -239.25 639.75 -7.25 1199.75 76.25 288.25 945.25 129 81.75 981.5 -531.5 178 395.5 -56.75 305.75 847 -500.75 453.5 676.25 -348.25 -1882.5 -271.25 663 -1363 -419 1310 -1306.5 139 -733 -1437 152.25 -696 -1227.75 96.25 -559.75 -1371 95.25 -467.25 -1008 215.5 -1040.75 -758.75 252 -1098 -831 208.75 -1014.25 -723.75 186.5 -924.25 -63.25 425.5 -310.75 -333 971 -489 -363.75 864 -569 -368.75 740.75 -607.75 -350.25 653 -595.5 -2269.25 -246 204 -2161 -187.25 218.25 -2261 -324 518.5 596.5 -482.5 627.25 -2159.25 -186.75 218.5</float_array>
                    <technique_common>
                        <accessor count="318" source="#pointarray11" stride="3">
                            <param name="X" type="float"/>
                            <param name="Y" type="float"/>
                            <param name="Z" type="float"/>
                        </accessor>
                    </technique_common>
                </source>
                <source id="uvs11">
                    <float_array id="uvarray11" count="656">-0.2470703125 1.92919921875 -0.20068359375 1.71533203125 -0.310546875 1.625 -0.0068359375 1.45263671875 -0.16650390625 1.4130859375 0.009765625 1.302734375 -0.158203125 0.9580078125 0.357421875 0.9580078125 -0.1728515625 0.619140625 0.28173828125 0.703125 -0.078125 0.50537109375 0.25341796875 0.54931640625 0.1572265625 0.0361328125 0.53564453125 0.40576171875 0.6611328125 0.12744140625 0.62255859375 0.52197265625 0.8427734375 0.14404296875 0.76123046875 0.72216796875 1.12841796875 0.1591796875 1.076171875 0.564453125 1.46240234375 0.498046875 1.31982421875 0.767578125 1.56689453125 0.76708984375 1.68603515625 1.15478515625 1.75390625 0.79296875 1.7998046875 0.84228515625 1.81005859375 0.787109375 2.29541015625 0.8759765625 2.072265625 0.6630859375 2.3095703125 0.72900390625 -0.767578125 1.0390625 -0.4140625 1.04931640625 -0.767578125 0.796875 -0.53125 0.79736328125 -0.53076171875 0.423828125 -0.29345703125 0.423828125 -0.53076171875 0.2705078125 -0.2939453125 0.27001953125 -0.53125 0.13671875 -0.29443359375 0.1357421875 -0.53173828125 0.0068359375 -0.294921875 0.005859375 -0.4150390625 -0.1962890625 -0.05712890625 0.00390625 0.0595703125 -0.201171875 0.18115234375 0.00244140625 0.42138671875 0.0009765625 0.421875 0.13232421875 0.66259765625 0.13134765625 0.6630859375 0.26806640625 0.90380859375 0.267578125 0.90380859375 0.423828125 1.14501953125 0.423828125 0.90380859375 0.8037109375 1.14501953125 0.80322265625 1.02490234375 1.0576171875 1.50732421875 1.05517578125 1.89794921875 1.5732421875 2.021484375 1.53466796875 1.86083984375 1.62060546875 1.7939453125 1.81201171875 1.82421875 1.66748046875 1.51611328125 2.0390625 1.57275390625 1.65283203125 1.39599609375 1.85986328125 1.27587890625 1.68017578125 1.27978515625 1.94580078125 1.21630859375 1.88427734375 1.1611328125 2.1767578125 1.080078125 2.17919921875 0.8525390625 2.41748046875 0.81884765625 2.3798828125 0.50439453125 2.42431640625 0.4970703125 2.38525390625 0.1748046875 2.39111328125 0.48876953125 2.32080078125 0.19873046875 2.32470703125 0.2890625 2.21337890625 1.36669921875 1.5966796875 1.1865234375 1.52783203125 1.10888671875 1.5546875 1.0400390625 1.5986328125 0.82763671875 1.4072265625 0.7802734375 1.4345703125 0.41015625 1.38916015625 0.41748046875 1.41943359375 0.05419921875 1.501953125 -0.1259765625 1.7626953125 -0.06640625 2.1875 0.017578125 2.16748046875 0.162109375 2.10205078125 0.58935546875 -0.5986328125 -0.77734375 -0.77978515625 0.04296875 -0.583984375 -0.4267578125 -0.5771484375 -0.18212890625 -0.3828125 -0.65234375 -0.37841796875 -0.8857421875 -0.1943359375 -0.767578125 0.0078125 -0.767578125 0.13671875 -0.767578125 0.27099609375 -0.767578125 0.423828125 -1.00341796875 0.796875 -1.12109375 1.0478515625 2.21728515625 1.22705078125 1.9853515625 1.05126953125 1.7490234375 1.2197265625 1.267578125 1.22412109375 0.78271484375 1.22509765625 0.54150390625 1.05712890625 0.298828125 1.22216796875 0.06103515625 1.05322265625 -0.1787109375 1.2177734375 -0.65087890625 1.21435546875 -1.0029296875 1.2060546875 -1.35595703125 1.21533203125 -1.59423828125 1.05126953125 -0.8857421875 -0.57470703125 -1.119140625 -0.37841796875 -1.35595703125 -0.1962890625 -1.00341796875 0.0078125 -1.2392578125 0.0068359375 -1.00341796875 0.13671875 -1.23974609375 0.13671875 -1.00390625 0.27099609375 -1.240234375 0.2705078125 -1.00390625 0.423828125 -1.240234375 0.423828125 -1.23974609375 0.79736328125 -1.47705078125 0.79833984375 3.0283203125 0.3349609375 2.8779296875 0.5166015625 2.94287109375 0.744140625 2.70947265625 0.751953125 2.58642578125 0.953125 2.4248046875 0.7822265625 2.1953125 0.82421875 2.24267578125 0.65673828125 2.18212890625 0.44189453125 2.369140625 0.5166015625 2.369140625 0.3671875 2.53369140625 0.44189453125 2.44140625 0.27978515625 2.552734375 0.259765625 2.29833984375 0.17626953125 2.5703125 0.08642578125 2.37744140625 -0.046875 2.78662109375 -0.0029296875 0.2958984375 -0.38916015625 0.54052734375 -0.20556640625 0.66259765625 -0.00048828125 0.90380859375 0.13134765625 1.14501953125 0.26806640625 1.38525390625 0.423828125 1.3857421875 0.802734375 1.6259765625 0.80126953125 1.86474609375 0.7998046875 -1.3095703125 0.7529296875 -1.29736328125 0.8759765625 -0.8740234375 0.7822265625 -0.8525390625 0.83544921875 -0.5322265625 0.8134765625 -0.43505859375 1.1416015625 -0.50244140625 0.7744140625 -0.29931640625 0.71142578125 -0.47314453125 0.3095703125 -0.30859375 0.26416015625 -0.5185546875 0.16943359375 -0.3525390625 -0.04541015625 -0.4951171875 -0.0478515625 1.19970703125 -1.17041015625 1.0341796875 -0.771484375 1.7939453125 -0.7744140625 1.48779296875 -0.46875 2.19091796875 -0.1806640625 1.76025390625 -0.06005859375 2.109375 0.12060546875 1.84716796875 0.1162109375 1.875 0.28857421875 1.767578125 0.29833984375 1.869140625 0.33251953125 1.76318359375 0.65478515625 1.83154296875 0.62353515625 -0.29443359375 0.79833984375 -0.05615234375 0.7998046875 0.18212890625 0.80126953125 0.1826171875 0.423828125 0.42236328125 0.423828125 0.1826171875 0.26904296875 0.42236328125 0.26806640625 0.18212890625 0.13330078125 1.8642578125 0.423828125 1.8642578125 0.26953125 1.62548828125 0.26904296875 1.6259765625 0.13330078125 1.3857421875 0.13232421875 1.38671875 0.0009765625 1.1455078125 -0.00048828125 1.025390625 -0.20703125 0.90380859375 -0.00048828125 0.60400390625 -0.18359375 0.76220703125 -0.29541015625 1.10546875 -0.27685546875 0.9306640625 -0.5703125 0.60791015625 -0.89697265625 0.67724609375 -1.29248046875 2.47802734375 0.61669921875 2.6240234375 0.60107421875 2.71044921875 0.47998046875 2.818359375 0.23193359375 -0.208984375 -0.3232421875 0.38623046875 -0.400390625 0.462890625 -0.57470703125 0.05078125 -0.7333984375 -0.0302734375 -1.22265625 2.0712890625 0.62451171875 2.06494140625 0.33203125 2.06396484375 0.28857421875 2.30126953125 0.2255859375 1.83984375 -0.857421875 1.27783203125 -0.59033203125 1.02587890625 -0.39306640625 1.51220703125 -0.38916015625 1.38818359375 -0.1962890625 1.74853515625 -0.201171875 1.626953125 0.00244140625 1.86572265625 0.00390625 1.86474609375 0.13427734375 -0.0556640625 0.423828125 -0.05615234375 0.26953125 -0.056640625 0.13427734375 -1.2998046875 0.18701171875 -0.84619140625 0.158203125 -1.2802734375 0.11865234375 -0.83447265625 0.119140625 -1.193359375 -0.1806640625 -0.79345703125 -0.015625 -0.79638671875 -0.7744140625 -0.49267578125 -0.55615234375 -0.4423828125 -1.03271484375 -0.330078125 -0.42919921875 0.45263671875 1.59375 0.6474609375 1.669921875 0.43212890625 1.47314453125 0.7109375 1.5 0.92724609375 1.66748046875 1.1435546875 1.89892578125 1.34228515625 1.30029296875 0.81494140625 1.255859375 0.79443359375 1.07470703125 0.39697265625 1.2138671875 -0.54248046875 0.7783203125 -0.56494140625 0.66259765625 -0.51318359375 0.6748046875 -0.564453125 0.62451171875 1.75 1.6005859375 1.48583984375 1.1875 1.78076171875 1.55859375 1.81103515625 1.51611328125 0.421875 0.802734375 0.6630859375 0.423828125 0.7998046875 1.7509765625 0.86474609375 1.923828125 1.0185546875 1.9130859375 0.95556640625 2.1591796875 -0.2392578125 2.1884765625 -0.5185546875 2.0390625 -1.02392578125 1.53466796875 -0.6640625 1.294921875 1.36962890625 -0.07763671875 1.76416015625 0.15771484375 -0.55859375 0.3037109375 -0.87744140625 0.30517578125 -0.88720703125 0.6201171875 -1.00927734375 0.30517578125 -1.01708984375 0.615234375 -1.34423828125 -0.5771484375 -1.5888671875 -0.3828125 1.01611328125 0.89501953125 -0.1875 2.1865234375 0.11572265625 2.4404296875 -0.13623046875 2.18408203125 0.15576171875 2.4306640625 0.49853515625 2.4404296875 0.88134765625 2.4404296875 1.18017578125 2.1923828125 1.19970703125 2.20849609375 -0.876953125 0.275390625 -0.5595703125 0.27734375 -0.5556640625 0.15869140625 1.4375 0.1806640625 2.6796875 0.333984375 0.66259765625 0.80322265625 1.62548828125 0.423828125 0.66015625 -0.38525390625 1.3857421875 0.26806640625 1.14501953125 0.13134765625 -0.55517578125 0.12255859375 0.08154296875 -0.46533203125 0.14990234375 1.86083984375 0 1.82177734375 0.2578125 1.69189453125 0.15283203125 1.58447265625 0.49267578125 2.2099609375 0.77880859375 2.31689453125 0.69580078125 2.20703125 0.8193359375 2.09619140625 1.990234375 -0.3828125 1.76513671875 -0.583984375 -1.71484375 0.7998046875 -1.4775390625 0.423828125 -1.71533203125 0.423828125 -1.71533203125 0.26953125 -1.47705078125 0.27001953125 -1.71484375 0.13427734375 -1.47705078125 0.1357421875 -1.7138671875 0.00390625 -1.47607421875 0.005859375 2.103515625 0.005859375 2.23876953125 -0.1962890625 -1.01806640625 0.66259765625 -0.88818359375 0.6630859375 2.03466796875 -0.5771484375 -1.00830078125 0.275390625 2.2734375 0.123046875 -0.88623046875 0.6630859375 2.07177734375 0.23291015625 2.0283203125 0.55126953125</float_array>
                    <technique_common>
                        <accessor count="328" source="#uvarray11" stride="2">
                            <param name="S" type="float"/>
                            <param name="T" type="float"/>
                        </accessor>
                    </technique_common>
                </source>
                <source id="colors11">
                    <float_array id="colorarray11" count="816">0.3803921568627451 0.3803921568627451 0.44313725490196076 1 0.5137254901960784 0.5137254901960784 0.5764705882352941 1 0.47058823529411764 0.47058823529411764 0.5294117647058824 1 0.5647058823529412 0.5647058823529412 0.6274509803921569 1 0.5647058823529412 0.5647058823529412 0.6235294117647059 1 0.5803921568627451 0.5803921568627451 0.6431372549019608 1 0.7372549019607844 0.7372549019607844 0.796078431372549 1 0.6549019607843137 0.6549019607843137 0.7137254901960784 1 0.7333333333333333 0.7333333333333333 0.792156862745098 1 0.7294117647058823 0.7294117647058823 0.788235294117647 1 0.3686274509803922 0.3686274509803922 0.42745098039215684 1 0.3607843137254902 0.3607843137254902 0.4196078431372549 1 0.25098039215686274 0.25098039215686274 0.30980392156862746 1 0.43137254901960786 0.43137254901960786 0.49411764705882355 1 0.5686274509803921 0.5686274509803921 0.6313725490196078 1 0.788235294117647 0.788235294117647 0.8470588235294118 1 0.7764705882352941 0.7764705882352941 0.8392156862745098 1 0.6784313725490196 0.6784313725490196 0.7372549019607844 1 0.8 0.8 0.8588235294117647 1 0.7254901960784313 0.7254901960784313 0.788235294117647 1 0.6431372549019608 0.6431372549019608 0.7019607843137254 1 0.6235294117647059 0.6235294117647059 0.6823529411764706 1 0.5098039215686274 0.5098039215686274 0.5725490196078431 1 0.45098039215686275 0.45098039215686275 0.5137254901960784 1 0.45098039215686275 0.45098039215686275 0.5098039215686274 1 0.33725490196078434 0.33725490196078434 0.396078431372549 1 0.8156862745098039 0.8156862745098039 0.8862745098039215 1 0.8352941176470589 0.8352941176470589 0.8862745098039215 1 0.8509803921568627 0.8509803921568627 0.8862745098039215 1 0.7647058823529411 0.7647058823529411 0.8862745098039215 1 0.7843137254901961 0.7843137254901961 0.8862745098039215 1 0.6196078431372549 0.6196078431372549 0.7529411764705882 1 0.6549019607843137 0.6549019607843137 0.788235294117647 1 0.43137254901960786 0.43137254901960786 0.5647058823529412 1 0.48627450980392156 0.48627450980392156 0.6196078431372549 1 0.2235294117647059 0.2235294117647059 0.3568627450980392 1 0.28627450980392155 0.28627450980392155 0.4196078431372549 1 0.1450980392156863 0.1450980392156863 0.2784313725490196 1 0.33725490196078434 0.33725490196078434 0.47058823529411764 1 0.25098039215686274 0.25098039215686274 0.3843137254901961 1 0.396078431372549 0.396078431372549 0.5294117647058824 1 0.47058823529411764 0.47058823529411764 0.6039215686274509 1 0.6431372549019608 0.6431372549019608 0.7764705882352941 1 0.7568627450980392 0.7568627450980392 0.8862745098039215 1 0.6666666666666666 0.6666666666666666 0.8 1 0.7098039215686275 0.7098039215686275 0.8431372549019608 1 0.6470588235294118 0.6470588235294118 0.7803921568627451 1 0.7137254901960784 0.7137254901960784 0.8470588235294118 1 0.6588235294117647 0.6588235294117647 0.792156862745098 1 0.6627450980392157 0.6627450980392157 0.796078431372549 1 0.4235294117647059 0.4235294117647059 0.48627450980392156 1 0.48627450980392156 0.48627450980392156 0.5450980392156862 1 0.3607843137254902 0.3607843137254902 0.4235294117647059 1 0.4235294117647059 0.4235294117647059 0.4823529411764706 1 0.3215686274509804 0.3215686274509804 0.3843137254901961 1 0.3568627450980392 0.3568627450980392 0.4196078431372549 1 0.30196078431372547 0.30196078431372547 0.36470588235294116 1 0.30980392156862746 0.30980392156862746 0.3686274509803922 1 0.2980392156862745 0.2980392156862745 0.3607843137254902 1 0.3137254901960784 0.3137254901960784 0.37254901960784315 1 0.34901960784313724 0.34901960784313724 0.40784313725490196 1 0.23921568627450981 0.23921568627450981 0.30196078431372547 1 0.2196078431372549 0.2196078431372549 0.2784313725490196 1 0.26666666666666666 0.26666666666666666 0.3254901960784314 1 0.23137254901960785 0.23137254901960785 0.29411764705882354 1 0.24313725490196078 0.24313725490196078 0.3058823529411765 1 0.1607843137254902 0.1607843137254902 0.2235294117647059 1 0.17254901960784313 0.17254901960784313 0.23529411764705882 1 0.19607843137254902 0.19607843137254902 0.25882352941176473 1 0.2901960784313726 0.2901960784313726 0.35294117647058826 1 0.29411764705882354 0.29411764705882354 0.35294117647058826 1 0.396078431372549 0.396078431372549 0.4549019607843137 1 0.3686274509803922 0.3686274509803922 0.43137254901960786 1 0.396078431372549 0.396078431372549 0.4588235294117647 1 0.44313725490196076 0.44313725490196076 0.5019607843137255 1 0.38823529411764707 0.38823529411764707 0.45098039215686275 1 0.4823529411764706 0.4823529411764706 0.5411764705882353 1 0.49019607843137253 0.49019607843137253 0.5490196078431373 1 0.2196078431372549 0.2196078431372549 0.2823529411764706 1 0.06274509803921569 0.06274509803921569 0.19607843137254902 1 0.07058823529411765 0.07058823529411765 0.20392156862745098 1 0.15294117647058825 0.15294117647058825 0.28627450980392155 1 0.08235294117647059 0.08235294117647059 0.21568627450980393 1 0.03529411764705882 0.03529411764705882 0.16862745098039217 1 0.3686274509803922 0.3686274509803922 0.5019607843137255 1 0.5764705882352941 0.5764705882352941 0.7098039215686275 1 0.7372549019607844 0.7372549019607844 0.8705882352941177 1 0.8235294117647058 0.8235294117647058 0.8862745098039215 1 0.803921568627451 0.803921568627451 0.8862745098039215 1 0.8313725490196079 0.8313725490196079 0.8862745098039215 1 0.7254901960784313 0.7254901960784313 0.8588235294117647 1 0.7019607843137254 0.7019607843137254 0.8313725490196079 1 0.6862745098039216 0.6862745098039216 0.8196078431372549 1 0.8196078431372549 0.8196078431372549 0.8862745098039215 1 0.8745098039215686 0.8745098039215686 0.8862745098039215 1 0.8431372549019608 0.8431372549019608 0.8862745098039215 1 0.8470588235294118 0.8470588235294118 0.8862745098039215 1 0.0392156862745098 0.0392156862745098 0.17254901960784313 1 0.047058823529411764 0.047058823529411764 0.1803921568627451 1 0.2901960784313726 0.2901960784313726 0.4235294117647059 1 0.3058823529411765 0.3058823529411765 0.4392156862745098 1 0.5411764705882353 0.5411764705882353 0.6745098039215687 1 0.7176470588235294 0.7176470588235294 0.8509803921568627 1 0.7058823529411765 0.7058823529411765 0.8392156862745098 1 0.8 0.8 0.8862745098039215 1 0.8666666666666667 0.8666666666666667 0.8862745098039215 1 0.8862745098039215 0.8862745098039215 0.8862745098039215 1 0.25882352941176473 0.25882352941176473 0.39215686274509803 1 0.37254901960784315 0.37254901960784315 0.5058823529411764 1 0.49019607843137253 0.49019607843137253 0.6235294117647059 1 0.6235294117647059 0.6235294117647059 0.7568627450980392 1 0.6313725490196078 0.6313725490196078 0.7647058823529411 1 0.6352941176470588 0.6352941176470588 0.7686274509803922 1 0.6509803921568628 0.6509803921568628 0.7843137254901961 1 0.13333333333333333 0.13333333333333333 0.19607843137254902 1 0.6196078431372549 0.6196078431372549 0.6784313725490196 1 0.6509803921568628 0.6509803921568628 0.7137254901960784 1 0.7568627450980392 0.7568627450980392 0.8196078431372549 1 0.7529411764705882 0.7529411764705882 0.8117647058823529 1 0.7647058823529411 0.7647058823529411 0.8235294117647058 1 0.29411764705882354 0.29411764705882354 0.3568627450980392 1 0.7450980392156863 0.7450980392156863 0.807843137254902 1 0.7607843137254902 0.7607843137254902 0.8235294117647058 1 0.7215686274509804 0.7215686274509804 0.7803921568627451 1 0.8823529411764706 0.8823529411764706 0.9411764705882353 1 0.7843137254901961 0.7843137254901961 0.8470588235294118 1 0.6509803921568628 0.6509803921568628 0.7098039215686275 1 0.6823529411764706 0.6823529411764706 0.7450980392156863 1 0.5019607843137255 0.5019607843137255 0.5647058823529412 1 0.6196078431372549 0.6196078431372549 0.6823529411764706 1 0.3058823529411765 0.3058823529411765 0.3686274509803922 1 0.5529411764705883 0.5529411764705883 0.615686274509804 1 0.4627450980392157 0.4627450980392157 0.5215686274509804 1 0.4745098039215686 0.4745098039215686 0.5333333333333333 1 0.42745098039215684 0.42745098039215684 0.49019607843137253 1 0.8627450980392157 0.8627450980392157 0.8862745098039215 1 0.8784313725490196 0.8784313725490196 0.8862745098039215 1 0.7333333333333333 0.7333333333333333 0.8666666666666667 1 0.788235294117647 0.788235294117647 0.8862745098039215 1 0.5803921568627451 0.5803921568627451 0.7137254901960784 1 0.615686274509804 0.615686274509804 0.7490196078431373 1 0.5568627450980392 0.5568627450980392 0.6901960784313725 1 0.596078431372549 0.596078431372549 0.7294117647058823 1 0.4823529411764706 0.4823529411764706 0.615686274509804 1 0.5254901960784314 0.5254901960784314 0.6588235294117647 1 0.3607843137254902 0.3607843137254902 0.49019607843137253 1 0.3843137254901961 0.3843137254901961 0.5176470588235295 1 0.22745098039215686 0.22745098039215686 0.3607843137254902 1 0.40784313725490196 0.40784313725490196 0.5411764705882353 1 0.5215686274509804 0.5215686274509804 0.5843137254901961 1 0.807843137254902 0.807843137254902 0.8705882352941177 1 0.8392156862745098 0.8392156862745098 0.8980392156862745 1 0.8313725490196079 0.8313725490196079 0.8941176470588236 1 0.9098039215686274 0.9098039215686274 0.9725490196078431 1 0.15294117647058825 0.15294117647058825 0.21568627450980393 1 0.8196078431372549 0.8196078431372549 0.8823529411764706 1 0.7568627450980392 0.7568627450980392 0.8156862745098039 1 0.4117647058823529 0.4117647058823529 0.47058823529411764 1 0.23529411764705882 0.23529411764705882 0.3686274509803922 1 0.19215686274509805 0.19215686274509805 0.3254901960784314 1 0.12941176470588237 0.12941176470588237 0.2627450980392157 1 0.3176470588235294 0.3176470588235294 0.45098039215686275 1 0.807843137254902 0.807843137254902 0.8862745098039215 1 0.5215686274509804 0.5215686274509804 0.6549019607843137 1 0.6588235294117647 0.6588235294117647 0.7176470588235294 1 0.7686274509803922 0.7686274509803922 0.8313725490196079 1 0.7333333333333333 0.7333333333333333 0.796078431372549 1 0.8941176470588236 0.8941176470588236 0.9529411764705882 1 0.7450980392156863 0.7450980392156863 0.803921568627451 1 0.32941176470588235 0.32941176470588235 0.39215686274509803 1 0.24313725490196078 0.24313725490196078 0.30196078431372547 1 0.3254901960784314 0.3254901960784314 0.38823529411764707 1 0.4745098039215686 0.4745098039215686 0.5372549019607843 1 0.5450980392156862 0.5450980392156862 0.6078431372549019 1 0.5176470588235295 0.5176470588235295 0.5803921568627451 1 0.5058823529411764 0.5058823529411764 0.5686274509803921 1 0.7607843137254902 0.7607843137254902 0.8196078431372549 1 0.3333333333333333 0.3333333333333333 0.396078431372549 1 0.25098039215686274 0.25098039215686274 0.3137254901960784 1 0.4666666666666667 0.4666666666666667 0.5254901960784314 1 0.20392156862745098 0.20392156862745098 0.26666666666666666 1 0.27058823529411763 0.27058823529411763 0.3333333333333333 1 0.3764705882352941 0.3764705882352941 0.43529411764705883 1 0.5607843137254902 0.5607843137254902 0.6235294117647059 1 0.6274509803921569 0.6274509803921569 0.6901960784313725 1 0.4627450980392157 0.4627450980392157 0.5254901960784314 1 0.2627450980392157 0.2627450980392157 0.3254901960784314 1 0.7529411764705882 0.7529411764705882 0.8156862745098039 1 0.09803921568627451 0.09803921568627451 0.23137254901960785 1 0.5882352941176471 0.5882352941176471 0.6470588235294118 1 0.39215686274509803 0.39215686274509803 0.4549019607843137 1 0.40784313725490196 0.40784313725490196 0.4666666666666667 1 0.2823529411764706 0.2823529411764706 0.3411764705882353 1 0.30196078431372547 0.30196078431372547 0.3607843137254902 1 0.5058823529411764 0.5058823529411764 0.5647058823529412 1 0.3333333333333333 0.3333333333333333 0.4666666666666667 1 0.5450980392156862 0.5450980392156862 0.6784313725490196 1 0.15294117647058825 0.15294117647058825 0.21176470588235294 1 0.13333333333333333 0.13333333333333333 0.26666666666666666 1 0.6784313725490196 0.6784313725490196 0.8117647058823529 1 0.5647058823529412 0.5647058823529412 0.6980392156862745 1 0.4117647058823529 0.4117647058823529 0.5450980392156862 1 0.2 0.2 0.3333333333333333 1 0.47058823529411764 0.47058823529411764 0.5333333333333333 1</float_array>
                    <technique_common>
                        <accessor count="204" source="#colorarray11" stride="4">
                            <param name="R" type="float"/>
                            <param name="G" type="float"/>
                            <param name="B" type="float"/>
                            <param name="A" type="float"/>
                        </accessor>
                    </technique_common>
                </source>
                <vertices id="vertices11">
                    <input semantic="POSITION" source="#points11"/>
                </vertices>
                <polylist count="560" material="Material1">
                    <input offset="0" semantic="VERTEX" source="#vertices11"/>
                    <input offset="1" semantic="TEXCOORD" source="#uvs11" set="0"/>
                    <input offset="2" semantic="COLOR" source="#colors11" set="0"/>
                    <vcount>3 3 3 3 3 3 3 3 3 3 3 3 3 3 3 3 3 3 3 3 3 3 3 3 3 3 3 3 3 3 3 3 3 3 3 3 3 3 3 3 3 3 3 3 3 3 3 3 3 3 3 3 3 3 3 3 3 3 3 3 3 3 3 3 3 3 3 3 3 3 3 3 3 3 3 3 3 3 3 3 3 3 3 3 3 3 3 3 3 3 3 3 3 3 3 3 3 3 3 3 3 3 3 3 3 3 3 3 3 3 3 3 3 3 3 3 3 3 3 3 3 3 3 3 3 3 3 3 3 3 3 3 3 3 3 3 3 3 3 3 3 3 3 3 3 3 3 3 3 3 3 3 3 3 3 3 3 3 3 3 3 3 3 3 3 3 3 3 3 3 3 3 3 3 3 3 3 3 3 3 3 3 3 3 3 3 3 3 3 3 3 3 3 3 3 3 3 3 3 3 3 3 3 3 3 3 3 3 3 3 3 3 3 3 3 3 3 3 3 3 3 3 3 3 3 3 3 3 3 3 3 3 3 3 3 3 3 3 3 3 3 3 3 3 3 3 3 3 3 3 3 3 3 3 3 3 3 3 3 3 3 3 3 3 3 3 3 3 3 3 3 3 3 3 3 3 3 3 3 3 3 3 3 3 3 3 3 3 3 3 3 3 3 3 3 3 3 3 3 3 3 3 3 3 3 3 3 3 3 3 3 3 3 3 3 3 3 3 3 3 3 3 3 3 3 3 3 3 3 3 3 3 3 3 3 3 3 3 3 3 3 3 3 3 3 3 3 3 3 3 3 3 3 3 3 3 3 3 3 3 3 3 3 3 3 3 3 3 3 3 3 3 3 3 3 3 3 3 3 3 3 3 3 3 3 3 3 3 3 3 3 3 3 3 3 3 3 3 3 3 3 3 3 3 3 3 3 3 3 3 3 3 3 3 3 3 3 3 3 3 3 3 3 3 3 3 3 3 3 3 3 3 3 3 3 3 3 3 3 3 3 3 3 3 3 3 3 3 3 3 3 3 3 3 3 3 3 3 3 3 3 3 3 3 3 3 3 3 3 3 3 3 3 3 3 3 3 3 3 3 3 3 3 3 3 3 3 3 3 3 3 3 3 3 3 3 3 3 3 3 3 3 3 3 3 3 3 3 3 3 3 3 3 3 3 3 3 3 3 3 3 3 3 3 3 3 3 3 3 3 3 3 3 3 3 3 3 3 3 3 3 3 3 3 3 3 3 3 3 3 3 3 3 3 3 3 3 3 3 3</vcount>
                    <p>2 2 2 1 1 1 0 0 0 3 3 3 1 1 1 2 2 2 4 4 4 3 3 3 2 2 2 5 5 5 3 3 3 4 4 4 6 6 6 5 5 5 4 4 4 7 7 7 5 5 5 6 6 6 8 8 8 7 7 7 6 6 6 9 9 9 7 7 7 8 8 8 10 10 10 9 9 9 8 8 8 11 11 11 9 9 9 10 10 10 12 12 12 11 11 11 10 10 10 13 13 13 11 11 11 12 12 12 14 14 14 13 13 13 12 12 12 15 15 15 13 13 13 14 14 14 16 16 16 15 15 15 14 14 14 17 17 17 15 15 15 16 16 16 18 18 18 17 17 17 16 16 16 19 19 19 17 17 17 18 18 18 20 20 20 19 19 19 18 18 18 21 21 21 19 19 19 20 20 20 22 22 4 21 21 21 20 20 20 23 23 22 21 21 21 22 22 4 24 24 23 23 23 22 22 22 4 25 25 24 23 23 22 24 24 23 26 26 12 25 25 24 24 24 23 27 27 25 25 25 24 26 26 12 28 28 12 27 27 25 26 26 12 29 29 12 27 27 25 28 28 12 32 32 27 31 31 27 30 30 26 33 33 28 31 31 27 32 32 27 34 34 29 33 33 28 32 32 27 35 35 30 33 33 28 34 34 29 36 36 31 35 35 30 34 34 29 37 37 32 35 35 30 36 36 31 38 38 33 37 37 32 36 36 31 39 39 34 37 37 32 38 38 33 40 40 35 39 39 34 38 38 33 41 41 36 39 39 34 40 40 35 42 42 37 41 41 36 40 40 35 43 43 38 41 41 36 42 42 37 44 44 39 43 43 38 42 42 37 45 45 40 43 43 38 44 44 39 46 46 41 45 45 40 44 44 39 47 47 42 45 45 40 46 46 41 48 48 42 47 47 42 46 46 41 49 49 43 47 47 42 48 48 42 50 50 44 49 49 43 48 48 42 51 51 45 49 49 43 50 50 44 52 52 46 51 51 45 50 50 44 53 53 47 51 51 45 52 52 46 54 54 48 53 53 47 52 52 46 55 55 49 53 53 47 54 54 48 56 56 49 55 55 49 54 54 48 27 27 25 23 23 22 25 25 24 57 57 50 23 23 22 27 27 25 58 58 51 57 57 50 27 27 25 59 59 52 57 57 50 58 58 51 60 60 53 59 59 52 58 58 51 61 61 54 59 59 52 60 60 53 62 62 55 61 61 54 60 60 53 63 63 56 61 61 54 62 62 55 64 64 57 63 63 56 62 62 55 65 65 58 63 63 56 64 64 57 66 66 59 65 65 58 64 64 57 67 67 11 65 65 58 66 66 59 68 68 60 67 67 11 66 66 59 69 69 58 67 67 11 68 68 60 70 70 61 69 69 58 68 68 60 71 71 62 69 69 58 70 70 61 72 72 63 71 71 62 70 70 61 73 73 64 71 71 62 72 72 63 74 74 65 73 73 64 72 72 63 75 75 66 73 73 64 74 74 65 76 76 67 75 75 66 74 74 65 77 77 68 75 75 66 76 76 67 65 65 58 79 78 70 78 63 69 80 79 71 79 78 70 65 65 58 67 67 11 80 79 71 65 65 58 81 80 72 80 79 71 67 67 11 82 81 73 81 80 72 67 67 11 83 82 74 81 80 72 82 81 73 84 83 75 83 82 74 82 81 73 85 84 76 83 82 74 84 83 75 86 85 23 85 84 76 84 83 75 3 3 3 85 84 76 86 85 23 87 86 1 3 3 3 86 85 23 1 1 1 3 3 3 87 86 1 88 87 77 1 1 1 87 86 1 89 88 11 1 1 1 88 87 77 90 89 78 89 88 11 88 87 77 76 76 67 89 88 11 90 89 78 91 90 68 76 76 67 90 89 78 77 77 68 76 76 67 91 90 68 94 93 80 93 92 79 92 91 79 95 94 79 93 92 79 94 93 80 96 95 81 95 94 79 94 93 80 97 96 82 95 94 79 96 95 81 42 42 37 97 96 82 96 95 81 98 97 83 97 96 82 42 42 37 40 40 35 98 97 83 42 42 37 99 98 37 98 97 83 40 40 35 38 38 33 99 98 37 40 40 35 100 99 84 99 98 37 38 38 33 36 36 31 100 99 84 38 38 33 101 100 85 100 99 84 36 36 31 34 34 29 101 100 85 36 36 31 102 101 86 101 100 85 34 34 29 32 32 27 102 101 86 34 34 29 103 102 87 102 101 86 32 32 27 30 30 26 103 102 87 32 32 27 104 103 88 103 102 87 30 30 26 107 106 91 106 105 90 105 104 89 56 56 49 106 105 90 107 106 91 108 107 92 56 56 49 107 106 91 55 55 49 56 56 49 108 107 92 109 108 93 55 55 49 108 107 92 110 109 28 55 55 49 109 108 93 111 110 94 110 109 28 109 108 93 112 111 95 110 109 28 111 110 94 113 112 96 112 111 95 111 110 94 31 31 27 112 111 95 113 112 96 114 113 28 31 31 27 113 112 96 30 30 26 31 31 27 114 113 28 115 114 87 30 30 26 114 113 28 104 103 88 30 30 26 115 114 87 105 115 89 104 103 88 115 114 87 106 116 90 104 103 88 105 115 89 97 96 82 116 117 79 95 94 79 117 118 80 116 117 79 97 96 82 98 97 83 117 118 80 97 96 82 118 119 82 117 118 80 98 97 83 119 120 97 118 119 82 98 97 83 120 121 98 118 119 82 119 120 97 121 122 99 120 121 98 119 120 97 122 123 100 120 121 98 121 122 99 123 124 101 122 123 100 121 122 99 124 125 101 122 123 100 123 124 101 125 126 102 124 125 101 123 124 101 126 127 103 124 125 101 125 126 102 127 128 27 126 127 103 125 126 102 128 129 102 126 127 103 127 128 27 104 103 88 128 129 102 127 128 27 106 116 90 128 129 102 104 103 88 108 132 92 129 131 95 109 130 93 130 133 104 129 131 95 108 132 92 107 134 91 130 133 104 108 132 92 131 135 27 130 133 104 107 134 91 105 136 89 131 135 27 107 134 91 132 137 105 131 135 27 105 136 89 133 138 106 132 137 105 105 136 89 134 139 106 132 137 105 133 138 106 135 140 106 134 139 106 133 138 106 136 141 106 134 139 106 135 140 106 137 142 106 136 141 106 135 140 106 138 143 106 136 141 106 137 142 106 139 144 106 138 143 106 137 142 106 140 145 106 138 143 106 139 144 106 113 146 96 140 145 106 139 144 106 111 147 94 140 145 106 113 146 96 142 149 108 44 44 39 141 148 107 46 46 41 44 44 39 142 149 108 143 150 109 46 46 41 142 149 108 48 48 42 46 46 41 143 150 109 144 151 85 48 48 42 143 150 109 50 50 44 48 48 42 144 151 85 145 152 110 50 50 44 144 151 85 52 52 46 50 50 44 145 152 110 146 153 31 52 52 46 145 152 110 54 54 48 52 52 46 146 153 31 147 154 111 54 54 48 146 153 31 56 56 49 54 54 48 147 154 111 148 155 112 56 56 49 147 154 111 106 105 90 56 56 49 148 155 112 149 156 113 106 105 90 148 155 112 152 159 12 151 158 4 150 157 114 153 160 115 151 158 4 152 159 12 154 161 8 153 160 115 152 159 12 155 162 116 153 160 115 154 161 8 156 163 117 155 162 116 154 161 8 6 6 6 155 162 116 156 163 117 157 164 118 6 6 6 156 163 117 8 8 8 6 6 6 157 164 118 158 165 119 8 8 8 157 164 118 159 166 120 8 8 8 158 165 119 160 167 121 159 166 120 158 165 119 161 168 59 159 166 120 160 167 121 162 169 122 161 168 59 160 167 121 165 172 121 164 171 124 163 170 123 166 173 125 164 171 124 165 172 121 167 174 126 166 173 125 165 172 121 168 175 127 166 173 125 167 174 126 169 176 128 168 175 127 167 174 126 170 177 129 168 175 127 169 176 128 171 178 130 170 177 129 169 176 128 172 179 131 170 177 129 171 178 130 173 180 132 172 179 131 171 178 130 174 181 133 172 179 131 173 180 132 175 182 134 174 181 133 173 180 132 24 24 23 174 181 133 175 182 134 26 26 12 24 24 23 175 182 134 176 183 135 31 31 27 33 33 28 112 111 95 31 31 27 176 183 135 177 184 136 112 111 95 176 183 135 178 185 106 112 111 95 177 184 136 179 186 95 178 185 106 177 184 136 180 187 136 178 185 106 179 186 95 181 188 137 180 187 136 179 186 95 182 189 138 180 187 136 181 188 137 183 190 139 182 189 138 181 188 137 47 47 42 182 189 138 183 190 139 45 45 40 47 47 42 183 190 139 186 193 142 185 192 141 184 191 140 187 194 143 185 192 141 186 193 142 188 195 144 187 194 143 186 193 142 189 196 145 187 194 143 188 195 144 190 197 146 189 196 145 188 195 144 191 198 147 189 196 145 190 197 146 192 199 148 191 198 147 190 197 146 142 149 108 191 198 147 192 199 148 143 150 109 142 149 108 192 199 148 194 200 12 193 14 149 12 12 12 16 16 16 193 14 149 194 200 12 195 201 150 16 16 16 194 200 12 196 202 151 16 16 16 195 201 150 197 203 152 196 202 151 195 201 150 164 171 124 196 202 151 197 203 152 198 204 153 164 171 124 197 203 152 163 170 123 164 171 124 198 204 153 199 205 118 163 170 123 198 204 153 134 139 106 131 135 27 132 137 105 200 206 106 131 135 27 134 139 106 136 141 106 200 206 106 134 139 106 201 207 106 200 206 106 136 141 106 202 208 106 201 207 106 136 141 106 129 131 95 201 207 106 202 208 106 203 209 106 129 131 95 202 208 106 109 130 93 129 131 95 203 209 106 111 147 94 109 130 93 203 209 106 205 210 154 12 12 12 204 168 78 194 200 12 12 12 12 205 210 154 206 211 12 194 200 12 205 210 154 195 201 150 194 200 12 206 211 12 207 212 155 195 201 150 206 211 12 198 204 153 195 201 150 207 212 155 208 213 153 198 204 153 207 212 155 209 205 156 198 204 153 208 213 153 210 214 156 209 205 156 208 213 153 175 182 134 28 28 12 26 26 12 211 215 157 28 28 12 175 182 134 173 180 132 211 215 157 175 182 134 212 216 157 211 215 157 173 180 132 171 178 130 212 216 157 173 180 132 213 217 12 212 216 157 171 178 130 169 176 128 213 217 12 171 178 130 214 218 12 213 217 12 169 176 128 215 220 158 92 91 79 93 219 79 216 221 107 92 91 79 215 220 158 217 222 147 216 221 107 215 220 158 218 223 159 216 221 107 217 222 147 219 224 160 218 223 159 217 222 147 220 225 161 218 223 159 219 224 160 221 226 147 220 225 161 219 224 160 222 227 148 220 225 161 221 226 147 223 228 162 177 184 136 176 183 135 179 186 95 177 184 136 223 228 162 224 229 92 179 186 95 223 228 162 181 188 137 179 186 95 224 229 92 225 230 163 181 188 137 224 229 92 183 190 139 181 188 137 225 230 163 43 43 38 183 190 139 225 230 163 45 45 40 183 190 139 43 43 38 35 35 30 176 183 135 33 33 28 223 228 162 176 183 135 35 35 30 37 37 32 223 228 162 35 35 30 224 229 92 223 228 162 37 37 32 39 39 34 224 229 92 37 37 32 225 230 163 224 229 92 39 39 34 41 41 36 225 230 163 39 39 34 43 43 38 225 230 163 41 41 36 228 233 21 227 232 12 226 231 12 229 234 164 227 232 12 228 233 21 230 235 17 229 234 164 228 233 21 231 236 165 229 234 164 230 235 17 232 237 166 231 236 165 230 235 17 233 238 167 231 236 165 232 237 166 234 239 168 233 238 167 232 237 166 235 240 153 233 238 167 234 239 168 238 243 169 237 242 68 236 241 68 239 244 68 237 242 68 238 243 169 84 83 75 239 244 68 238 243 169 240 245 170 239 244 68 84 83 75 82 81 73 240 245 170 84 83 75 241 246 171 240 245 170 82 81 73 67 67 11 241 246 171 82 81 73 69 69 58 241 246 171 67 67 11 83 82 74 80 79 71 81 80 72 242 247 73 80 79 71 83 82 74 243 248 172 242 247 73 83 82 74 244 249 173 242 247 73 243 248 172 245 250 174 244 249 173 243 248 172 7 7 7 244 249 173 245 250 174 5 5 5 7 7 7 245 250 174 246 251 175 154 161 8 152 159 12 156 163 117 154 161 8 246 251 175 247 252 175 156 163 117 246 251 175 248 253 117 156 163 117 247 252 175 249 254 176 248 253 117 247 252 175 157 164 118 248 253 117 249 254 176 158 165 119 157 164 118 249 254 176 242 247 73 79 78 70 80 79 71 250 255 177 79 78 70 242 247 73 251 256 178 250 255 177 242 247 73 252 257 53 250 255 177 251 256 178 253 258 179 252 257 53 251 256 178 57 57 50 252 257 53 253 258 179 23 23 22 57 57 50 253 258 179 178 185 106 110 109 28 112 111 95 254 259 106 110 109 28 178 185 106 180 187 136 254 259 106 178 185 106 255 260 89 254 259 106 180 187 136 182 189 138 255 260 89 180 187 136 49 49 43 255 260 89 182 189 138 47 47 42 49 49 43 182 189 138 240 245 170 257 262 68 256 261 68 258 263 65 257 262 68 240 245 170 241 246 171 258 263 65 240 245 170 259 264 180 258 263 65 241 246 171 69 69 58 259 264 180 241 246 171 71 71 62 259 264 180 69 69 58 262 266 182 261 0 72 260 265 181 2 2 2 261 0 72 262 266 182 263 267 74 2 2 2 262 266 182 264 268 183 2 2 2 263 267 74 151 158 4 264 268 183 263 267 74 153 160 115 264 268 183 151 158 4 166 173 125 196 202 151 164 171 124 265 269 119 196 202 151 166 173 125 168 175 127 265 269 119 166 173 125 266 270 184 265 269 119 168 175 127 170 177 129 266 270 184 168 175 127 172 179 131 266 270 184 170 177 129 249 254 176 268 271 117 267 165 156 269 272 185 268 271 117 249 254 176 270 273 185 269 272 185 249 254 176 271 274 178 269 272 185 270 273 185 272 275 186 271 274 178 270 273 185 208 213 153 234 239 168 273 214 187 235 240 153 234 239 168 208 213 153 205 210 154 235 240 153 208 213 153 162 169 122 235 240 153 205 210 154 204 168 78 162 169 122 205 210 154 116 117 79 93 92 79 95 94 79 274 276 79 93 92 79 116 117 79 117 118 80 274 276 79 116 117 79 275 277 188 274 276 79 117 118 80 118 119 82 275 277 188 117 118 80 251 256 178 23 23 22 253 258 179 21 21 21 23 23 22 251 256 178 276 278 189 21 21 21 251 256 178 19 19 19 21 21 21 276 278 189 17 17 17 19 19 19 276 278 189 278 279 171 260 265 181 277 0 190 279 280 68 260 265 181 278 279 171 280 281 191 279 280 68 278 279 171 281 282 69 279 280 68 280 281 191 89 88 11 281 282 69 280 281 191 250 255 177 282 63 192 79 78 70 61 61 54 282 63 192 250 255 177 252 257 53 61 61 54 250 255 177 59 59 52 61 61 54 252 257 53 57 57 50 59 59 52 252 257 53 187 194 143 222 227 148 185 192 141 220 225 161 222 227 148 187 194 143 189 196 145 220 225 161 187 194 143 218 223 159 220 225 161 189 196 145 191 198 147 218 223 159 189 196 145 74 74 65 89 88 11 76 76 67 281 282 69 89 88 11 74 74 65 72 72 63 281 282 69 74 74 65 279 280 68 281 282 69 72 72 63 283 283 68 279 280 68 72 72 63 70 70 61 283 283 68 72 72 63 284 284 68 283 283 68 70 70 61 285 285 59 284 284 68 70 70 61 286 286 193 284 284 68 285 285 59 66 66 59 286 286 193 285 285 59 287 287 12 268 271 117 269 272 185 288 288 194 268 271 117 287 287 12 289 289 128 288 288 194 287 287 12 290 165 121 288 288 194 289 289 128 160 167 121 290 165 121 289 289 128 20 20 20 172 179 131 174 181 133 291 290 19 172 179 131 20 20 20 18 18 18 291 290 19 20 20 20 265 269 119 291 290 19 18 18 18 196 202 151 265 269 119 18 18 18 203 209 106 140 145 106 111 147 94 292 291 106 140 145 106 203 209 106 202 208 106 292 291 106 203 209 106 136 141 106 292 291 106 202 208 106 51 51 45 255 260 89 49 49 43 293 292 27 255 260 89 51 51 45 53 53 47 293 292 27 51 51 45 55 55 49 293 292 27 53 53 47 148 155 112 184 191 140 149 156 113 294 293 31 184 191 140 148 155 112 147 154 111 294 293 31 148 155 112 146 153 31 294 293 31 147 154 111 295 294 195 142 149 108 141 148 107 191 198 147 142 149 108 295 294 195 216 221 107 191 198 147 295 294 195 218 223 159 191 198 147 216 221 107 294 293 31 186 193 142 184 191 140 296 295 142 186 193 142 294 293 31 146 153 31 296 295 142 294 293 31 145 152 110 296 295 142 146 153 31 296 295 142 188 195 144 186 193 142 297 296 196 188 195 144 296 295 142 145 152 110 297 296 196 296 295 142 144 151 85 297 296 196 145 152 110 192 199 148 144 151 85 143 150 109 297 296 196 144 151 85 192 199 148 190 197 146 297 296 196 192 199 148 188 195 144 297 296 196 190 197 146 227 232 12 289 289 128 287 287 12 298 297 121 289 289 128 227 232 12 229 234 164 298 297 121 227 232 12 231 236 165 298 297 121 229 234 164 298 297 121 160 167 121 289 289 128 162 169 122 160 167 121 298 297 121 231 236 165 162 169 122 298 297 121 233 238 167 162 169 122 231 236 165 206 211 12 208 213 153 207 212 155 299 298 12 208 213 153 206 211 12 205 210 154 299 298 12 206 211 12 208 213 153 299 298 12 205 210 154 90 89 78 300 299 68 91 90 68 301 300 56 300 299 68 90 89 78 88 87 77 301 300 56 90 89 78 87 86 1 301 300 56 88 87 77 301 300 56 302 301 68 300 299 68 303 302 60 302 301 68 301 300 56 87 86 1 303 302 60 301 300 56 86 85 23 303 302 60 87 86 1 303 302 60 236 241 68 302 301 68 238 243 169 236 241 68 303 302 60 86 85 23 238 243 169 303 302 60 84 83 75 238 243 169 86 85 23 96 95 81 44 44 39 42 42 37 141 148 107 44 44 39 96 95 81 94 93 80 141 148 107 96 95 81 92 91 79 141 148 107 94 93 80 304 303 68 75 75 66 77 77 68 305 304 197 75 75 66 304 303 68 306 305 68 305 304 197 304 303 68 307 306 68 305 304 197 306 305 68 217 222 147 275 307 188 219 224 160 308 308 198 275 307 188 217 222 147 215 220 158 308 308 198 217 222 147 93 219 79 308 308 198 215 220 158 149 309 113 128 129 102 106 116 90 309 310 199 128 129 102 149 309 113 184 311 140 309 310 199 149 309 113 185 312 141 309 310 199 184 311 140 309 310 199 126 127 103 128 129 102 310 313 200 126 127 103 309 310 199 185 312 141 310 313 200 309 310 199 222 314 148 310 313 200 185 312 141 310 313 200 124 125 101 126 127 103 311 315 201 124 125 101 310 313 200 222 314 148 311 315 201 310 313 200 221 316 147 311 315 201 222 314 148 311 315 201 122 123 100 124 125 101 312 317 202 122 123 100 311 315 201 221 316 147 312 317 202 311 315 201 305 304 197 73 73 64 75 75 66 71 71 62 73 73 64 305 304 197 259 264 180 71 71 62 305 304 197 219 224 160 312 318 202 221 226 147 118 319 82 312 318 202 219 224 160 275 307 188 118 319 82 219 224 160 4 4 4 155 162 116 6 6 6 264 268 183 155 162 116 4 4 4 2 2 2 264 268 183 4 4 4 280 281 191 1 1 1 89 88 11 277 0 190 1 1 1 280 281 191 278 279 171 277 0 190 280 281 191 12 12 12 159 166 120 161 168 59 10 10 10 159 166 120 12 12 12 242 247 73 276 278 189 251 256 178 244 249 173 276 278 189 242 247 73 272 275 186 314 321 12 313 320 63 270 273 185 314 321 12 272 275 186 274 322 79 308 308 198 93 219 79 275 307 188 308 308 198 274 322 79 62 62 55 66 66 59 64 64 57 286 286 193 66 66 59 62 62 55 315 323 12 269 272 185 271 274 178 287 287 12 269 272 185 315 323 12 243 248 172 85 84 76 245 250 174 83 82 74 85 84 76 243 248 172 316 324 203 169 176 128 167 174 126 214 218 12 169 176 128 316 324 203 17 17 17 9 9 9 15 15 15 7 7 7 9 9 9 17 17 17 127 128 27 103 102 87 104 103 88 125 126 102 103 102 87 127 128 27 99 98 37 119 120 97 98 97 83 100 99 84 119 120 97 99 98 37 120 121 98 312 317 202 118 119 82 122 123 100 312 317 202 120 121 98 125 126 102 102 101 86 103 102 87 123 124 101 102 101 86 125 126 102 123 124 101 101 100 85 102 101 86 121 122 99 101 100 85 123 124 101 247 252 175 270 273 185 249 254 176 317 325 12 270 273 185 247 252 175 121 122 99 100 99 84 101 100 85 119 120 97 100 99 84 121 122 99 135 140 106 139 144 106 137 142 106 133 138 106 139 144 106 135 140 106 139 144 106 114 326 28 113 146 96 133 138 106 114 326 28 139 144 106 133 138 106 115 327 87 114 326 28 105 136 89 115 327 87 133 138 106 291 290 19 266 270 184 172 179 131 265 269 119 266 270 184 291 290 19 138 143 106 292 291 106 136 141 106 140 145 106 292 291 106 138 143 106 200 206 106 130 133 104 131 135 27 201 207 106 130 133 104 200 206 106 22 22 4 174 181 133 24 24 23 20 20 20 174 181 133 22 22 4 5 5 5 85 84 76 3 3 3 245 250 174 85 84 76 5 5 5 285 285 59 68 68 60 66 66 59 70 70 61 68 68 60 285 285 59 13 13 13 9 9 9 11 11 11 15 15 15 9 9 9 13 13 13 239 244 68 256 261 68 237 242 68 240 245 170 256 261 68 239 244 68 110 109 28 293 292 27 55 55 49 254 259 106 293 292 27 110 109 28 258 263 65 307 306 68 257 262 68 259 264 180 307 306 68 258 263 65 295 294 195 92 91 79 216 221 107 141 148 107 92 91 79 295 294 195 244 249 173 17 17 17 276 278 189 7 7 7 17 17 17 244 249 173 198 204 153 197 203 152 195 201 150 248 253 117 157 164 118 156 163 117 288 288 194 290 165 121 268 271 117 129 131 95 130 133 104 201 207 106 255 260 89 293 292 27 254 259 106 159 166 120 10 10 10 8 8 8 155 162 116 264 268 183 153 160 115 305 304 197 307 306 68 259 264 180 162 169 122 233 238 167 235 240 153 270 273 185 317 325 12 314 321 12 16 16 16 196 202 151 18 18 18</p>
                </polylist>
            </mesh>
        </geometry>
        <geometry id="mesh12">
            <mesh>
                <source id="points12">
                    <float_array id="pointarray12" count="246">-1689.5 -1048.5 -251 -2119.5 -906.75 -72.5 -1786 -1104.5 -25.25 -2119.5 -1008 335.5 -1786 -1165 218.75 -1958.5 -1144.25 702 -1689.5 -1221 444.75 -1661 -1215.75 990.75 -1511.5 -1264 617.5 -1272.5 -1254.5 1147 -1279 -1287 711 -851.75 -1254.5 1147 -1027.25 -1287 711 -463.25 -1215.75 990.75 -794.5 -1264 617.5 -165.75 -1144.25 702 -616.5 -1221 444.75 -22.75 -1045.25 446.5 -520.25 -1165 218.75 11.5 -915.25 -77.25 -520.25 -1104.5 -25.25 -165.75 -813 -449.75 -616.5 -1048.5 -251 -463.25 -741.5 -738.5 -794.5 -1005.5 -423.75 -851.75 -702.75 -894.75 -1027.25 -982.5 -517.5 -1272.5 -702.75 -894.75 -1279 -982.5 -517.5 -1661 -780.5 -737.5 -1511.5 -1005.5 -423.75 -1958.5 -855 -460.25 -2335.5 -857 -96.75 -2132.5 -739.25 -572.5 -1757.5 -649 -936.5 -1267.5 -600 -1133.5 -737.25 -600 -1133.5 -247.25 -649 -936.5 127.5 -739.25 -572.5 330.5 -857 -96.75 334.25 -866.5 -59.25 681.5 -691.5 36 -2335.5 -984.75 417.75 -2132.5 -1102.75 893.25 -1757.5 -1193 1257.25 -1267.5 -1241.75 1454.25 -737.25 -1241.75 1454.25 -247.25 -1193 1257.25 127.5 -1102.75 893.25 -2203.5 -452.5 -960.75 -2414.75 -514.25 -711 -2571.75 -585 -425.75 -2668.25 -661.75 -116.5 -2701 -741.5 204.75 -2668.25 -821.25 526.5 -2571.75 -898 835.75 -2414.75 -968.75 1120.75 -2203.5 -1030.5 1370.5 296.25 -1012 527.5 566.75 -898 835.75 409.75 -968.75 1120.75 198.5 -1030.5 1370.5 -58.75 -1081.5 1575.5 -352.25 -1119.25 1728 -1946 -401.5 -1165.75 -1652.5 -363.75 -1318 -1333.75 -340.5 -1412 -1002.5 -332.75 -1443.5 -671 -340.5 -1412 -352.25 -363.75 -1318 -58.75 -401.5 -1165.75 198.5 -452.5 -960.75 409.75 -514.25 -711 566.75 -585 -425.75 663.25 -661.75 -116.5 -1946 -1081.5 1575.5 -1652.5 -1119.25 1728 -1333.75 -1142.5 1821.75 -1002.5 -1150.25 1853.5 674.75 -793 445 663.25 -821.25 526.5 -671 -1142.5 1821.75</float_array>
                    <technique_common>
                        <accessor count="82" source="#pointarray12" stride="3">
                            <param name="X" type="float"/>
                            <param name="Y" type="float"/>
                            <param name="Z" type="float"/>
                        </accessor>
                    </technique_common>
                </source>
                <source id="uvs12">
                    <float_array id="uvarray12" count="164">-1.19970703125 -0.421875 -2.2744140625 -0.07421875 -1.4404296875 0.15966796875 -2.2744140625 0.9775390625 -1.4404296875 0.7890625 -1.8720703125 1.94873046875 -1.19970703125 1.4501953125 -1.12841796875 2.6923828125 -0.71484375 1.85546875 -0.15673828125 3.0947265625 -0.1728515625 2.04638671875 0.89404296875 3.0947265625 0.49609375 2.05615234375 1.86572265625 2.6923828125 1.03759765625 1.85546875 2.609375 1.94873046875 1.482421875 1.46044921875 2.966796875 1.26904296875 1.7236328125 0.93017578125 3.05322265625 -0.080078125 1.7236328125 0.15966796875 2.609375 -1.04541015625 1.482421875 -0.421875 1.86572265625 -1.7890625 1.03759765625 -0.86669921875 0.89404296875 -2.19140625 0.4560546875 -1.10791015625 -0.15673828125 -2.19140625 -0.1728515625 -1.10791015625 -1.12841796875 -1.7890625 -0.75439453125 -0.86669921875 -1.8720703125 -1.04541015625 -2.814453125 -0.16259765625 -2.30712890625 -1.3876953125 -1.36962890625 -2.3251953125 -0.14453125 -2.83251953125 1.1806640625 -2.83251953125 2.40576171875 -2.3251953125 3.34326171875 -1.3876953125 3.8505859375 -0.16259765625 3.8603515625 -0.06591796875 4.72802734375 0.060546875 -2.814453125 1.16259765625 -2.30712890625 2.3876953125 -1.36962890625 3.3251953125 -0.14453125 3.83251953125 1.1806640625 3.83251953125 2.40576171875 3.3251953125 3.34326171875 2.3876953125 -2.484375 -2.50244140625 -3.01220703125 -1.85888671875 -3.40478515625 -1.125 -3.646484375 -0.328125 -3.72802734375 0.5 -3.646484375 1.328125 -3.40478515625 2.125 -3.01220703125 2.85888671875 -2.484375 3.50244140625 3.76513671875 1.4453125 4.44091796875 2.125 4.048828125 2.85888671875 3.5205078125 3.50244140625 2.876953125 4.03076171875 2.14306640625 4.4228515625 -1.8408203125 -3.03076171875 -1.1064453125 -3.4228515625 -0.31005859375 -3.66455078125 0.51806640625 -3.74609375 1.34619140625 -3.66455078125 2.14306640625 -3.4228515625 2.876953125 -3.03076171875 3.5205078125 -2.50244140625 4.048828125 -1.85888671875 4.44091796875 -1.125 4.6826171875 -0.328125 -1.8408203125 4.03076171875 -1.1064453125 4.4228515625 -0.31005859375 4.66455078125 0.51806640625 4.74609375 4.71142578125 1.11328125 4.6826171875 1.328125 1.34619140625 4.66455078125</float_array>
                    <technique_common>
                        <accessor count="82" source="#uvarray12" stride="2">
                            <param name="S" type="float"/>
                            <param name="T" type="float"/>
                        </accessor>
                    </technique_common>
                </source>
                <source id="colors12">
                    <float_array id="colorarray12" count="124">0.17254901960784313 0.17254901960784313 0.17254901960784313 1 0.25098039215686274 0.25098039215686274 0.25098039215686274 1 0.13725490196078433 0.13725490196078433 0.13725490196078433 1 0.41568627450980394 0.41568627450980394 0.41568627450980394 1 0.2784313725490196 0.2784313725490196 0.2784313725490196 1 0.5019607843137255 0.5019607843137255 0.5019607843137255 1 0.4117647058823529 0.4117647058823529 0.4117647058823529 1 0.5215686274509804 0.5215686274509804 0.5215686274509804 1 0.4549019607843137 0.4549019607843137 0.4549019607843137 1 0.5098039215686274 0.5098039215686274 0.5098039215686274 1 0.45098039215686275 0.45098039215686275 0.45098039215686275 1 0.47058823529411764 0.47058823529411764 0.47058823529411764 1 0.4196078431372549 0.4196078431372549 0.4196078431372549 1 0.403921568627451 0.403921568627451 0.403921568627451 1 0.3254901960784314 0.3254901960784314 0.3254901960784314 1 0.09803921568627451 0.09803921568627451 0.09803921568627451 1 0.13333333333333333 0.13333333333333333 0.13333333333333333 1 0.1568627450980392 0.1568627450980392 0.1568627450980392 1 0.06666666666666667 0.06666666666666667 0.06666666666666667 1 0.2901960784313726 0.2901960784313726 0.2901960784313726 1 0.3333333333333333 0.3333333333333333 0.3333333333333333 1 0.3568627450980392 0.3568627450980392 0.3568627450980392 1 0.34509803921568627 0.34509803921568627 0.34509803921568627 1 0.27450980392156865 0.27450980392156865 0.27450980392156865 1 0.3137254901960784 0.3137254901960784 0.3137254901960784 1 0.47843137254901963 0.47843137254901963 0.47843137254901963 1 0.5490196078431373 0.5490196078431373 0.5490196078431373 1 0.5686274509803921 0.5686274509803921 0.5686274509803921 1 0.5647058823529412 0.5647058823529412 0.5647058823529412 1 0.5294117647058824 0.5294117647058824 0.5294117647058824 1 0.32941176470588235 0.32941176470588235 0.32941176470588235 1</float_array>
                    <technique_common>
                        <accessor count="31" source="#colorarray12" stride="4">
                            <param name="R" type="float"/>
                            <param name="G" type="float"/>
                            <param name="B" type="float"/>
                            <param name="A" type="float"/>
                        </accessor>
                    </technique_common>
                </source>
                <vertices id="vertices12">
                    <input semantic="POSITION" source="#points12"/>
                </vertices>
                <polylist count="111" material="Material1">
                    <input offset="0" semantic="VERTEX" source="#vertices12"/>
                    <input offset="1" semantic="TEXCOORD" source="#uvs12" set="0"/>
                    <input offset="2" semantic="COLOR" source="#colors12" set="0"/>
                    <vcount>3 3 3 3 3 3 3 3 3 3 3 3 3 3 3 3 3 3 3 3 3 3 3 3 3 3 3 3 3 3 3 3 3 3 3 3 3 3 3 3 3 3 3 3 3 3 3 3 3 3 3 3 3 3 3 3 3 3 3 3 3 3 3 3 3 3 3 3 3 3 3 3 3 3 3 3 3 3 3 3 3 3 3 3 3 3 3 3 3 3 3 3 3 3 3 3 3 3 3 3 3 3 3 3 3 3 3 3 3 3 3</vcount>
                    <p>2 2 2 1 1 1 0 0 0 3 3 1 1 1 1 2 2 2 4 4 1 3 3 1 2 2 2 5 5 3 3 3 1 4 4 1 6 6 4 5 5 3 4 4 1 7 7 5 5 5 3 6 6 4 8 8 6 7 7 5 6 6 4 9 9 7 7 7 5 8 8 6 10 10 8 9 9 7 8 8 6 11 11 9 9 9 7 10 10 8 12 12 10 11 11 9 10 10 8 13 13 11 11 11 9 12 12 10 14 14 12 13 13 11 12 12 10 15 15 13 13 13 11 14 14 12 16 16 14 15 15 13 14 14 12 17 17 1 15 15 13 16 16 14 18 18 15 17 17 1 16 16 14 19 19 16 17 17 1 18 18 15 20 20 1 19 19 16 18 18 15 21 21 16 19 19 16 20 20 1 22 22 1 21 21 16 20 20 1 23 23 16 21 21 16 22 22 1 24 24 1 23 23 16 22 22 1 25 25 17 23 23 16 24 24 1 26 26 1 25 25 17 24 24 1 27 27 17 25 25 17 26 26 1 28 28 18 27 27 17 26 26 1 29 29 19 27 27 17 28 28 18 30 30 17 29 29 19 28 28 18 31 31 20 29 29 19 30 30 17 33 33 21 31 31 20 32 32 1 29 29 19 31 31 20 33 33 21 34 34 22 29 29 19 33 33 21 27 27 17 29 29 19 34 34 22 35 35 23 27 27 17 34 34 22 25 25 17 27 27 17 35 35 23 36 36 1 25 25 17 35 35 23 23 23 16 25 25 17 36 36 1 37 37 1 23 23 16 36 36 1 21 21 16 23 23 16 37 37 1 38 38 24 21 21 16 37 37 1 19 19 16 21 21 16 38 38 24 39 39 1 19 19 16 38 38 24 40 40 1 19 19 16 39 39 1 41 41 1 40 40 1 39 39 1 3 3 1 42 42 1 1 1 1 43 43 25 42 42 1 3 3 1 5 5 3 43 43 25 3 3 1 44 44 26 43 43 25 5 5 3 7 7 5 44 44 26 5 5 3 45 45 27 44 44 26 7 7 5 9 9 7 45 45 27 7 7 5 46 46 28 45 45 27 9 9 7 11 11 9 46 46 28 9 9 7 47 47 29 46 46 28 11 11 9 13 13 11 47 47 29 11 11 9 48 48 11 47 47 29 13 13 11 15 15 13 48 48 11 13 13 11 33 33 21 50 50 1 49 49 1 51 51 1 50 50 1 33 33 21 32 32 1 51 51 1 33 33 21 52 52 1 51 51 1 32 32 1 53 53 1 52 52 1 32 32 1 32 32 1 42 42 1 53 53 1 1 1 1 42 42 1 32 32 1 31 31 20 1 1 1 32 32 1 0 0 0 1 1 1 31 31 20 30 30 17 0 0 0 31 31 20 42 42 1 54 54 1 53 53 1 55 55 1 54 54 1 42 42 1 43 43 25 55 55 1 42 42 1 56 56 1 55 55 1 43 43 25 57 57 1 56 56 1 43 43 25 58 58 30 15 15 13 17 17 1 48 48 11 15 15 13 58 58 30 59 59 1 48 48 11 58 58 30 60 60 1 48 48 11 59 59 1 61 61 1 48 48 11 60 60 1 47 47 29 48 48 11 61 61 1 62 62 1 47 47 29 61 61 1 63 63 1 47 47 29 62 62 1 65 65 1 34 34 22 64 64 1 35 35 23 34 34 22 65 65 1 66 66 1 35 35 23 65 65 1 67 67 1 35 35 23 66 66 1 69 69 1 36 36 1 68 68 1 37 37 1 36 36 1 69 69 1 70 70 1 37 37 1 69 69 1 71 71 1 37 37 1 70 70 1 73 73 1 38 38 24 72 72 1 39 39 1 38 38 24 73 73 1 74 74 1 39 39 1 73 73 1 41 41 1 39 39 1 74 74 1 44 44 26 57 57 1 43 43 25 75 75 1 57 57 1 44 44 26 76 76 1 75 75 1 44 44 26 45 45 27 76 76 1 44 44 26 77 77 1 76 76 1 45 45 27 78 78 1 77 77 1 45 45 27 80 80 1 58 58 30 79 79 1 59 59 1 58 58 30 80 80 1 63 63 1 46 46 28 47 47 29 81 81 1 46 46 28 63 63 1 46 46 28 78 78 1 45 45 27 81 81 1 78 78 1 46 46 28 49 49 1 34 34 22 33 33 21 64 64 1 34 34 22 49 49 1 67 67 1 36 36 1 35 35 23 68 68 1 36 36 1 67 67 1 71 71 1 38 38 24 37 37 1 72 72 1 38 38 24 71 71 1</p>
                </polylist>
            </mesh>
        </geometry>
        <geometry id="mesh13">
            <mesh>
                <source id="points13">
                    <float_array id="pointarray13" count="1794">-1235 -1300.75 457.75 -1027.25 -1287 711 -1080 -1300.75 457.75 -794.5 -1264 617.5 -937 -1286.5 400.25 -616.5 -1221 444.75 -827.25 -1260 294 -520.25 -1165 218.75 -768 -1225.5 155 -520.25 -1104.5 -25.25 -768 -1188.25 4.5 -616.5 -1048.5 -251 -827.25 -1153.75 -134.25 -794.5 -1005.5 -423.75 -937 -1127.5 -240.75 -1027.25 -982.5 -517.5 -1080 -1113.25 -298.25 -1279 -982.5 -517.5 -1235 -1113.25 -298.25 -1511.5 -1005.5 -423.75 -1378.25 -1127.5 -240.75 -1689.5 -1048.5 -251 -1488 -1153.75 -134.25 -1786 -1104.5 -25.25 -1547.25 -1188.25 4.5 -1786 -1165 218.75 -1547.25 -1225.5 155 -1689.5 -1221 444.75 -1488 -1260 294 -1511.5 -1264 617.5 -1378.25 -1286.5 400.25 -1279 -1287 711 -1644.25 -2729.75 -566.5 -1477 -2765.25 -804.5 -1477 -2676 -782.5 -1267.75 -2744.5 -888.75 -1267.75 -2655.25 -866.5 -1041.25 -2744.5 -888.75 -1041.25 -2655.25 -866.5 -744 -2782.75 -734.5 -744 -2693.5 -712.5 -618.25 -2828 -551.75 -618.25 -2738.75 -529.75 -585.25 -2908.75 -226.25 -585.25 -2819.5 -204 -671.75 -2959.25 -23.25 -671.75 -2869.75 -1 -932.25 -3010.5 184 -932.25 -2921.25 206.25 -1154.5 -3021.25 227 -1154.5 -2932 249.25 -1376.5 -3010.5 184 -1376.5 -2921.25 206.25 -1565 -2967 8.5 -1561.5 -2877 27.25 -1451.25 -2695.5 -704.5 -1477 -2676 -782.5 -1258.75 -2676.25 -782 -1267.75 -2655.25 -866.5 -1050.25 -2675.5 -785 -1041.25 -2655.25 -866.5 -776.75 -2701.25 -680.75 -744 -2693.5 -712.5 -661 -2743 -512.5 -618.25 -2738.75 -529.75 -664 -2817.25 -212.75 -585.25 -2819.5 -204 -734.75 -2863.75 -26 -671.75 -2869.75 -1 -950 -2911 164.75 -932.25 -2921.25 206.25 -1154.5 -2920.75 204.25 -1154.5 -2932 249.25 -1359 -2911 164.75 -1376.5 -2921.25 206.25 -1532.25 -2871 3.5 -1561.5 -2877 27.25 -1385.25 -2798.5 -671.25 -1235.5 -2694.25 -709.5 -1235.5 -2783.5 -731.5 -1073.5 -2694.25 -709.5 -1073.5 -2783.5 -731.5 -860.75 -2721.5 -599 -860.75 -2810.75 -621.25 -770.75 -2754 -468.25 -770.75 -2843.25 -490.5 -747 -2811.75 -235.25 -747 -2901 -257.5 -809 -2847.75 -90 -809 -2937 -112.25 -995.5 -2884.5 58.25 -995.5 -2974 36 -1154.5 -2892.25 89 -1154.5 -2981.5 66.75 -1312.5 -2884.5 58 -1313.5 -2974 36 -1430.25 -2859 -44.5 -1455 -2948.5 -66.5 -1202.5 -2708.25 -724.5 -1202.5 -1081.75 -356.75 -865.5 -2732.5 -626.25 -839.75 -1108.5 -248.75 -762 -2767.75 -484.75 -728.5 -1146.25 -96.25 -762 -2850.5 -151 -728.5 -1235.25 262.75 -875.5 -2883 -19.25 -849.75 -1270.75 405.25 -1020.25 -2903.75 63.75 -1006.25 -1293 495.75 -1202.5 -2908 80.75 -1202.5 -1298 515.5 -1362 -2890.25 9 -1376 -1279.5 441.25 -1415.5 -2856 -57 -1444 -1261.75 369 -1541.5 -2828.25 -550.5 -1546.25 -2846.75 -476.25 -1406.5 -2796.75 -678 -1385.25 -2798.5 -671.25 -1452.75 -2780.25 -745 -1477 -2765.25 -804.5 -1581.5 -2814.25 -607.25 -1656.25 -2826.25 -559 -1508 -2970.25 21 -1364.5 -2995 121.25 -1376.5 -3010.5 184 -1313.5 -2974 36 -1154.5 -3021.25 227 -1154.5 -2981.5 66.75 -1140.5 -3005.75 164.5 -1140.5 -2985.75 83.75 -970 -2997.5 131.5 -932.25 -3010.5 184 -995.5 -2974 36 -671.75 -2959.25 -23.25 -809 -2937 -112.25 -717.75 -2947.75 -69.25 -786.75 -2936.5 -114 -1267.75 -2744.5 -888.75 -1241.5 -2759 -830 -1041.25 -2744.5 -888.75 -1067.5 -2759 -830 -1073.5 -2783.5 -731.5 -1083.75 -2778.75 -750.75 -1235.5 -2783.5 -731.5 -1225.25 -2778.75 -750.75 -744 -2782.75 -734.5 -779.75 -2796 -680.75 -618.25 -2828 -551.75 -683 -2831 -540.25 -770.75 -2843.25 -490.5 -760 -2838.5 -509.5 -860.75 -2810.75 -621.25 -838.5 -2810.25 -623.5 -3062.25 -539.75 132.5 -3062.25 -515.25 33 -3053.75 -531.25 130.75 -3054 -509.5 43.5 -2963 -510.25 46.5 -2963 -501.75 12.5 -2963 -522 61 -2963 -508.5 6.5 -2533.5 -1055.25 4.5 -2630.25 -1138.5 -15.75 -2611 -1041.5 8 -2788.75 -1091 -4 -2749.5 -1004 17.25 -2923 -996.25 19.25 -2853.5 -927.25 36.25 -2931 -813 64.5 -2541.5 -1227 291.75 -2533.5 -1132.5 315.25 -2630.25 -1215.5 294.5 -2611 -1118.5 318.5 -2788.75 -1168 306.25 -2749.5 -1081.25 327.75 -2923 -1073.5 329.75 -2853.5 -1004.25 347 -1455 -2948.5 -66.5 -1454.25 -2953.5 -46.25 -1332.5 -2976.5 46.75 -1870 -2738 -87.5 -1770.75 -2684.75 -66 -1904.75 -1364.5 257.5 -1808.75 -1325.75 267.25 -2008 -1271.5 280.75 -1952.75 -1189.75 301 -2129.5 -1141 313 -1711.25 -2705.25 -532.25 -1770.75 -2590.25 -447.25 -1770.75 -2577 -500.5 -1808.75 -1231 -114.5 -1808.75 -1217.5 -169 -1952.75 -1095 -81 -1952.75 -1081.75 -135.25 -1904.75 -1263 -152.25 -1870 -2638.5 -488.25 -1770.75 -2577 -500.5 -1793.5 -2794.75 -527 -1711.25 -2705.25 -532.25 -1644.25 -2729.75 -566.5 -2146.25 -1137 -121 -2146.25 -1161.75 -21.5 -2008 -1169.75 -129 -2008 -1194.25 -29.75 -1904.75 -1263 -152.25 -1904.75 -1287.5 -52.75 -1793.5 -2818.75 -430 -1870 -2662.75 -391.25 -1870 -2638.5 -488.25 -1501.25 -2759.25 -447 -1517 -1120.25 -71 -1386.5 -2727.5 -647 -1412.5 -1103.25 -269.5 -1793.5 -2894 -126.25 -1793.5 -2918 -29.5 -1711.25 -2838.75 6.5 -3062.25 -515.25 33 -3062.25 -539.75 132.5 -3054.25 -672 -5.75 -3054.25 -696.75 93.5 -3018.25 -830.5 -45 -3018.25 -855 54.25 -1455 -2948.5 -66.5 -1430.25 -2859 -44.5 -1793.5 -2894 -126.25 -1711.25 -2811 -105.75 -1770.75 -2684.75 -66 -2923 -1073.5 329.75 -2788.75 -1192.75 405.25 -2788.75 -1168 306.25 -2630.25 -1240 393.5 -2630.25 -1215.5 294.5 -2541.5 -1227 291.75 -2541.5 -1251.75 390.75 -2146.25 -1263.25 387.75 -2146.25 -1238.75 288.75 -2008 -1296 379.75 -2008 -1271.5 280.75 -1904.75 -1364.5 257.5 -2963 -508.5 6.5 -3062.25 -515.25 33 -2961.5 -646 -27.25 -3054.25 -672 -5.75 -2931 -782 -61 -3018.25 -830.5 -45 -2853.5 -896 -89.25 -2923 -971.75 -80 -2749.5 -973 -108.25 -2788.75 -1066.5 -103.5 -2931 -918.75 490.25 -3018.25 -956.5 463.75 -2961.5 -782.75 523.75 -3054.25 -798.25 503.25 -2963 -645.25 558 -3062.25 -641.25 542 -1904.75 -1389 356.5 -1870 -2738 -87.5 -1870 -2762 9 -2963 -637 558 -2963 -645.25 558 -3054 -632.25 538.75 -3062.25 -641.25 542 -3062.25 -616.75 443 -747 -2901 -257.5 -732.75 -2905.25 -241 -651.25 -2909 -225.25 -1001.75 -2979 57 -2129.5 -1032.75 -123 -2146.25 -1137 -121 -1952.75 -1081.75 -135.25 -2008 -1169.75 -129 -1656.75 -2741.25 -519.5 -1711.25 -2718.25 -479.25 -3018.25 -932 364.75 -3018.25 -956.5 463.75 -2923 -1098 428.75 -2963 -539.75 132.5 -2963 -531 130.5 -585.25 -2908.75 -226.25 -2533.5 -1161 430 -2541.5 -1251.75 390.75 -2611 -1147 433.5 -2630.25 -1240 393.5 -2788.75 -1192.75 405.25 -3062.25 -616.75 443 -3054.25 -773.75 404 -3054.25 -798.25 503.25 -2788.75 -1066.5 -103.5 -2611 -1010.25 -117.5 -2630.25 -1113.75 -115.25 -2541.5 -1125.5 -118 -1546.25 -2846.75 -476.25 -1520.25 -2757.5 -454 -1385.25 -2709 -649.25 -2129.5 -1169.5 428 -1952.75 -1218.25 415.75 -1808.75 -1354.25 382 -1536.5 -582.5 -613.5 -1533.75 -1926 -946.25 -1491.75 -549.25 -747.25 -1489.25 -1893 -1079 -1288.25 -1844.75 -1274.25 -2533.5 -1024.25 -121 -2146.25 -1137 -121 -2963 -616.75 443 -2964 -633.75 511.25 -2963 -610 448.75 -2964 -626 513.25 -2129.5 -1064 2.5 -2146.25 -1161.75 -21.5 -2541.5 -1150 -18.75 -870.5 -2042 -478.75 -877.25 -695.5 -158.25 -669.5 -1993.5 -673.75 -667 -650.5 -339.25 -622.25 -617.25 -473 -943.25 -1265.5 586 -765.75 -1236.75 470.75 -950 -2927.75 160.5 -776.75 -2900 48.25 -661 -2858.25 -119.75 -647 -1194 298.25 -2146.25 -1238.75 288.75 -3062.25 -539.75 132.5 -2963 -508.5 6.5 -3062.25 -515.25 33 -3062.25 -616.75 443 -3053.75 -610.75 451.25 -2963 -645.25 558 -2963 -637 558 -1644.25 -2729.75 -566.5 -1554.25 -2720.75 -602.5 -1587 -2734.25 -548.25 -1952.75 -1095 -81 -2129.5 -1046.25 -68.75 -1952.75 -1081.75 -135.25 -2129.5 -1032.75 -123 -2129.5 -1046.25 -68.75 -2533.5 -1037.75 -66.75 -2129.5 -1032.75 -123 -2533.5 -1024.25 -121 -2611 -1010.25 -117.5 -2611 -1023.75 -63.25 -2611 -1023.75 -63.25 -2749.5 -986.5 -54 -2611 -1010.25 -117.5 -2749.5 -973 -108.25 -2853.5 -909.5 -34.75 -2853.5 -896 -89.25 -2931 -795.5 -6.5 -2931 -782 -61 -2961.5 -659.5 27 -2961.5 -646 -27.25 -760 -2936 -533.75 -760 -2838.5 -509.5 -683 -2928.25 -564.5 -683 -2831 -540.25 -1083.75 -2876.25 -775 -1083.75 -2778.75 -750.75 -1067.5 -2856.5 -854.25 -1067.5 -2759 -830 -1406.5 -2894.25 -702 -1406.5 -2796.75 -678 -1452.75 -2877.5 -769.25 -1452.75 -2780.25 -745 -1581.5 -2911.75 -631.5 -1581.5 -2814.25 -607.25 -1541.5 -2925.75 -574.75 -1541.5 -2828.25 -550.5 -1454.25 -3051.25 -70 -1454.25 -2953.5 -46.25 -1508 -3067.75 -2.25 -1508 -2970.25 21 -1140.5 -3083.25 59.5 -1140.5 -2985.75 83.75 -1140.5 -3103.25 140.25 -1140.5 -3005.75 164.5 -786.75 -3034 -138.25 -732.75 -3002.5 -265 -786.75 -2936.5 -114 -732.75 -2905.25 -241 -786.75 -2936.5 -114 -717.75 -2947.75 -69.25 -786.75 -3034 -138.25 -717.75 -3045.25 -93.5 -651.25 -2909 -225.25 -732.75 -2905.25 -241 -651.25 -3006.5 -249.25 -732.75 -3002.5 -265 -760 -2936 -533.75 -838.5 -2907.75 -647.75 -760 -2838.5 -509.5 -838.5 -2810.25 -623.5 -779.75 -2796 -680.75 -838.5 -2810.25 -623.5 -779.75 -2893.5 -704.75 -838.5 -2907.75 -647.75 -779.75 -2796 -680.75 -779.75 -2893.5 -704.75 -683 -2831 -540.25 -683 -2928.25 -564.5 -1083.75 -2876.25 -775 -1225.25 -2876.25 -775 -1083.75 -2778.75 -750.75 -1225.25 -2778.75 -750.75 -1241.5 -2759 -830 -1225.25 -2778.75 -750.75 -1241.5 -2856.5 -854.25 -1225.25 -2876.25 -775 -1241.5 -2759 -830 -1241.5 -2856.5 -854.25 -1067.5 -2759 -830 -1067.5 -2856.5 -854.25 -1406.5 -2894.25 -702 -1541.5 -2925.75 -574.75 -1406.5 -2796.75 -678 -1541.5 -2828.25 -550.5 -1581.5 -2814.25 -607.25 -1581.5 -2911.75 -631.5 -1452.75 -2780.25 -745 -1452.75 -2877.5 -769.25 -1454.25 -3051.25 -70 -1332.5 -3074 22.5 -1332.5 -2976.5 46.75 -1364.5 -2995 121.25 -1364.5 -3092.5 97 -1508 -2970.25 21 -1508 -3067.75 -2.25 -1364.5 -2995 121.25 -1332.5 -2976.5 46.75 -1364.5 -3092.5 97 -1332.5 -3074 22.5 -1140.5 -3083.25 59.5 -1001.75 -3076.5 32.75 -1140.5 -2985.75 83.75 -1001.75 -2979 57 -970 -2997.5 131.5 -1001.75 -2979 57 -970 -3095 107.25 -1001.75 -3076.5 32.75 -970 -2997.5 131.5 -970 -3095 107.25 -1140.5 -3005.75 164.5 -1140.5 -3103.25 140.25 -2923 -996.25 19.25 -2923 -971.75 -80 -1642.5 -2756 -531.5 -1532.25 -2718 -684.75 -1612.75 -1056.75 -124.25 -1540 -1050.5 -280.75 -1793.5 -2818.75 -430 -1711.25 -2735.75 -409.25 -1904.75 -1263 -152.25 -1870 -2638.5 -488.25 -2129.5 -1064 2.5 -1952.75 -1112.75 -9.5 -2008 -1194.25 -29.75 -2541.5 -1125.5 -118 -2146.25 -1161.75 -21.5 -2541.5 -1150 -18.75 -1789 -2852 -109.25 -1825.25 -1428 290.75 -1824 -1436.25 323.75 -1908 -1300.25 357.5 -1540 -1236.75 470.75 -1667 -1113.25 404 -2630.25 -1113.75 -115.25 -2630.25 -1138.5 -15.75 -2788.75 -1066.5 -103.5 -2788.75 -1091 -4 -2967 -626.5 515.5 -2748 -626.5 515.5 -2968.75 -636.5 522.25 -2747 -634 522.75 -1785.5 -2757 -492 -1824 -1321 -140.25 -3018.25 -855 54.25 -3054.25 -696.75 93.5 -2961.5 -677.25 98.25 -3062.25 -539.75 132.5 -1731 -1043 -71.25 -1908 -1185.25 -106.5 -1981.5 -901.75 -36.25 -2072 -1080.25 -80.5 -2504 -694.5 15 -2532 -1061 -75.75 -2624.75 -667.25 21.75 -2844 -967.75 -52.5 -2705.5 -622.25 32.75 -2984 -731 5.75 -2931 -890.25 375.25 -2923 -1073.5 329.75 -3018.25 -932 364.75 -2961.5 -754.25 409 -3054.25 -773.75 404 -2963 -616.75 443 -3062.25 -616.75 443 -1711.25 -2838.75 6.5 -1711.25 -2827.5 -39 -1770.75 -2710.75 38.25 -1770.75 -2699.25 -7.25 -1808.75 -1354.25 382 -1808.75 -1342.75 335.5 -1952.75 -1218.25 415.75 -1952.75 -1206.75 369.25 -2129.5 -1169.5 428 -2129.5 -1158 381.25 -2533.5 -1161 430 -2533.5 -1149.25 383.5 -2611 -1147 433.5 -2611 -1135.25 387 -2749.5 -1109.75 442.75 -2749.5 -1098 396.25 -2853.5 -1032.75 461.75 -2853.5 -1021.25 415.25 -2931 -907 443.5 -2931 -918.75 490.25 -2961.5 -782.75 523.75 -2961.5 -771.25 477.25 -1870 -2662.75 -391.25 -1770.75 -2605.5 -385.5 -1904.75 -1287.5 -52.75 -1808.75 -1248.75 -43.25 -2747 -519 58.5 -2968.75 -521.25 57.75 -1808.75 -1217.5 -169 -2748 -515.25 66.75 -2964 -515.25 66.75 -1785.5 -2869.75 -38 -1532.25 -2887.75 -0.5 -2072 -1195.5 383.5 -1951.75 -944.5 445.75 -2532 -1176 388.25 -2504 -809.5 479.25 -2129.5 -1169.5 428 -2844 -1083 411.5 -2624.75 -782.5 486 -2749.5 -1109.75 442.75 -2853.5 -1032.75 461.75 -2923 -1098 428.75 -2984 -846 470.25 -2705.5 -737.5 497.25 -651.25 -3006.5 -249.25 -732.75 -3002.5 -265 -717.75 -3045.25 -93.5 -786.75 -3034 -138.25 -779.75 -2893.5 -704.75 -838.5 -2907.75 -647.75 -683 -2928.25 -564.5 -760 -2936 -533.75 -1241.5 -2856.5 -854.25 -1225.25 -2876.25 -775 -1067.5 -2856.5 -854.25 -1083.75 -2876.25 -775 -1581.5 -2911.75 -631.5 -1541.5 -2925.75 -574.75 -1452.75 -2877.5 -769.25 -1406.5 -2894.25 -702 -1364.5 -3092.5 97 -1332.5 -3074 22.5 -1508 -3067.75 -2.25 -1454.25 -3051.25 -70 -970 -3095 107.25 -1001.75 -3076.5 32.75 -1140.5 -3103.25 140.25 -1140.5 -3083.25 59.5 -1154.5 -2680.5 -836.75 -776.75 -2718 -684.75 -1152.75 -1011.75 -436.5 -765.75 -1050.5 -280.75 -651.25 -2909 -225.25 -651.25 -3006.5 -249.25 -717.75 -2947.75 -69.25 -717.75 -3045.25 -93.5 -1825.25 -1326.25 -119.25 -1789 -2771.75 -432.75 -661 -2759.75 -516.5 -647 -1093.25 -108.25 -1288.25 -2042 -478.75 -1489.25 -1993.5 -673.75 -1281.5 -695.5 -158.25 -1491.75 -650.5 -339.25 -1007.5 -1834 -1317.25 -1289.5 -500.75 -943.5 -1007 -489.75 -987 -870.5 -1844.75 -1274.25 -869.25 -500.75 -943.5 -669.5 -1893 -1079 -667 -549.25 -747.25 -625 -1960.75 -806.5 -1554.25 -2720.75 -602.5 -1362.5 -1265.5 586 -1359 -2927.75 160.5 -1152.75 -1275.5 626.5 -1154.5 -2937.5 200 -1770.75 -2710.75 38.25</float_array>
                    <technique_common>
                        <accessor count="598" source="#pointarray13" stride="3">
                            <param name="X" type="float"/>
                            <param name="Y" type="float"/>
                            <param name="Z" type="float"/>
                        </accessor>
                    </technique_common>
                </source>
                <source id="uvs13">
                    <float_array id="uvarray13" count="866">-0.08251953125 1.54541015625 0.49609375 2.05615234375 0.3427734375 1.54541015625 1.03759765625 1.85546875 0.7353515625 1.41259765625 1.482421875 1.46044921875 1.0263671875 1.15185546875 1.7236328125 0.93017578125 1.220703125 0.80859375 1.7236328125 0.15966796875 1.19921875 0.26416015625 1.482421875 -0.421875 1.0361328125 -0.12890625 1.03759765625 -0.86669921875 0.7353515625 -0.4296875 0.4560546875 -1.10791015625 0.3427734375 -0.5927734375 -0.1728515625 -1.10791015625 -0.08251953125 -0.5927734375 -0.75439453125 -0.86669921875 -0.4755859375 -0.4296875 -1.19970703125 -0.421875 -0.7763671875 -0.12890625 -1.4404296875 0.15966796875 -0.93896484375 0.26416015625 -1.4404296875 0.7890625 -0.93896484375 0.689453125 -1.19970703125 1.4501953125 -0.7763671875 1.08203125 -0.71484375 1.85546875 -0.4755859375 1.3828125 -0.1728515625 2.04638671875 3.1640625 1.37353515625 3.771484375 1.61865234375 3.771484375 1.3740234375 4.123046875 1.61865234375 4.123046875 1.3740234375 4.48974609375 1.61865234375 4.48974609375 1.3740234375 5.03369140625 1.61865234375 5.03369140625 1.3740234375 5.4462890625 1.61865234375 5.4462890625 1.3740234375 5.638671875 2.74951171875 5.638671875 2.9921875 5.271484375 2.74951171875 5.271484375 2.9921875 4.65185546875 2.74951171875 4.65185546875 2.9921875 4.29736328125 2.74951171875 4.29736328125 2.9921875 3.85986328125 2.74951171875 3.85986328125 2.9921875 3.3349609375 2.7314453125 3.34033203125 2.9873046875 3.771484375 1.6591796875 4.123046875 1.6591796875 4.48974609375 1.6591796875 5.03369140625 1.6591796875 5.4462890625 1.6591796875 5.638671875 2.70654296875 5.271484375 2.70654296875 4.65185546875 2.70654296875 4.29736328125 2.70654296875 3.85986328125 2.70654296875 3.38525390625 2.70654296875 3.34033203125 2.7255859375 3.771484375 1.8818359375 4.123046875 2.1767578125 4.123046875 1.87890625 4.48974609375 2.1767578125 4.48974609375 1.87890625 5.03369140625 2.1767578125 5.03369140625 1.87890625 5.4462890625 2.1767578125 5.4462890625 1.87890625 5.638671875 2.23046875 5.638671875 2.5166015625 5.271484375 2.23046875 5.271484375 2.5166015625 4.65185546875 2.23046875 4.65185546875 2.5166015625 4.29736328125 2.23046875 4.29736328125 2.5166015625 3.85986328125 2.23046875 3.85986328125 2.5166015625 3.5419921875 2.2314453125 3.50390625 2.5166015625 3.75390625 -0.44384765625 3.7490234375 1.41064453125 2.94970703125 -0.44384765625 2.94580078125 1.41064453125 2.533203125 -0.44384765625 2.53125 1.41064453125 1.69091796875 -0.44384765625 1.69287109375 1.41064453125 1.2744140625 -0.44384765625 1.2783203125 1.41064453125 0.8671875 -0.44384765625 0.8720703125 1.41064453125 0.47021484375 -0.44384765625 0.47509765625 1.41064453125 0.083984375 -0.44384765625 0.087890625 1.41064453125 -0.29345703125 -0.44384765625 -0.29052734375 1.41064453125 3.37109375 1.84619140625 3.36376953125 1.87890625 3.7236328125 1.8486328125 3.7236328125 1.69677734375 3.3095703125 1.69677734375 3.28271484375 1.6728515625 3.40185546875 1.87890625 3.42236328125 2.68359375 3.8193359375 2.673828125 4.328125 2.68701171875 4.328125 2.5546875 4.619140625 2.6865234375 5.30224609375 2.6787109375 5.30224609375 2.5546875 4.16357421875 1.69189453125 4.439453125 1.69189453125 4.439453125 1.8359375 4.16357421875 1.8359375 5.1044921875 1.69189453125 5.38818359375 1.69189453125 5.38818359375 1.8359375 5.1044921875 1.8359375 -3.66455078125 1.88037109375 -3.66455078125 1.6728515625 -3.66650390625 1.8720703125 -3.66650390625 1.68115234375 -3.3603515625 1.697265625 -3.3603515625 1.6259765625 -3.34521484375 1.697265625 -3.34521484375 1.6181640625 -1.748046875 2.1767578125 -1.91357421875 1.88037109375 -1.919921875 2.1767578125 -2.24072265625 1.88037109375 -2.23583984375 2.1767578125 -2.5751953125 1.88037109375 -2.57275390625 2.1767578125 -2.89404296875 2.1767578125 -1.748046875 2.52783203125 -1.748046875 2.2314453125 -1.91357421875 2.52783203125 -1.919921875 2.2314453125 -2.24072265625 2.52783203125 -2.23583984375 2.2314453125 -2.5751953125 2.52783203125 -2.57275390625 2.2314453125 3.5048828125 2.5546875 3.8193359375 2.5546875 2.50390625 2.52783203125 2.568359375 2.2314453125 -0.43505859375 2.52783203125 -0.43505859375 2.2314453125 -0.75634765625 2.52783203125 -0.75634765625 2.2314453125 -1.10302734375 2.2314453125 2.84423828125 1.6181640625 2.568359375 1.697265625 2.568359375 1.6181640625 -0.35888671875 1.697265625 -0.35888671875 1.6181640625 -0.75634765625 1.697265625 -0.75634765625 1.6181640625 -0.43505859375 1.6728515625 2.50390625 1.6728515625 2.568359375 1.37353515625 2.84619140625 1.6728515625 2.84423828125 1.37353515625 -1.041015625 1.6728515625 -1.041015625 1.88037109375 -0.75634765625 1.6728515625 -0.75634765625 1.88037109375 -0.43505859375 1.88037109375 2.84619140625 1.88037109375 2.50390625 1.88037109375 -1.462890625 -0.44384765625 -1.4765625 1.44384765625 -1.77490234375 -0.44384765625 -1.77783203125 1.41064453125 -2.53955078125 -0.44384765625 -2.5439453125 1.41064453125 3.5009765625 2.5166015625 2.84619140625 2.52783203125 3.3818359375 2.7314453125 2.84619140625 2.734375 3.25390625 3.0087890625 2.84423828125 3.01806640625 -3.3388671875 1.6728515625 -3.3388671875 1.88037109375 -2.919921875 1.6728515625 -2.919921875 1.88037109375 3.396484375 2.2314453125 2.84423828125 2.2314453125 -2.24072265625 2.734375 -1.91357421875 2.734375 -1.748046875 2.734375 -1.041015625 2.734375 -1.041015625 2.52783203125 -0.75634765625 2.734375 -3.658203125 1.37353515625 -3.33935546875 1.37353515625 -2.896484375 1.37353515625 -2.88916015625 1.6728515625 -2.5185546875 1.37353515625 -2.5751953125 1.6728515625 -2.1982421875 1.37353515625 -2.24072265625 1.6728515625 -2.896484375 3.01806640625 -2.919921875 2.734375 -3.32666015625 3.01806640625 -3.3388671875 2.734375 -3.658203125 3.01806640625 -3.66455078125 2.734375 -0.43505859375 2.734375 2.50390625 2.734375 -3.3603515625 2.763671875 -3.34521484375 2.767578125 -3.66650390625 2.73046875 -3.66455078125 2.52783203125 5.595703125 2.5546875 5.595703125 2.6787109375 4.619140625 2.5546875 -1.10302734375 1.37353515625 -1.10302734375 1.6728515625 -0.75634765625 1.37353515625 3.1640625 1.6181640625 3.15087890625 1.697265625 2.84423828125 1.697265625 -2.88916015625 2.52783203125 -2.88916015625 2.734375 -2.5751953125 2.734375 -3.34521484375 1.88037109375 -3.3603515625 1.8720703125 -1.748046875 3.01806640625 -1.85546875 3.01806640625 -3.3388671875 2.52783203125 -1.85546875 1.37353515625 -1.91357421875 1.6728515625 -1.748046875 1.6728515625 3.4033203125 2.1767578125 3.771484375 2.1767578125 -1.10302734375 2.734375 -1.10302734375 3.01806640625 -0.75634765625 3.01806640625 -0.49365234375 3.01806640625 -0.19677734375 1.38427734375 -0.19677734375 -0.38427734375 -0.35302734375 1.38427734375 -0.3525390625 -0.38427734375 -0.86083984375 -0.38427734375 -1.748046875 1.37353515625 -3.34521484375 2.52783203125 -3.34814453125 2.67041015625 -3.3603515625 2.5361328125 -3.36279296875 2.67041015625 -1.10302734375 2.1767578125 -1.10302734375 1.88037109375 -1.748046875 1.88037109375 0.53564453125 -0.38427734375 0.53564453125 1.38427734375 0.8876953125 -0.38427734375 0.88818359375 1.38427734375 1.17529296875 1.38427734375 -3.64501953125 2.1767578125 -3.66455078125 2.17626953125 -3.658203125 1.384765625 -3.64501953125 2.2314453125 -3.66650390625 2.5361328125 -3.66455078125 2.23193359375 -3.658203125 2.87890625 -3.658203125 3.01220703125 3.2255859375 1.6259765625 3.22607421875 1.697265625 -1.11376953125 1.697265625 -1.11376953125 1.6181640625 -1.83056640625 1.697265625 -1.83056640625 1.6181640625 -1.9814453125 1.6181640625 -1.9814453125 1.697265625 -2.2626953125 1.697265625 -2.2626953125 1.6181640625 -2.52490234375 1.697265625 -2.52490234375 1.6181640625 -2.7802734375 1.697265625 -2.7802734375 1.6181640625 -2.7197265625 1.697265625 -3.0771484375 1.697265625 -2.7197265625 1.6181640625 -3.0771484375 1.6181640625 5.61181640625 1.8359375 5.61181640625 1.69189453125 4.6630859375 1.8359375 4.6630859375 1.69189453125 3.94677734375 1.8486328125 3.94677734375 1.69677734375 3.35546875 1.69677734375 3.06787109375 1.69677734375 3.08349609375 1.84619140625 3.21044921875 2.54296875 3.19677734375 2.6953125 4.06787109375 2.5546875 4.06787109375 2.68701171875 5.30224609375 2.2490234375 5.595703125 2.2490234375 5.0419921875 2.5546875 5.0419921875 2.6787109375 5.81884765625 2.6787109375 5.81884765625 2.5546875 5.38818359375 2.11328125 5.1044921875 2.11328125 4.8173828125 1.69189453125 4.8173828125 1.8359375 5.1044921875 1.45654296875 5.38818359375 1.45654296875 4.439453125 2.11328125 4.16357421875 2.11328125 3.8759765625 1.69189453125 3.8759765625 1.8359375 4.16357421875 1.45654296875 4.439453125 1.45654296875 3.7236328125 2.1259765625 3.37109375 2.12353515625 3.3095703125 1.46142578125 3.7236328125 1.46142578125 3.5048828125 2.2490234375 3.8193359375 2.2490234375 3.8193359375 2.9873046875 3.42236328125 2.9873046875 4.04296875 2.673828125 4.04296875 2.5546875 4.328125 2.2490234375 4.619140625 2.2490234375 4.8427734375 2.6865234375 4.8427734375 2.5546875 4.619140625 2.96337890625 4.328125 2.9638671875 -2.88916015625 1.88037109375 3.298828125 2.1767578125 2.84423828125 2.1767578125 -0.75634765625 2.1767578125 1.64794921875 -1.033203125 1.619140625 1.25048828125 1.0849609375 -1.0517578125 1.06494140625 1.0107421875 1.06494140625 0.861328125 0.97265625 1.02587890625 1.619140625 1.13037109375 1.3876953125 1.25341796875 -0.44921875 1.890625 -0.16162109375 1.890625 -0.451171875 1.88037109375 -0.16064453125 1.88330078125 1.52392578125 -0.77001953125 1.54296875 1.1357421875 1.0849609375 -0.7509765625 -3.3291015625 2.1767578125 1.25634765625 1.17529296875 0.8427734375 1.3662109375 0.75732421875 1.13671875 0.15771484375 1.646484375 0.11865234375 1.169921875 -0.00048828125 1.68310546875 -0.25439453125 1.2900390625 -0.10595703125 1.74365234375 -0.44921875 1.60107421875 -2.89404296875 2.2314453125 -3.3291015625 2.2314453125 -2.919921875 2.52783203125 -0.02783203125 4.82763671875 2.84423828125 2.767578125 0.00927734375 4.78955078125 2.84423828125 2.67041015625 2.568359375 2.767578125 2.568359375 2.67041015625 -0.35888671875 2.767578125 -0.35888671875 2.67041015625 -0.75634765625 2.767578125 -0.75634765625 2.67041015625 -1.11376953125 2.767578125 -1.11376953125 2.67041015625 -1.83056640625 2.767578125 -1.83056640625 2.67041015625 -1.9814453125 2.767578125 -1.9814453125 2.67041015625 -2.2626953125 2.767578125 -2.2626953125 2.67041015625 -2.52490234375 2.767578125 -2.52490234375 2.67041015625 -2.7802734375 2.67041015625 -2.7802734375 2.767578125 -2.7197265625 2.767578125 -3.0771484375 2.767578125 -2.7197265625 2.67041015625 -3.0771484375 2.67041015625 2.568359375 2.1767578125 -0.43505859375 2.1767578125 -0.43505859375 1.37353515625 -0.44482421875 1.890625 1.64794921875 -0.76513671875 0.8818359375 1.4638671875 -2.1982421875 3.01806640625 -2.5185546875 3.01806640625 6.45361328125 2.0732421875 5.765625 2.08447265625 6.3984375 2.30078125 5.87646484375 2.3056640625 3.2998046875 1.6259765625 5.595703125 2.95556640625 5.30224609375 2.95556640625 1.54296875 1.29150390625 1.52392578125 -1.02685546875 0.53466796875 -0.38427734375 0.25048828125 -0.38427734375 0.53466796875 1.38427734375 0.25 1.38427734375 2.892578125 -0.38427734375 2.52099609375 -0.38427734375 2.89208984375 1.38427734375 2.52099609375 1.38427734375 2.2373046875 -0.38427734375 2.2373046875 1.38427734375 1.7900390625 -0.38427734375 1.7900390625 1.38427734375 1.1748046875 -0.38427734375 3.2255859375 1.384765625 2.45263671875 3.01806640625 -0.86083984375 1.38427734375 -1.10302734375 2.52783203125</float_array>
                    <technique_common>
                        <accessor count="433" source="#uvarray13" stride="2">
                            <param name="S" type="float"/>
                            <param name="T" type="float"/>
                        </accessor>
                    </technique_common>
                </source>
                <source id="colors13">
                    <float_array id="colorarray13" count="1080">0.050980392156862744 0.050980392156862744 0.050980392156862744 1 0.403921568627451 0.403921568627451 0.403921568627451 1 0.37254901960784315 0.37254901960784315 0.37254901960784315 1 0.2784313725490196 0.2784313725490196 0.2784313725490196 1 0.20392156862745098 0.20392156862745098 0.20392156862745098 1 0.0196078431372549 0.0196078431372549 0.0196078431372549 1 0.11372549019607843 0.11372549019607843 0.11372549019607843 1 0.09019607843137255 0.09019607843137255 0.09019607843137255 1 0.12941176470588237 0.12941176470588237 0.12941176470588237 1 0 0 0 1 0.23137254901960785 0.23137254901960785 0.23137254901960785 1 0.36470588235294116 0.36470588235294116 0.36470588235294116 1 0.40784313725490196 0.40784313725490196 0.40784313725490196 1 0.00784313725490196 0 0.058823529411764705 1 0.09803921568627451 0.09803921568627451 0.16862745098039217 1 0.058823529411764705 0.058823529411764705 0.12941176470588237 1 0.011764705882352941 0.011764705882352941 0.08235294117647059 1 0.00392156862745098 0.00392156862745098 0.07450980392156863 1 0 0 0.058823529411764705 1 0 0 0.03529411764705882 1 0.0784313725490196 0.0784313725490196 0.14901960784313725 1 0.07058823529411765 0.07058823529411765 0.1411764705882353 1 0.22745098039215686 0.22745098039215686 0.29411764705882354 1 0.21568627450980393 0.21568627450980393 0.2823529411764706 1 0.3058823529411765 0.3058823529411765 0.37254901960784315 1 0.29411764705882354 0.29411764705882354 0.3607843137254902 1 0.32941176470588235 0.32941176470588235 0.396078431372549 1 0.3176470588235294 0.3176470588235294 0.38823529411764707 1 0.41568627450980394 0.41568627450980394 0.48627450980392156 1 0.40784313725490196 0.40784313725490196 0.4745098039215686 1 0.43137254901960786 0.43137254901960786 0.5019607843137255 1 0.42745098039215684 0.42745098039215684 0.4980392156862745 1 0.40784313725490196 0.40784313725490196 0.47843137254901963 1 0.396078431372549 0.396078431372549 0.4666666666666667 1 0.36470588235294116 0.36470588235294116 0.43137254901960786 1 0.3764705882352941 0.3764705882352941 0.44313725490196076 1 0 0 0.027450980392156862 1 0 0 0.050980392156862744 1 0 0 0.01568627450980392 1 0 0 0.00784313725490196 1 0 0 0.06274509803921569 1 0.13725490196078433 0.13725490196078433 0.20784313725490197 1 0.01568627450980392 0.01568627450980392 0.08627450980392157 1 0.13333333333333333 0.13333333333333333 0.20392156862745098 1 0.00784313725490196 0.00784313725490196 0.0784313725490196 1 0.12549019607843137 0.12549019607843137 0.19215686274509805 1 0.11764705882352941 0.11764705882352941 0.18823529411764706 1 0 0 0.054901960784313725 1 0.03529411764705882 0.03529411764705882 0.10196078431372549 1 0.0196078431372549 0.0196078431372549 0.09019607843137255 1 0.00784313725490196 0.00784313725490196 0.00784313725490196 1 0.10980392156862745 0.10980392156862745 0.10980392156862745 1 0.19215686274509805 0.19215686274509805 0.25882352941176473 1 0.06274509803921569 0.06274509803921569 0.13333333333333333 1 0.20392156862745098 0.20392156862745098 0.27058823529411763 1 0.25098039215686274 0.25098039215686274 0.3176470588235294 1 0.12156862745098039 0.12156862745098039 0.19215686274509805 1 0.14901960784313725 0.15294117647058825 0.20392156862745098 1 0.10980392156862745 0.10980392156862745 0.1803921568627451 1 0.12941176470588237 0.12941176470588237 0.19607843137254902 1 0.25882352941176473 0.25882352941176473 0.3254901960784314 1 0.10196078431372549 0.10196078431372549 0.16862745098039217 1 0.26666666666666666 0.26666666666666666 0.3333333333333333 1 0.11764705882352941 0.11764705882352941 0.1843137254901961 1 0.15294117647058825 0.15294117647058825 0.2196078431372549 1 0.08627450980392157 0.08627450980392157 0.1568627450980392 1 0.2196078431372549 0.2196078431372549 0.28627450980392155 1 0.1450980392156863 0.1450980392156863 0.21568627450980393 1 0.23921568627450981 0.23921568627450981 0.30980392156862746 1 0.1843137254901961 0.1843137254901961 0.2549019607843137 1 0.1607843137254902 0.1607843137254902 0.23137254901960785 1 0.0392156862745098 0.0392156862745098 0.10588235294117647 1 0.23921568627450981 0.23921568627450981 0.3058823529411765 1 0.24705882352941178 0.24705882352941178 0.3176470588235294 1 0.011764705882352941 0.011764705882352941 0.0784313725490196 1 0.26666666666666666 0.26666666666666666 0.33725490196078434 1 0.12549019607843137 0.12549019607843137 0.19607843137254902 1 0.2627450980392157 0.2627450980392157 0.3333333333333333 1 0 0 0.0392156862745098 1 0.29411764705882354 0.29411764705882354 0.36470588235294116 1 0.2980392156862745 0.2980392156862745 0.3686274509803922 1 0.16862745098039217 0.16862745098039217 0.23529411764705882 1 0.1803921568627451 0.1803921568627451 0.25098039215686274 1 0.0392156862745098 0.0392156862745098 0.10980392156862745 1 0.36470588235294116 0.36470588235294116 0.37254901960784315 1 0.2901960784313726 0.2901960784313726 0.2980392156862745 1 0.047058823529411764 0.047058823529411764 0.054901960784313725 1 0.19215686274509805 0.19215686274509805 0.2 1 0.06274509803921569 0.06274509803921569 0.07058823529411765 1 0.2 0.2 0.20784313725490197 1 0.07450980392156863 0.07450980392156863 0.08235294117647059 1 0.23529411764705882 0.23529411764705882 0.24313725490196078 1 0.10196078431372549 0.10196078431372549 0.10980392156862745 1 0.11764705882352941 0.11764705882352941 0.12549019607843137 1 0.10588235294117647 0.10588235294117647 0.11372549019607843 1 0.16862745098039217 0.16862745098039217 0.17647058823529413 1 0.21568627450980393 0.21568627450980393 0.2235294117647059 1 0.16470588235294117 0.16470588235294117 0.17254901960784313 1 0.16862745098039217 0.16862745098039217 0.23921568627450981 1 0.12941176470588237 0.12941176470588237 0.2 1 0.054901960784313725 0.054901960784313725 0.12156862745098039 1 0.12941176470588237 0.12941176470588237 0.13725490196078433 1 0.0784313725490196 0.0784313725490196 0.12941176470588237 1 0.054901960784313725 0.054901960784313725 0.06274509803921569 1 0.00784313725490196 0.00784313725490196 0.01568627450980392 1 0.1843137254901961 0.1843137254901961 0.19215686274509805 1 0.2 0.2 0.27058823529411763 1 0.24705882352941178 0.24705882352941178 0.29411764705882354 1 0.11372549019607843 0.11372549019607843 0.1843137254901961 1 0.2196078431372549 0.2196078431372549 0.22745098039215686 1 0.24313725490196078 0.24313725490196078 0.25098039215686274 1 0.2627450980392157 0.2627450980392157 0.27058823529411763 1 0.2784313725490196 0.2784313725490196 0.28627450980392155 1 0.38823529411764707 0.38823529411764707 0.4588235294117647 1 0.20392156862745098 0.20392156862745098 0.27450980392156865 1 0.25882352941176473 0.25882352941176473 0.32941176470588235 1 0.3215686274509804 0.3215686274509804 0.38823529411764707 1 0.403921568627451 0.403921568627451 0.4745098039215686 1 0.33725490196078434 0.33725490196078434 0.34509803921568627 1 0.42745098039215684 0.42745098039215684 0.43529411764705883 1 0.4470588235294118 0.4470588235294118 0.4549019607843137 1 0.4549019607843137 0.4549019607843137 0.4627450980392157 1 0.41568627450980394 0.41568627450980394 0.4235294117647059 1 0.4235294117647059 0.4235294117647059 0.43529411764705883 1 0.027450980392156862 0.027450980392156862 0.09411764705882353 1 0.07450980392156863 0.07450980392156863 0.1411764705882353 1 0.00784313725490196 0.00784313725490196 0.07450980392156863 1 0.07450980392156863 0.07450980392156863 0.1450980392156863 1 0.38823529411764707 0.38823529411764707 0.4 1 0.3843137254901961 0.3843137254901961 0.39215686274509803 1 0.3333333333333333 0.3333333333333333 0.3411764705882353 1 0.35294117647058826 0.35294117647058826 0.3607843137254902 1 0.3607843137254902 0.3607843137254902 0.3686274509803922 1 0.3215686274509804 0.3215686274509804 0.32941176470588235 1 0.19607843137254902 0.19607843137254902 0.20392156862745098 1 0.3254901960784314 0.3254901960784314 0.3333333333333333 1 0.18823529411764706 0.18823529411764706 0.19607843137254902 1 0.16470588235294117 0.16470588235294117 0.18823529411764706 1 0.2784313725490196 0.2784313725490196 0.30196078431372547 1 0.1843137254901961 0.1843137254901961 0.20784313725490197 1 0.2 0.2 0.2235294117647059 1 0.1803921568627451 0.1803921568627451 0.20392156862745098 1 0.17647058823529413 0.17647058823529413 0.2 1 0.1411764705882353 0.1411764705882353 0.16862745098039217 1 0.14901960784313725 0.14901960784313725 0.17647058823529413 1 0.4117647058823529 0.4117647058823529 0.4196078431372549 1 0.4666666666666667 0.4666666666666667 0.4745098039215686 1 0.39215686274509803 0.39215686274509803 0.4 1 0.403921568627451 0.403921568627451 0.4117647058823529 1 0.40784313725490196 0.40784313725490196 0.41568627450980394 1 0.3058823529411765 0.3058823529411765 0.3137254901960784 1 0.3254901960784314 0.3254901960784314 0.396078431372549 1 0.2235294117647059 0.2235294117647059 0.23137254901960785 1 0.44313725490196076 0.44313725490196076 0.45098039215686275 1 0.047058823529411764 0.047058823529411764 0.11372549019607843 1 0 0 0.00392156862745098 1 0.1803921568627451 0.1803921568627451 0.18823529411764706 1 0.1607843137254902 0.1607843137254902 0.16862745098039217 1 0.5098039215686274 0.5098039215686274 0.5176470588235295 1 0.45098039215686275 0.45098039215686275 0.4588235294117647 1 0.3137254901960784 0.3137254901960784 0.3215686274509804 1 0.34509803921568627 0.34509803921568627 0.35294117647058826 1 0.4196078431372549 0.4196078431372549 0.42745098039215684 1 0.5372549019607843 0.5372549019607843 0.5450980392156862 1 0.43137254901960786 0.43137254901960786 0.4392156862745098 1 0.1607843137254902 0.1607843137254902 0.18823529411764706 1 0.13725490196078433 0.13725490196078433 0.1607843137254902 1 0.16470588235294117 0.16470588235294117 0.23529411764705882 1 0.28627450980392155 0.28627450980392155 0.29411764705882354 1 0.2980392156862745 0.2980392156862745 0.3058823529411765 1 0.06666666666666667 0.06666666666666667 0.06666666666666667 1 0.19607843137254902 0.19607843137254902 0.25882352941176473 1 0.2196078431372549 0.2196078431372549 0.2823529411764706 1 0.24313725490196078 0.24313725490196078 0.3058823529411765 1 0.17254901960784313 0.17254901960784313 0.19607843137254902 1 0.17647058823529413 0.17647058823529413 0.1843137254901961 1 0.03137254901960784 0.03137254901960784 0.0392156862745098 1 0.1568627450980392 0.1568627450980392 0.16470588235294117 1 0.1568627450980392 0.1568627450980392 0.1568627450980392 1 0.13333333333333333 0.13333333333333333 0.13333333333333333 1 0.20392156862745098 0.20392156862745098 0.22745098039215686 1 0.4196078431372549 0.4196078431372549 0.47843137254901963 1 0.13725490196078433 0.13725490196078433 0.1450980392156863 1 0.20784313725490197 0.20784313725490197 0.21568627450980393 1 0 0 0.0196078431372549 1 0.0784313725490196 0.0784313725490196 0.08627450980392157 1 0.0392156862745098 0.0392156862745098 0.047058823529411764 1 0.01568627450980392 0.01568627450980392 0.023529411764705882 1 0.16470588235294117 0.16470588235294117 0.23137254901960785 1 0.17254901960784313 0.17254901960784313 0.24313725490196078 1 0.1411764705882353 0.1411764705882353 0.21176470588235294 1 0.043137254901960784 0.043137254901960784 0.10980392156862745 1 0.17254901960784313 0.17254901960784313 0.23921568627450981 1 0.043137254901960784 0.043137254901960784 0.11372549019607843 1 0 0 0.06666666666666667 1 0.34509803921568627 0.34509803921568627 0.4117647058823529 1 0.30980392156862746 0.30980392156862746 0.3803921568627451 1 0.07058823529411765 0.07058823529411765 0.13725490196078433 1 0.10980392156862745 0.10980392156862745 0.17647058823529413 1 0.09411764705882353 0.09411764705882353 0.16470588235294117 1 0.10196078431372549 0.10196078431372549 0.17254901960784313 1 0.36470588235294116 0.36470588235294116 0.43529411764705883 1 0.050980392156862744 0.050980392156862744 0.12156862745098039 1 0.023529411764705882 0.023529411764705882 0.09411764705882353 1 0.19607843137254902 0.19607843137254902 0.26666666666666666 1 0 0 0.047058823529411764 1 0.1411764705882353 0.1411764705882353 0.20784313725490197 1 0.1803921568627451 0.1803921568627451 0.24705882352941178 1 0.2549019607843137 0.2549019607843137 0.3215686274509804 1 0.21176470588235294 0.21176470588235294 0.2823529411764706 1 0.21568627450980393 0.21568627450980393 0.28627450980392155 1 0.13725490196078433 0.13725490196078433 0.20392156862745098 1 0.5058823529411764 0.5058823529411764 0.5764705882352941 1 0.4745098039215686 0.4745098039215686 0.5411764705882353 1 0.027450980392156862 0.027450980392156862 0.09803921568627451 1 0.27058823529411763 0.27058823529411763 0.3411764705882353 1 0.19607843137254902 0.19607843137254902 0.2627450980392157 1 0 0 0.03137254901960784 1 0.17647058823529413 0.17647058823529413 0.24313725490196078 1 0.5333333333333333 0.5333333333333333 0.6039215686274509 1 0.3764705882352941 0.3764705882352941 0.3843137254901961 1 0.11372549019607843 0.11372549019607843 0.17647058823529413 1 0.1450980392156863 0.1450980392156863 0.20784313725490197 1 0.15294117647058825 0.15294117647058825 0.17647058823529413 1 0.1607843137254902 0.1607843137254902 0.1803921568627451 1 0.3803921568627451 0.3803921568627451 0.45098039215686275 1 0.20784313725490197 0.20784313725490197 0.2784313725490196 1 0.27058823529411763 0.27058823529411763 0.2784313725490196 1 0.07058823529411765 0.07058823529411765 0.0784313725490196 1 0.12156862745098039 0.12156862745098039 0.12941176470588237 1 0.24705882352941178 0.24705882352941178 0.25882352941176473 1 0.25098039215686274 0.25098039215686274 0.25882352941176473 1 0.26666666666666666 0.26666666666666666 0.27450980392156865 1 0.25098039215686274 0.25098039215686274 0.25098039215686274 1 0.27450980392156865 0.27450980392156865 0.29411764705882354 1 0.29411764705882354 0.29411764705882354 0.30196078431372547 1 0.3058823529411765 0.3058823529411765 0.3176470588235294 1 0.19215686274509805 0.19215686274509805 0.25098039215686274 1 0.12156862745098039 0.12156862745098039 0.12156862745098039 1 0.09411764705882353 0.09411764705882353 0.10196078431372549 1 0.15294117647058825 0.15294117647058825 0.17254901960784313 1 0.1803921568627451 0.1803921568627451 0.1803921568627451 1 0.12549019607843137 0.12549019607843137 0.13333333333333333 1 0.12941176470588237 0.12941176470588237 0.1411764705882353 1 0.23921568627450981 0.23921568627450981 0.24705882352941178 1 0.09019607843137255 0.09019607843137255 0.09803921568627451 1 0.1450980392156863 0.1450980392156863 0.15294117647058825 1 0.3411764705882353 0.3411764705882353 0.403921568627451 1 0.27450980392156865 0.27450980392156865 0.2823529411764706 1 0.40784313725490196 0.40784313725490196 0.4196078431372549 1 0.4392156862745098 0.4392156862745098 0.4470588235294118 1 0.37254901960784315 0.37254901960784315 0.3803921568627451 1 0.4470588235294118 0.4470588235294118 0.5176470588235295 1 0.39215686274509803 0.39215686274509803 0.4588235294117647 1 0.38823529411764707 0.38823529411764707 0.4549019607843137 1 0.4196078431372549 0.4196078431372549 0.49019607843137253 1 0.42745098039215684 0.42745098039215684 0.49411764705882355 1 0.4117647058823529 0.4117647058823529 0.4823529411764706 1 0.4235294117647059 0.4235294117647059 0.49411764705882355 1 0.43137254901960786 0.43137254901960786 0.4980392156862745 1 0.41568627450980394 0.41568627450980394 0.4823529411764706 1 0.4196078431372549 0.4196078431372549 0.48627450980392156 1 0.403921568627451 0.403921568627451 0.47058823529411764 1 0.4 0.4 0.47058823529411764 1 0.22745098039215686 0.22745098039215686 0.2901960784313726 1 0.12156862745098039 0.12156862745098039 0.18823529411764706 1 0.054901960784313725 0.054901960784313725 0.12549019607843137 1 0.3215686274509804 0.3215686274509804 0.3803921568627451 1 0.10588235294117647 0.10588235294117647 0.12941176470588237 1 0.12941176470588237 0.12941176470588237 0.18823529411764706 1</float_array>
                    <technique_common>
                        <accessor count="270" source="#colorarray13" stride="4">
                            <param name="R" type="float"/>
                            <param name="G" type="float"/>
                            <param name="B" type="float"/>
                            <param name="A" type="float"/>
                        </accessor>
                    </technique_common>
                </source>
                <vertices id="vertices13">
                    <input semantic="POSITION" source="#points13"/>
                </vertices>
                <polylist count="534" material="Material1">
                    <input offset="0" semantic="VERTEX" source="#vertices13"/>
                    <input offset="1" semantic="TEXCOORD" source="#uvs13" set="0"/>
                    <input offset="2" semantic="COLOR" source="#colors13" set="0"/>
                    <vcount>3 3 3 3 3 3 3 3 3 3 3 3 3 3 3 3 3 3 3 3 3 3 3 3 3 3 3 3 3 3 3 3 3 3 3 3 3 3 3 3 3 3 3 3 3 3 3 3 3 3 3 3 3 3 3 3 3 3 3 3 3 3 3 3 3 3 3 3 3 3 3 3 3 3 3 3 3 3 3 3 3 3 3 3 3 3 3 3 3 3 3 3 3 3 3 3 3 3 3 3 3 3 3 3 3 3 3 3 3 3 3 3 3 3 3 3 3 3 3 3 3 3 3 3 3 3 3 3 3 3 3 3 3 3 3 3 3 3 3 3 3 3 3 3 3 3 3 3 3 3 3 3 3 3 3 3 3 3 3 3 3 3 3 3 3 3 3 3 3 3 3 3 3 3 3 3 3 3 3 3 3 3 3 3 3 3 3 3 3 3 3 3 3 3 3 3 3 3 3 3 3 3 3 3 3 3 3 3 3 3 3 3 3 3 3 3 3 3 3 3 3 3 3 3 3 3 3 3 3 3 3 3 3 3 3 3 3 3 3 3 3 3 3 3 3 3 3 3 3 3 3 3 3 3 3 3 3 3 3 3 3 3 3 3 3 3 3 3 3 3 3 3 3 3 3 3 3 3 3 3 3 3 3 3 3 3 3 3 3 3 3 3 3 3 3 3 3 3 3 3 3 3 3 3 3 3 3 3 3 3 3 3 3 3 3 3 3 3 3 3 3 3 3 3 3 3 3 3 3 3 3 3 3 3 3 3 3 3 3 3 3 3 3 3 3 3 3 3 3 3 3 3 3 3 3 3 3 3 3 3 3 3 3 3 3 3 3 3 3 3 3 3 3 3 3 3 3 3 3 3 3 3 3 3 3 3 3 3 3 3 3 3 3 3 3 3 3 3 3 3 3 3 3 3 3 3 3 3 3 3 3 3 3 3 3 3 3 3 3 3 3 3 3 3 3 3 3 3 3 3 3 3 3 3 3 3 3 3 3 3 3 3 3 3 3 3 3 3 3 3 3 3 3 3 3 3 3 3 3 3 3 3 3 3 3 3 3 3 3 3 3 3 3 3 3 3 3 3 3 3 3 3 3 3 3 3 3 3 3 3 3 3 3 3 3 3 3 3 3 3 3 3 3 3 3 3 3 3 3 3 3 3 3 3 3 3 3 3 3 3 3 3 3 3 3 3 3 3 3 3 3 3 3 3</vcount>
                    <p>2 2 0 1 1 1 0 0 0 3 3 2 1 1 1 2 2 0 4 4 0 3 3 2 2 2 0 5 5 3 3 3 2 4 4 0 6 6 0 5 5 3 4 4 0 7 7 0 5 5 3 6 6 0 8 8 0 7 7 0 6 6 0 9 9 4 7 7 0 8 8 0 10 10 4 9 9 4 8 8 0 11 11 4 9 9 4 10 10 4 12 12 4 11 11 4 10 10 4 13 13 4 11 11 4 12 12 4 14 14 0 13 13 4 12 12 4 15 15 4 13 13 4 14 14 0 16 16 0 15 15 4 14 14 0 17 17 5 15 15 4 16 16 0 18 18 0 17 17 5 16 16 0 19 19 6 17 17 5 18 18 0 20 20 7 19 19 6 18 18 0 21 21 8 19 19 6 20 20 7 22 22 0 21 21 8 20 20 7 23 23 7 21 21 8 22 22 0 24 24 9 23 23 7 22 22 0 25 25 4 23 23 7 24 24 9 26 26 0 25 25 4 24 24 9 27 27 10 25 25 4 26 26 0 28 28 0 27 27 10 26 26 0 29 29 11 27 27 10 28 28 0 30 30 0 29 29 11 28 28 0 31 31 12 29 29 11 30 30 0 0 0 0 31 31 12 30 30 0 1 1 1 31 31 12 0 0 0 34 34 15 33 33 14 32 32 13 35 35 16 33 33 14 34 34 15 36 36 17 35 35 16 34 34 15 37 37 18 35 35 16 36 36 17 38 38 19 37 37 18 36 36 17 39 39 20 37 37 18 38 38 19 40 40 21 39 39 20 38 38 19 41 41 22 39 39 20 40 40 21 42 42 23 41 41 22 40 40 21 43 43 24 41 41 22 42 42 23 44 44 25 43 43 24 42 42 23 45 45 26 43 43 24 44 44 25 46 46 27 45 45 26 44 44 25 47 47 28 45 45 26 46 46 27 48 48 29 47 47 28 46 46 27 49 49 30 47 47 28 48 48 29 50 50 31 49 49 30 48 48 29 51 51 32 49 49 30 50 50 31 52 52 33 51 51 32 50 50 31 53 53 34 51 51 32 52 52 33 54 54 35 53 53 34 52 52 33 57 56 36 56 33 36 55 55 36 58 35 36 56 33 36 57 56 36 59 57 36 58 35 36 57 56 36 60 37 36 58 35 36 59 57 36 61 58 36 60 37 36 59 57 36 62 39 36 60 37 36 61 58 36 63 59 36 62 39 36 61 58 36 64 41 37 62 39 36 63 59 36 65 60 38 64 41 37 63 59 36 66 43 18 64 41 37 65 60 38 67 61 9 66 43 18 65 60 38 68 45 39 66 43 18 67 61 9 69 62 9 68 45 39 67 61 9 70 47 16 68 45 39 69 62 9 71 63 9 70 47 16 69 62 9 72 49 16 70 47 16 71 63 9 73 64 9 72 49 16 71 63 9 74 51 19 72 49 16 73 64 9 75 65 9 74 51 19 73 64 9 76 66 40 74 51 19 75 65 9 79 69 43 78 68 42 77 67 41 80 70 44 78 68 42 79 69 43 81 71 45 80 70 44 79 69 43 82 72 44 80 70 44 81 71 45 83 73 46 82 72 44 81 71 45 84 74 47 82 72 44 83 73 46 85 75 48 84 74 47 83 73 46 86 76 36 84 74 47 85 75 48 87 77 49 86 76 36 85 75 48 88 78 9 86 76 36 87 77 49 89 79 9 88 78 9 87 77 49 90 80 9 88 78 9 89 79 9 91 81 9 90 80 9 89 79 9 92 82 9 90 80 9 91 81 9 93 83 9 92 82 9 91 81 9 94 84 9 92 82 9 93 83 9 95 85 9 94 84 9 93 83 9 96 86 9 94 84 9 95 85 9 97 87 9 96 86 9 95 85 9 100 90 9 99 89 9 98 88 9 101 91 9 99 89 9 100 90 9 102 92 50 101 91 9 100 90 9 103 93 9 101 91 9 102 92 50 104 94 51 103 93 9 102 92 50 105 95 9 103 93 9 104 94 51 106 96 51 105 95 9 104 94 51 107 97 9 105 95 9 106 96 51 108 98 51 107 97 9 106 96 51 109 99 9 107 97 9 108 98 51 110 100 51 109 99 9 108 98 51 111 101 9 109 99 9 110 100 51 112 102 51 111 101 9 110 100 51 113 103 9 111 101 9 112 102 51 114 104 51 113 103 9 112 102 51 115 105 9 113 103 9 114 104 51 118 108 53 117 107 29 116 106 52 119 67 54 117 107 29 118 108 53 120 109 37 119 67 54 118 108 53 121 33 55 119 67 54 120 109 37 122 110 56 121 33 55 120 109 37 123 111 57 121 33 55 122 110 56 116 106 52 123 111 57 122 110 56 117 112 29 123 111 57 116 106 52 125 114 59 53 53 34 124 113 58 126 51 60 53 53 34 125 114 59 127 85 61 126 51 60 125 114 59 128 49 62 126 51 60 127 85 61 129 83 63 128 49 62 127 85 61 130 115 64 128 49 62 129 83 63 131 116 39 130 115 64 129 83 63 132 117 65 128 49 62 130 115 64 133 47 66 128 49 62 132 117 65 134 81 67 133 47 66 132 117 65 135 45 68 133 47 66 134 81 67 136 79 69 135 45 68 134 81 67 137 118 70 135 45 68 136 79 69 138 119 71 137 118 70 136 79 69 141 37 73 140 120 42 139 35 72 142 121 74 140 120 42 141 37 73 143 71 75 142 121 74 141 37 73 144 122 76 142 121 74 143 71 75 145 69 77 144 122 76 143 71 75 146 123 58 144 122 76 145 69 77 140 120 42 146 123 58 145 69 77 149 41 79 148 124 78 147 39 60 150 125 45 148 124 78 149 41 79 151 75 80 150 125 45 149 41 79 152 126 81 150 125 45 151 75 80 153 73 82 152 126 81 151 75 80 154 127 83 152 126 81 153 73 82 148 124 78 154 127 83 153 73 82 157 130 9 156 129 85 155 128 84 158 131 9 156 129 85 157 130 9 159 132 9 158 131 9 157 130 9 160 133 9 158 131 9 159 132 9 161 134 9 160 133 9 159 132 9 162 135 9 160 133 9 161 134 9 165 138 88 164 137 87 163 136 86 166 139 89 164 137 87 165 138 88 167 140 90 166 139 89 165 138 88 168 141 91 166 139 89 167 140 90 169 142 92 168 141 91 167 140 90 170 143 93 168 141 91 169 142 92 173 146 93 172 145 94 171 144 94 174 147 94 172 145 94 173 146 93 175 148 95 174 147 94 173 146 93 176 149 93 174 147 94 175 148 95 177 150 96 176 149 93 175 148 95 178 151 97 176 149 93 177 150 96 179 87 98 124 113 58 53 53 34 180 152 9 124 113 58 179 87 98 127 85 61 180 152 9 179 87 98 181 153 38 180 152 9 127 85 61 125 114 59 181 153 38 127 85 61 184 156 101 183 155 100 182 154 99 185 157 101 183 155 100 184 156 101 186 158 101 185 157 101 184 156 101 187 159 101 185 157 101 186 158 101 188 160 101 187 159 101 186 158 101 191 163 36 190 162 36 189 161 102 192 164 103 190 162 36 191 163 36 193 165 104 192 164 103 191 163 36 194 166 103 192 164 103 193 165 104 195 167 104 194 166 103 193 165 104 198 170 41 197 169 106 196 168 105 199 171 107 197 169 106 198 170 41 200 172 108 199 171 107 198 170 41 123 111 57 199 171 107 200 172 108 201 32 9 123 111 57 200 172 108 204 175 89 203 174 110 202 173 109 205 176 111 203 174 110 204 175 89 206 168 112 205 176 111 204 175 89 207 177 112 205 176 111 206 168 112 208 178 113 123 111 57 117 112 29 199 171 107 123 111 57 208 178 113 209 179 33 199 171 107 208 178 113 210 169 114 199 171 107 209 179 33 213 182 9 212 181 9 211 180 9 214 183 9 212 181 9 213 182 9 98 184 9 214 183 9 213 182 9 99 185 9 214 183 9 98 184 9 53 188 34 215 187 115 179 186 98 216 189 116 215 187 115 53 188 34 54 190 35 216 189 116 53 188 34 217 191 117 216 189 116 54 190 35 220 192 120 219 128 119 218 129 118 221 193 121 219 128 119 220 192 120 222 194 122 221 193 121 220 192 120 223 195 123 221 193 121 222 194 122 226 187 125 225 196 124 224 186 124 227 197 126 225 196 124 226 187 125 182 154 99 227 197 126 226 187 125 228 155 127 227 197 126 182 154 99 231 148 130 230 198 129 229 150 128 232 199 131 230 198 129 231 148 130 233 146 85 232 199 131 231 148 130 234 144 111 232 199 131 233 146 85 237 202 134 236 201 133 235 200 132 238 203 135 236 201 133 237 202 134 239 158 136 238 203 135 237 202 134 240 156 95 238 203 135 239 158 136 243 205 139 242 129 138 241 204 137 244 192 140 242 129 138 243 205 139 245 206 137 244 192 140 243 205 139 246 194 141 244 192 140 245 206 137 247 208 142 246 207 141 245 206 137 248 209 143 246 207 141 247 208 142 249 210 142 248 209 143 247 208 142 250 211 144 248 209 143 249 210 142 253 214 146 252 213 145 251 212 121 254 215 147 252 213 145 253 214 146 255 216 148 254 215 147 253 214 146 256 217 149 254 215 147 255 216 148 258 154 151 257 218 150 240 156 95 259 219 34 257 218 150 258 154 151 215 187 115 259 219 34 258 154 151 216 189 116 259 219 34 215 187 115 262 222 9 261 221 153 260 220 152 263 217 120 261 221 153 262 222 9 264 223 150 263 217 120 262 222 9 265 77 52 138 119 71 136 79 69 266 224 18 138 119 71 265 77 52 267 225 154 266 224 18 265 77 52 134 81 67 131 116 39 129 83 63 268 226 155 131 116 39 134 81 67 132 117 65 268 226 155 134 81 67 271 229 157 270 228 156 269 227 136 272 175 105 270 228 156 271 229 157 196 168 105 272 175 105 271 229 157 189 161 102 273 231 36 32 230 13 274 232 36 273 231 36 189 161 102 190 162 36 274 232 36 189 161 102 229 150 128 276 234 159 275 233 158 277 235 149 276 234 159 229 150 128 230 198 129 277 235 149 229 150 128 159 132 9 278 236 9 161 134 9 279 237 9 278 236 9 159 132 9 157 130 9 279 237 9 159 132 9 267 225 154 135 45 68 137 118 70 280 43 68 135 45 68 267 225 154 265 77 52 280 43 68 267 225 154 283 239 132 282 200 135 281 238 118 284 199 160 282 200 135 283 239 132 285 198 161 284 199 160 283 239 132 287 240 163 263 217 120 286 223 162 288 215 164 263 217 120 287 240 163 276 213 159 288 215 164 287 240 163 290 241 142 289 211 165 249 210 142 291 242 137 289 211 165 290 241 142 292 243 166 291 242 137 290 241 142 77 67 41 294 244 15 293 107 167 295 245 17 294 244 15 77 67 41 78 68 42 295 245 17 77 67 41 238 203 135 296 247 112 236 246 133 297 248 168 296 247 112 238 203 135 298 249 169 297 248 168 238 203 135 301 252 7 300 251 171 299 250 170 302 253 172 300 251 171 301 252 7 303 254 173 302 253 172 301 252 7 304 255 174 292 243 166 290 241 142 305 228 175 292 243 166 304 255 174 269 227 136 305 228 175 304 255 174 308 258 9 307 257 9 306 256 9 309 259 9 307 257 9 308 258 9 262 222 9 309 259 9 308 258 9 163 136 86 311 261 177 310 260 176 312 262 157 311 261 177 163 136 86 164 137 87 312 262 157 163 136 86 315 265 173 314 264 178 313 263 173 316 266 179 314 264 178 315 265 173 317 267 179 316 266 179 315 265 173 320 98 181 319 97 180 318 99 180 321 96 181 319 97 180 320 98 181 323 95 180 321 96 181 322 94 181 319 97 180 321 96 181 323 95 180 324 202 101 172 145 94 188 160 101 171 144 94 172 145 94 324 202 101 279 269 9 325 128 169 278 268 9 157 130 9 325 128 169 279 269 9 327 129 135 160 270 9 326 204 182 158 131 9 160 270 9 327 129 135 329 272 9 306 271 9 328 223 183 308 273 9 306 271 9 329 272 9 262 222 9 329 272 9 264 223 150 308 258 9 329 272 9 262 222 9 309 274 9 330 216 9 307 274 9 331 275 9 330 216 9 309 274 9 273 231 36 333 276 36 332 230 184 334 277 36 333 276 36 273 231 36 337 167 176 336 278 185 335 166 185 338 279 103 336 278 185 337 167 176 341 279 187 340 280 9 339 278 186 342 281 9 340 280 9 341 279 187 344 283 9 342 281 9 343 282 9 340 280 9 342 281 9 344 283 9 347 282 38 346 284 9 345 283 38 348 285 9 346 284 9 347 282 38 348 285 9 349 286 9 346 284 9 350 287 9 349 286 9 348 285 9 350 287 9 351 288 9 349 286 9 352 289 9 351 288 9 350 287 9 352 292 9 353 291 9 351 290 9 354 293 9 353 291 9 352 292 9 354 293 9 161 134 9 353 291 9 162 135 9 161 134 9 354 293 9 357 125 31 356 294 188 355 126 34 358 295 189 356 294 188 357 125 31 361 121 192 360 296 191 359 122 190 362 297 193 360 296 191 361 121 192 365 109 18 364 298 36 363 108 194 366 299 36 364 298 36 365 109 18 369 106 196 368 301 190 367 300 195 370 302 190 368 301 190 369 106 196 373 113 198 372 303 38 371 152 197 374 304 38 372 303 38 373 113 198 377 115 72 376 305 37 375 116 167 378 306 194 376 305 37 377 115 72 381 307 9 380 224 53 379 119 126 382 308 17 380 224 53 381 307 9 385 119 80 384 310 200 383 309 199 386 118 201 384 310 200 385 119 80 389 225 202 388 312 36 387 311 36 390 224 203 388 312 36 389 225 202 393 313 61 392 127 69 391 126 204 394 314 200 392 127 69 393 313 61 397 124 47 396 316 36 395 315 36 398 127 18 396 316 36 397 124 47 401 318 37 400 124 206 399 317 205 402 125 207 400 124 206 401 318 37 405 319 190 404 123 208 403 122 115 406 320 99 404 123 208 405 319 190 409 120 209 408 322 83 407 321 202 410 123 188 408 322 83 409 120 209 413 324 36 412 120 42 411 323 36 414 121 44 412 120 42 413 324 36 417 325 59 416 106 210 415 108 54 418 326 43 416 106 210 417 325 59 421 328 19 420 110 211 419 327 205 422 109 76 420 110 211 421 328 19 180 329 9 424 153 9 423 152 9 425 330 9 424 153 9 180 329 9 428 332 43 427 114 212 426 331 43 429 113 213 427 114 212 428 332 43 432 114 215 431 334 44 430 333 214 433 153 216 431 334 44 432 114 215 436 335 9 435 226 9 434 116 9 437 336 9 435 226 9 436 335 9 440 117 218 439 338 217 438 337 19 441 226 58 439 338 217 440 117 218 444 340 41 443 117 219 442 339 41 445 115 219 443 117 219 444 340 41 222 207 122 446 141 147 223 341 123 447 209 220 446 141 147 222 207 122 450 181 223 449 182 222 448 180 221 451 183 224 449 182 222 450 181 223 294 342 15 452 178 225 293 112 167 453 343 226 452 178 225 294 342 15 455 169 23 207 177 112 454 168 227 209 179 33 207 177 112 455 169 23 311 261 177 457 344 103 456 260 228 458 176 229 457 344 103 311 261 177 460 174 231 459 243 230 202 173 109 461 262 232 459 243 230 460 174 231 462 347 51 115 346 9 114 345 51 463 348 9 115 346 9 462 347 51 466 351 137 465 350 233 464 349 233 467 352 234 465 350 233 466 351 137 461 262 232 468 242 235 459 243 230 469 137 236 468 242 235 461 262 232 469 137 236 470 211 150 468 242 235 471 139 133 470 211 150 469 137 236 474 355 233 473 354 233 472 353 233 475 356 233 473 354 233 474 355 233 476 359 237 450 358 223 448 357 221 477 349 238 450 358 223 476 359 237 470 211 150 446 141 147 447 209 220 471 139 133 446 141 147 470 211 150 170 143 93 479 193 231 478 195 231 480 360 239 479 193 231 170 143 93 278 268 9 479 193 231 480 360 239 481 128 231 479 193 231 278 268 9 477 349 238 482 361 240 450 358 223 483 350 238 482 361 240 477 349 238 483 350 238 484 362 241 482 361 240 485 363 178 484 362 241 483 350 238 485 363 178 486 364 241 484 362 241 487 365 233 486 364 241 485 363 178 487 365 233 488 366 241 486 364 241 489 367 233 488 366 241 487 365 233 234 144 111 235 200 132 232 199 131 237 202 134 235 200 132 234 144 111 489 367 233 490 368 241 488 366 241 491 369 233 490 368 241 489 367 233 493 150 89 492 370 242 178 151 97 494 233 232 492 370 242 493 150 89 494 372 232 495 371 243 492 370 242 496 240 235 495 371 243 494 372 232 496 240 235 497 271 176 495 371 243 498 223 244 497 271 176 496 240 235 75 375 9 499 374 9 76 373 40 500 376 9 499 374 9 75 375 9 500 376 9 501 377 9 499 374 9 502 378 9 501 377 9 500 376 9 502 378 9 503 379 9 501 377 9 504 380 9 503 379 9 502 378 9 504 380 9 505 381 9 503 379 9 506 382 9 505 381 9 504 380 9 506 382 9 507 383 9 505 381 9 508 384 9 507 383 9 506 382 9 508 384 9 509 385 9 507 383 9 510 386 9 509 385 9 508 384 9 510 386 9 511 387 9 509 385 9 512 388 9 511 387 9 510 386 9 512 388 9 513 389 9 511 387 9 514 390 9 513 389 9 512 388 9 514 390 9 515 391 9 513 389 9 516 392 9 515 391 9 514 390 9 518 394 9 516 392 9 517 393 9 515 391 9 516 392 9 518 394 9 517 397 9 519 396 9 518 395 9 520 398 9 519 396 9 517 397 9 330 221 9 520 398 9 307 257 9 519 396 9 520 398 9 330 221 9 453 343 226 521 179 26 452 178 225 522 399 41 521 179 26 453 343 226 522 399 41 523 177 245 521 179 26 524 400 103 523 177 245 522 399 41 491 369 233 525 356 241 490 368 241 526 355 233 525 356 241 491 369 233 527 401 246 196 168 105 271 229 157 198 170 41 196 168 105 527 401 246 525 356 241 529 402 233 528 354 241 526 355 233 529 402 233 525 356 241 458 176 229 524 400 103 457 344 103 523 177 245 524 400 103 458 176 229 530 359 181 466 351 137 464 349 233 531 403 247 466 351 137 530 359 181 467 352 234 532 363 233 465 350 233 533 404 233 532 363 233 467 352 234 533 404 233 534 365 233 532 363 233 535 364 233 534 365 233 533 404 233 536 247 248 282 200 135 236 246 133 281 238 118 282 200 135 536 247 248 535 364 233 537 367 233 534 365 233 538 366 233 537 367 233 535 364 233 539 405 249 285 198 161 283 239 132 540 406 250 285 198 161 539 405 249 540 406 250 541 235 251 285 198 161 251 212 121 541 235 251 540 406 250 538 366 233 542 369 233 537 367 233 543 368 233 542 369 233 538 366 233 546 118 253 545 224 252 544 225 252 547 119 254 545 224 252 546 118 253 550 125 256 549 127 255 548 124 28 551 126 31 549 127 255 550 125 256 554 121 117 553 123 257 552 120 117 555 122 257 553 123 257 554 121 117 558 109 260 557 106 259 556 110 258 559 108 261 557 106 259 558 109 260 562 113 263 561 153 262 560 114 29 563 152 33 561 153 262 562 113 263 566 115 29 565 226 263 564 117 117 567 116 263 565 226 263 566 115 29 265 409 52 149 408 79 280 407 68 151 410 80 149 408 79 265 409 52 121 33 55 145 69 77 119 67 54 139 35 72 145 69 77 121 33 55 333 411 36 56 33 36 332 230 184 55 55 36 56 33 36 333 411 36 543 368 233 474 355 233 542 369 233 475 356 233 474 355 233 543 368 233 570 89 224 569 90 264 568 88 237 571 91 224 569 90 264 570 89 224 574 413 266 573 225 30 572 412 265 575 118 113 573 225 30 574 413 266 577 347 9 212 414 9 576 348 9 211 415 9 212 414 9 577 347 9 571 91 224 578 92 267 569 90 264 579 93 268 578 92 267 571 91 224 582 418 9 581 417 269 580 416 269 583 419 9 581 417 269 582 418 9 583 419 9 300 251 171 581 417 269 299 250 170 300 251 171 583 419 9 579 93 268 322 94 181 578 92 267 323 95 180 322 94 181 579 93 268 585 422 179 584 421 173 303 420 173 586 423 179 584 421 173 585 422 179 586 423 179 587 424 173 584 421 173 588 425 179 587 424 173 586 423 179 588 425 179 589 426 173 587 424 173 590 427 179 589 426 173 588 425 179 590 427 179 591 428 173 589 426 173 317 267 179 591 428 173 590 427 179 201 32 9 201 32 9 592 429 9 200 172 108 201 32 9 201 32 9 451 183 224 568 184 237 449 182 222 570 185 224 568 184 237 451 183 224 141 37 73 153 73 82 143 71 75 147 39 60 153 73 82 141 37 73 531 104 247 593 103 180 466 105 137 594 102 181 593 103 180 531 104 247 594 102 181 595 101 180 593 103 180 596 100 181 595 101 180 594 102 181 217 191 117 259 219 34 216 189 116 597 430 260 259 219 34 217 191 117 597 430 260 257 218 150 259 219 34 298 249 169 257 218 150 597 430 260 238 203 135 257 218 150 298 249 169 240 156 95 257 218 150 238 203 135 596 100 181 318 99 180 595 101 180 320 98 181 318 99 180 596 100 181 541 235 251 251 212 121 252 234 145 140 120 42 145 69 77 139 35 72 303 254 173 301 252 7 585 431 179 188 160 101 186 158 101 324 432 101 148 124 78 153 73 82 147 39 60 260 220 152 309 259 9 262 222 9 168 141 91 170 143 93 478 341 231 276 213 159 287 240 163 275 372 158 315 265 173 591 428 173 317 267 179 123 111 57 32 32 13 33 33 14</p>
                </polylist>
            </mesh>
        </geometry>
        <geometry id="mesh14">
            <mesh>
                <source id="points14">
                    <float_array id="pointarray14" count="1143">438 -1132 -986.75 375 -926.75 -1067.25 659 -1006 -1032.75 604.25 -833.5 -1170.25 853.5 -888 -1054.25 819.75 -739.75 -1244 1048.25 -770.5 -1077.75 1041.5 -643 -1296 1242.25 -700.75 -1064.5 1272 -576.5 -1318 1441.5 -694.75 -1029.25 1510.5 -576.75 -1312.75 1607 -761 -1010.75 1686 -663.5 -1298.75 1710.5 -923 -1044.75 1790 -808.75 -1324.25 1723.5 -1112.5 -1127.5 1801.5 -974.75 -1397 1636 -1251.25 -1228.25 1712 -1102.25 -1492.25 1466.5 -1298 -1301.5 1533.5 -1149.25 -1566.5 1253.75 -1318 -1358.25 1280.75 -1162.25 -1597 996.75 -1317.25 -1424.5 1026.25 -1147 -1613.75 799.5 -1309.75 -1483.5 766 -1113.25 -1629.25 -246.75 -1034 -1239.5 -58.25 -1053 -1378.5 216.25 -998.5 -963.25 174.5 -1068 -1512 375 -926.75 -1067.25 483.25 -1091.25 -1597.5 604.25 -833.5 -1170.25 766 -1113.25 -1629.25 819.75 -739.75 -1244 1041.5 -643 -1296 1280.75 -1162.25 -1597 1272 -576.5 -1318 1533.5 -1149.25 -1566.5 1510.5 -576.75 -1312.75 245.25 -1287.25 -1425 208.75 -1310 -1486.5 21.75 -1291.5 -1361.25 -28.5 -1300 -1410.5 -199 -1264.25 -1224.25 -233 -1286.5 -1281 -314.25 -1272 -1132.25 -405.5 -1267.5 -1140.5 -479 -1304 -961 -581.75 -1307.5 -946.75 -573.5 -1338.5 -822 -680.25 -1346.5 -789.25 -716.5 -1370.75 -691.5 208.75 -1310 -1486.5 174.5 -1068 -1512 -28.5 -1300 -1410.5 -58.25 -1053 -1378.5 -233 -1286.5 -1281 -405.5 -1267.5 -1140.5 -407.25 -1013.75 -1066.75 -581.75 -1307.5 -946.75 -571.25 -692 -771.5 -680.25 -1346.5 -789.25 -702.25 -734.75 -517.75 -199 -1264.25 -1224.25 -314.25 -1272 -1132.25 -314.5 -1210 -1119 -479 -1304 -961 -476.75 -1242.25 -946 -573.5 -1338.5 -822 -571.5 -1277 -806.5 -614 -1360.25 -734.25 -611 -1298.25 -720.25 -688.5 -1357.25 -439.5 -683.25 -1296.75 -426 216.25 -998.5 -963.25 268.5 -1225.25 -935.25 85.75 -1054 -838.25 126 -1301 -859 -10 -1058 -723.75 23.25 -1340.25 -773.75 -124.5 -772.25 -480.25 -103.25 -1385.25 -633 -179 -1414 -516.5 156 -1161.75 392.25 153.75 -1183.5 480 346.75 -1159 389 346.75 -1182 481.75 567.75 -975.5 348 568 -998.5 440.75 687.75 -955 352.75 688 -978 445.75 878.25 -843.75 478.5 932 -717.75 411 804 -767.75 395.5 878 -820.75 385.5 659.5 -869.75 370.5 687.75 -955 352.75 560.5 -876.75 369 567.75 -975.5 348 346.75 -1159 389 -295.25 -1382.25 -350.5 -218.5 -1417.25 -415.75 -294 -1409.5 -447 -179 -1414 -516.5 -258 -1406.25 -548 -103.25 -1385.25 -633 -134 -1364 -718.25 -0.25 -1320 -848.25 568 -998.5 440.75 659.75 -894.5 469.75 688 -978 445.75 804.25 -792.5 494.75 878.25 -843.75 478.5 845.25 -714.25 514 932.25 -740.75 504 858 -636.25 533.25 687 -854.75 -51.75 687.25 -878 42.5 877 -720.5 -19 877.25 -743.75 75.5 931.25 -617.5 6.25 931.25 -641 101 948.75 -536.25 126.75 438 -1132 -986.75 414.75 -1152.25 -1052.25 268.5 -1225.25 -935.25 242.5 -1228.75 -1002.5 126 -1301 -859 93.5 -1284 -916.25 153 -722.75 569 153.75 -1183.5 480 -119 -724.25 574.5 -122.25 -1184.75 485 -418.5 -689.25 433.5 -431 -1258.75 313 -735 -624 170 -397 -1250.25 220 -431 -1258.75 313 -97 -1163 396.75 -122.25 -1184.75 485 153.75 -1183.5 480 931.25 -641 101 844.5 -614.25 111 948.75 -536.25 126.75 857.5 -533.75 130.75 943 -526 125.75 853.25 -526 126.5 483.25 -1091.25 -1597.5 530 -1308 -1511.25 766 -1113.25 -1629.25 -216.5 -1222.5 -366.5 -295.5 -1235.75 -311.25 -79.25 -1106 -204.75 -132.25 -1135.25 -126.75 52.25 -1030.5 -137.25 27.25 -1053.25 -45.25 -773.75 -1363.75 -412.25 -614.75 -1292.75 -81.5 -695.75 -1309 -46.75 1048.25 -770.5 -1077.75 1242.25 -700.75 -1064.5 1191 -777.75 -1104.5 1441.5 -694.75 -1029.25 1380.75 -767.25 -1077 1538.75 -820.5 -1061 -615.5 -1227 -89.25 -614.75 -1292.75 -81.5 -397 -1250.25 220 -97 -1163 396.75 -137.5 -1099.5 398.5 156 -1161.75 392.25 155.5 -1159.25 390.75 -614 -1360.25 -734.25 864.75 -626 529.75 858 -636.25 533.25 633.5 -615.75 488 845.25 -714.25 514 804.25 -792.5 494.75 659.75 -894.5 469.75 560.75 -910 466 547.5 -809.5 440.25 780.25 -1258.5 -1434 999 -1211 -1428.5 1004 -1252.25 -1375.5 1200 -1207.75 -1378 1196.75 -1250 -1326 537 -1270.75 -1449 523.25 -1215.25 -1476 769.75 -1211.25 -1476.25 949.25 -611.75 437.25 858.25 -609.25 434.75 845 -689.75 415 239 -1224.75 -1427.75 245.25 -1287.25 -1425 17.5 -1228 -1353.25 21.75 -1291.5 -1361.25 -226.25 -545.5 -177.75 -199.75 -773.25 -359.5 -216.5 -1222.5 -366.5 -218.5 -1417.25 -415.75 346.75 -1182 481.75 409.75 -917.25 525.25 560.75 -910 466 864.75 -626 529.75 944 -625.75 528.75 949.5 -635.75 530 346.75 -986.75 428.25 85.25 -1003.5 438 -314.25 -1167.75 -328.25 -162.5 -1079.25 -117.25 -132.25 -1135.25 -126.75 -10.75 -993.25 -29.75 27.25 -1053.25 -45.25 -124.5 -772.25 -480.25 -571.25 -692 -771.5 -10 -1058 -723.75 932.25 -740.75 504 932 -717.75 411 878 -820.75 385.5 634.75 -1055 -1095.25 659 -1006 -1032.75 824.75 -958.75 -1110.5 853.5 -888 -1054.25 -199.75 -773.25 -359.5 -226.25 -545.5 -177.75 -702.25 -734.75 -517.75 -841.25 -540.25 -199.5 877 -720.5 -19 931.25 -617.5 6.25 803.25 -667.5 -9 844.25 -589.25 10.25 803.25 -667.5 -9 658.5 -769.5 -33.75 687 -854.75 -51.75 559.75 -785 -37.5 567 -875 -56.5 128.25 -895.5 3 344.5 -891.25 43.25 168 -1053.75 -43.25 344.25 -1066.25 -3 560 -801.5 65 567.25 -898.5 37.75 658.75 -794.5 66.5 687.25 -878 42.5 803.25 -692.5 91.5 877.25 -743.75 75.5 949.25 -611.75 437.25 949.5 -635.75 530 943.75 -604.5 442.75 944 -625.75 528.75 168 -1053.75 -43.25 128.25 -895.5 3 -124.5 -772.25 -480.25 -199.75 -773.25 -359.5 1644 -1081 -1145 1557.25 -1187 -1223.75 1664 -1050.5 -1209.25 1565.25 -1146.25 -1285.5 1790 -808.75 -1324.25 1686 -663.5 -1298.75 1801.5 -974.75 -1397 1712 -1102.25 -1492.25 -302.5 -1297.75 -422 -294 -1409.5 -447 -295.5 -1235.75 -311.25 170.25 -1032 -131 344.25 -1042.75 -97.75 170.5 -783 -55 420.75 -783 -36.75 567 -875 -56.5 344.25 -1042.75 -97.75 567.25 -898.5 37.75 344.25 -1066.25 -3 153.5 -930.25 545 153.75 -1183.5 480 -435.5 -1170 212.25 -841.25 -540.25 -199.5 170.25 -1032 -131 168 -1053.75 -43.25 942.75 -504 38 948 -513 32 943 -526 125.75 863.75 -504 37.5 856.75 -512.25 29.25 942.75 -504 38 948 -513 32 399.5 -1093.25 -1068.75 229 -1166.25 -1011.75 414.75 -1152.25 -1052.25 242.5 -1228.75 -1002.5 81.25 -1219 -916 93.5 -1284 -916.25 634.75 -1055 -1095.25 620.25 -1001.75 -1126 824.75 -958.75 -1110.5 814 -912 -1155.25 1013 -856.75 -1119.5 1008.5 -821.5 -1174.5 1191 -777.75 -1104.5 1194.25 -732.75 -1168.75 -7 -1255.5 -840.75 -0.25 -1320 -848.25 -134.75 -1302 -705 -134 -1364 -718.25 -200.5 -1201.75 -1214.5 1380.75 -767.25 -1077 1391.75 -738.75 -1144.5 1200 -1207.75 -1378 1407 -1185.25 -1345.5 1396.25 -1227.5 -1282.25 -260 -1344.5 -533.5 -258 -1406.25 -548 1555.75 -792.25 -1127.25 1538.75 -820.5 -1061 1655.75 -911.5 -1148.25 1555.75 -792.25 -1127.25 1635.5 -940.75 -1083.25 1664 -1050.5 -1209.25 1655.75 -911.5 -1148.25 1644 -1081 -1145 1635.5 -940.75 -1083.25 1407 -1185.25 -1345.5 -260 -1344.5 -533.5 -302.5 -1297.75 -422 -258 -1406.25 -548 -294 -1409.5 -447 537 -1270.75 -1449 530 -1308 -1511.25 1013 -856.75 -1119.5 1607 -761 -1010.75 1635.5 -940.75 -1083.25 780.25 -1258.5 -1434 1004 -1252.25 -1375.5 799.5 -1309.75 -1483.5 996.75 -1317.25 -1424.5 1196.75 -1250 -1326 1253.75 -1318 -1358.25 1396.25 -1227.5 -1282.25 1466.5 -1298 -1301.5 1557.25 -1187 -1223.75 1636 -1251.25 -1228.25 1710.5 -923 -1044.75 1644 -1081 -1145 1723.5 -1112.5 -1127.5 853.75 -604.25 442.25 803.25 -667.5 -9 844.25 -589.25 10.25 632.5 -514.5 80 856.75 -512.25 29.25 -216.5 -1222.5 -366.5 -79.25 -1106 -204.75 -226.25 -545.5 -177.75 -92 -572.25 -38 375 -926.75 -1067.25 52.25 -1030.5 -137.25 171 -583 5.5 -218.5 -1417.25 -415.75 -295.25 -1382.25 -350.5 420.75 -783 -36.75 559.75 -785 -37.5 554.25 -711.5 31.25 85.75 -1054 -838.25 23.25 -1340.25 -773.75 -702.25 -734.75 -517.75 -841.25 -540.25 -199.5 -716.5 -1370.75 -691.5 -773.75 -1363.75 -412.25 128.25 -895.5 3 168 -1053.75 -43.25 803.25 -667.5 -9 658.5 -769.5 -33.75 85.25 -1003.5 438 863.75 -504 37.5 632.5 -514.5 80 560.75 -910 466 409.75 -917.25 525.25 170.25 -1032 -131 658.5 -769.5 -33.75</float_array>
                    <technique_common>
                        <accessor count="381" source="#pointarray14" stride="3">
                            <param name="X" type="float"/>
                            <param name="Y" type="float"/>
                            <param name="Z" type="float"/>
                        </accessor>
                    </technique_common>
                </source>
                <source id="uvs14">
                    <float_array id="uvarray14" count="658">4.29833984375 6.314453125 4.29833984375 6.92724609375 4.751953125 6.314453125 4.751953125 6.92724609375 5.18603515625 6.314453125 5.18603515625 6.92724609375 5.60302734375 6.314453125 5.56982421875 6.92724609375 6.1044921875 6.314453125 6.0380859375 6.92724609375 6.55517578125 6.314453125 6.55517578125 6.92724609375 6.931640625 6.314453125 6.931640625 6.92724609375 7.31103515625 6.30615234375 7.31103515625 6.92724609375 7.7509765625 6.29541015625 7.7509765625 6.92919921875 8.1552734375 6.29541015625 8.11474609375 6.92919921875 8.5478515625 6.29541015625 8.63427734375 6.92919921875 9.0595703125 6.29541015625 9.107421875 6.92919921875 9.68408203125 6.29541015625 9.5751953125 6.92919921875 10.17529296875 6.29541015625 10.13720703125 6.92919921875 6.3837890625 -5.69482421875 6.3837890625 -6.0126953125 7.48828125 -6.140625 6.35009765625 -6.48974609375 7.48828125 -6.4658203125 6.36328125 -6.9404296875 7.48828125 -6.970703125 6.37451171875 -7.3984375 7.5146484375 -7.34521484375 6.4013671875 -7.744140625 7.47265625 -7.66796875 6.41259765625 -8.1357421875 7.51953125 -8.06103515625 6.42431640625 -8.470703125 7.53466796875 -8.42626953125 11.3017578125 9.87646484375 11.3017578125 9.62548828125 10.673828125 9.87646484375 10.673828125 9.62548828125 9.890625 9.87646484375 9.9189453125 9.62548828125 9.5439453125 9.87646484375 9.4365234375 9.62548828125 9.08544921875 9.87646484375 8.93359375 9.62548828125 8.73388671875 9.87646484375 8.6142578125 9.62548828125 8.46484375 9.62548828125 -9.82861328125 -0.49609375 -9.78125 0.078125 -9.15087890625 -0.470703125 -9.15185546875 0.123046875 -8.6904296875 -0.4150390625 -8.69140625 0.189453125 -8.33544921875 -0.314453125 -8.31396484375 0.279296875 -7.92431640625 -0.29443359375 -7.8955078125 1.14111328125 -7.64892578125 -0.29443359375 -7.7119140625 1.18505859375 -8.66796875 -0.34619140625 -8.40380859375 -0.3173828125 -8.40625 -0.17529296875 -7.9990234375 -0.29443359375 -8.00048828125 -0.15185546875 -7.7275390625 -0.29443359375 -7.72802734375 -0.15185546875 -7.57470703125 -0.29443359375 -7.57763671875 -0.15185546875 -7.1552734375 -0.12841796875 -7.15625 0.0107421875 -9.1884765625 0.33544921875 -9.16357421875 -0.26123046875 -8.80908203125 0.3515625 -8.806640625 -0.3056640625 -8.60009765625 0.4052734375 -8.5859375 -0.31005859375 -8.12890625 1.12353515625 -8.13134765625 -0.29443359375 -7.8671875 -0.29443359375 -0.57861328125 0.19189453125 -0.5830078125 0.43359375 -0.21533203125 0.18212890625 -0.21484375 0.43701171875 0.51806640625 -0.0419921875 0.5185546875 0.21337890625 0.78369140625 -0.04296875 0.7841796875 0.212890625 1.4033203125 0.21142578125 1.63134765625 0.1220703125 1.2900390625 -0.017578125 1.4873046875 -0.16064453125 0.90478515625 -0.29736328125 0.98046875 -0.529296875 0.64111328125 -0.31640625 0.66064453125 -0.5849609375 0.07080078125 -1.03369140625 -0.26611328125 11.69287109375 -0.0244140625 11.853515625 -0.0244140625 11.46142578125 0.24072265625 11.853515625 0.20703125 11.46142578125 0.8291015625 11.853515625 0.982421875 11.46142578125 1.52392578125 11.46142578125 0.6611328125 -0.5849609375 0.9052734375 -0.29736328125 0.98095703125 -0.529296875 1.29052734375 -0.017578125 1.48779296875 -0.16064453125 1.39990234375 0.197265625 1.6318359375 0.1220703125 1.43408203125 0.4111328125 0.7822265625 -1.154296875 0.78271484375 -0.89453125 1.4013671875 -1.15576171875 1.40185546875 -0.8955078125 1.703125 -1.15576171875 1.70361328125 -0.89599609375 1.93896484375 -0.89599609375 2.87939453125 11.853515625 2.87939453125 11.46142578125 2.2841796875 11.853515625 2.2841796875 11.46142578125 1.8955078125 11.853515625 1.9150390625 11.46142578125 -4.783203125 1.7685546875 -4.7685546875 0.525390625 -5.34619140625 1.798828125 -5.33154296875 0.50341796875 -6.0078125 1.798828125 -6.00146484375 0.34912109375 -6.60546875 1.79833984375 -6.00146484375 -4.5537109375 -6.00146484375 -4.8359375 -4.861328125 -4.5537109375 -4.861328125 -4.8359375 -4.0009765625 -4.5537109375 -4.0009765625 -4.8359375 1.62939453125 0.1220703125 1.39794921875 0.197265625 1.67578125 0.4091796875 1.4326171875 0.41845703125 1.66064453125 0.435546875 1.4208984375 0.435546875 11.3984375 6.85498046875 11.3984375 6.3154296875 10.7060546875 6.8984375 10.67529296875 6.31103515625 -7.9345703125 -3.24072265625 -7.92626953125 -3.62451171875 -6.97119140625 -3.24072265625 -6.962890625 -3.62451171875 -6.2060546875 -3.24072265625 -6.2060546875 -3.62451171875 -8.9443359375 -4.5537109375 -8.9443359375 -4.8359375 -7.70458984375 -4.5537109375 -7.70458984375 -4.8359375 6.0380859375 6.04296875 6.55517578125 6.04296875 6.931640625 6.04296875 -6.72119140625 0.1845703125 -6.62744140625 0.041015625 -6.0361328125 0.34912109375 -5.611328125 0.6220703125 -5.71044921875 0.765625 -5.2314453125 0.7470703125 -5.23388671875 0.75146484375 8.53271484375 9.87646484375 8.38134765625 9.62548828125 8.38623046875 9.8779296875 1.4521484375 0.435546875 0.83544921875 0.435546875 0.6416015625 -0.33984375 0.6064453125 -0.0966796875 10.13720703125 6.05322265625 9.5751953125 5.83544921875 9.5751953125 6.05322265625 9.107421875 5.83544921875 9.107421875 6.05322265625 10.7060546875 6.05322265625 10.7060546875 5.83544921875 10.13720703125 5.83544921875 1.67724609375 0.4130859375 1.4345703125 0.41845703125 1.3994140625 0.197265625 -9.814453125 -0.306640625 -9.8310546875 -0.4306640625 -9.3046875 -0.2763671875 -9.30712890625 -0.41064453125 -7.646484375 1.78125 -7.8798828125 1.18701171875 -7.685546875 0.2041015625 -7.69580078125 -0.2470703125 0.0712890625 -1.03369140625 0.2392578125 -0.32080078125 1.6630859375 0.435546875 1.677734375 0.41064453125 0.07080078125 -0.56298828125 -0.6259765625 -0.60009765625 -0.43701171875 -1.0390625 -6.89892578125 0.1845703125 -6.400390625 0.4951171875 -6.32958984375 0.3515625 -6.06005859375 0.765625 -5.98486328125 0.6220703125 7.48828125 -4.84814453125 6.3837890625 -4.60498046875 7.48828125 -5.6103515625 6.3837890625 -5.3466796875 1.705078125 0.21142578125 1.70458984375 -0.04443359375 1.40283203125 -0.0439453125 4.751953125 6.04296875 5.18603515625 6.04296875 7.48828125 -4.31103515625 7.48828125 -3.78076171875 6.3837890625 -4.31103515625 6.3837890625 -3.77734375 1.48486328125 -0.16064453125 1.62890625 0.1220703125 1.28759765625 -0.017578125 1.39697265625 0.197265625 0.90234375 -0.29736328125 0.97802734375 -0.529296875 0.638671875 -0.33984375 0.658203125 -0.5849609375 -0.5107421875 -0.60009765625 0.06494140625 -0.56298828125 -0.4052734375 -1.0390625 0.06494140625 -1.04541015625 0.63916015625 -0.31640625 0.65869140625 -0.5849609375 0.90283203125 -0.29736328125 0.978515625 -0.529296875 1.2880859375 -0.017578125 1.4853515625 -0.16064453125 1.66259765625 0.435546875 -5.68896484375 0.7470703125 -5.7705078125 0.89990234375 7.7509765625 6.05322265625 8.125 6.05322265625 7.7509765625 5.83544921875 8.11474609375 5.83544921875 7.1435546875 -8.86279296875 7.41552734375 -8.6630859375 6.81298828125 -8.884765625 6.5419921875 -8.71337890625 -7.01611328125 0.0107421875 -7.00634765625 -0.2470703125 -7.548828125 -0.134765625 -7.54345703125 0.20556640625 -0.2685546875 -1.02685546875 0.06396484375 -1.04541015625 -0.2685546875 -0.33349609375 0.2685546875 -0.33447265625 0.5166015625 -1.15380859375 -0.228515625 -1.15283203125 0.51708984375 -0.8935546875 -0.22802734375 -0.892578125 -0.443359375 -0.341796875 -0.443359375 -1.0390625 -6.12744140625 0.4951171875 1.94287109375 -0.04443359375 1.94140625 0.21142578125 -7.12109375 1.78125 -6.603515625 0.041015625 -5.712890625 -3.24072265625 -5.712890625 -3.62451171875 1.66015625 0.435546875 1.673828125 0.40869140625 1.44921875 0.435546875 1.4306640625 0.40869140625 -10.15087890625 0.17919921875 -9.44775390625 0.05078125 -10.20703125 0.0595703125 -9.46240234375 -0.0810546875 -8.52294921875 -0.0859375 -8.51318359375 -0.2265625 4.29833984375 6.04296875 4.29833984375 5.83740234375 4.751953125 5.83740234375 11.3984375 5.84521484375 11.3984375 6.06298828125 5.18603515625 5.83740234375 5.56982421875 6.04296875 5.56982421875 5.83740234375 6.0380859375 5.83740234375 -8.16650390625 -0.12646484375 -8.158203125 -0.2685546875 -7.66455078125 -0.15185546875 -7.65966796875 -0.29443359375 -8.6708984375 -0.205078125 6.55517578125 5.83740234375 8.63427734375 5.83544921875 8.63427734375 6.05322265625 -7.21435546875 -0.15185546875 -7.2119140625 -0.29443359375 6.931640625 5.83740234375 7.31103515625 5.83740234375 7.31103515625 6.04296875 1.4228515625 0.435546875 0.8330078125 0.435546875 -6.4345703125 0.34912109375 -6.40380859375 1.798828125 3.99560546875 6.314453125 3.99560546875 6.92724609375 -6.12255859375 0.5537109375 -5.80859375 1.798828125 0.62451171875 -0.10546875 7.48828125 -5.84912109375 -0.55126953125 -1.15185546875 -0.55615234375 -0.89404296875 1.42041015625 11.853515625 -7.49609375 -0.29443359375 -7.13427734375 -0.12841796875 -5.7705078125 1.1162109375 -5.3427734375 0.89990234375 1.9375 -1.15576171875 -5.86376953125 0.56201171875</float_array>
                    <technique_common>
                        <accessor count="329" source="#uvarray14" stride="2">
                            <param name="S" type="float"/>
                            <param name="T" type="float"/>
                        </accessor>
                    </technique_common>
                </source>
                <source id="colors14">
                    <float_array id="colorarray14" count="800">0.4 0.4 0.4235294117647059 1 0.3215686274509804 0.3215686274509804 0.34509803921568627 1 0.38823529411764707 0.38823529411764707 0.4117647058823529 1 0.3764705882352941 0.3764705882352941 0.4235294117647059 1 0.3803921568627451 0.3803921568627451 0.4235294117647059 1 0.396078431372549 0.396078431372549 0.44313725490196076 1 0.39215686274509803 0.39215686274509803 0.43529411764705883 1 0.4588235294117647 0.4588235294117647 0.5058823529411764 1 0.5764705882352941 0.5764705882352941 0.6196078431372549 1 0.5333333333333333 0.5333333333333333 0.5803921568627451 1 0.592156862745098 0.592156862745098 0.6352941176470588 1 0.5568627450980392 0.5568627450980392 0.6039215686274509 1 0.5215686274509804 0.5215686274509804 0.5647058823529412 1 0.49019607843137253 0.49019607843137253 0.5372549019607843 1 0.40784313725490196 0.40784313725490196 0.4549019607843137 1 0.37254901960784315 0.37254901960784315 0.4196078431372549 1 0.2980392156862745 0.2980392156862745 0.34509803921568627 1 0.2784313725490196 0.2784313725490196 0.3254901960784314 1 0.24313725490196078 0.24313725490196078 0.2901960784313726 1 0.2196078431372549 0.2196078431372549 0.26666666666666666 1 0.20392156862745098 0.20392156862745098 0.25098039215686274 1 0.1843137254901961 0.1843137254901961 0.23137254901960785 1 0.23921568627450981 0.23921568627450981 0.28627450980392155 1 0.18823529411764706 0.18823529411764706 0.23529411764705882 1 0.1568627450980392 0.1568627450980392 0.1568627450980392 1 0.1843137254901961 0.1843137254901961 0.2 1 0.1568627450980392 0.1568627450980392 0.17254901960784313 1 0.21568627450980393 0.21568627450980393 0.23921568627450981 1 0.17254901960784313 0.17254901960784313 0.19215686274509805 1 0.22745098039215686 0.22745098039215686 0.25098039215686274 1 0.2196078431372549 0.2196078431372549 0.23921568627450981 1 0.21176470588235294 0.21176470588235294 0.25882352941176473 1 0.1803921568627451 0.1803921568627451 0.22745098039215686 1 0.2235294117647059 0.2235294117647059 0.27058823529411763 1 0.20784313725490197 0.20784313725490197 0.2549019607843137 1 0.38823529411764707 0.38823529411764707 0.40784313725490196 1 0.3803921568627451 0.3803921568627451 0.403921568627451 1 0.32941176470588235 0.32941176470588235 0.34901960784313724 1 0.3254901960784314 0.3254901960784314 0.3411764705882353 1 0.27058823529411763 0.27058823529411763 0.27058823529411763 1 0.2549019607843137 0.2549019607843137 0.2549019607843137 1 0.23529411764705882 0.23529411764705882 0.23529411764705882 1 0.2196078431372549 0.2196078431372549 0.2196078431372549 1 0.17254901960784313 0.17254901960784313 0.17254901960784313 1 0.12156862745098039 0.12156862745098039 0.12156862745098039 1 0.11764705882352941 0.11764705882352941 0.11764705882352941 1 0.043137254901960784 0.043137254901960784 0.043137254901960784 1 0.16470588235294117 0.16470588235294117 0.18823529411764706 1 0.1568627450980392 0.1568627450980392 0.1803921568627451 1 0.1803921568627451 0.1803921568627451 0.1803921568627451 1 0.16862745098039217 0.16862745098039217 0.16862745098039217 1 0.12549019607843137 0.12549019607843137 0.12549019607843137 1 0.10980392156862745 0.10980392156862745 0.10980392156862745 1 0.14901960784313725 0.14901960784313725 0.14901960784313725 1 0.09019607843137255 0.09019607843137255 0.09019607843137255 1 0.13333333333333333 0.13333333333333333 0.13333333333333333 1 0.09411764705882353 0.09411764705882353 0.09411764705882353 1 0.3176470588235294 0.3176470588235294 0.33725490196078434 1 0.3803921568627451 0.3803921568627451 0.4 1 0.3607843137254902 0.3607843137254902 0.3607843137254902 1 0.19607843137254902 0.19607843137254902 0.19607843137254902 1 0.011764705882352941 0.011764705882352941 0.011764705882352941 1 0.3411764705882353 0.3411764705882353 0.3411764705882353 1 0.3176470588235294 0.3176470588235294 0.3176470588235294 1 0.4117647058823529 0.4117647058823529 0.4117647058823529 1 0.42745098039215684 0.42745098039215684 0.42745098039215684 1 0.45098039215686275 0.45098039215686275 0.45098039215686275 1 0.38823529411764707 0.38823529411764707 0.38823529411764707 1 0.43137254901960786 0.43137254901960786 0.43137254901960786 1 0.4627450980392157 0.4627450980392157 0.4627450980392157 1 0.5137254901960784 0.5137254901960784 0.5137254901960784 1 0.15294117647058825 0.15294117647058825 0.15294117647058825 1 0.058823529411764705 0.058823529411764705 0.058823529411764705 1 0.047058823529411764 0.047058823529411764 0.047058823529411764 1 0.2980392156862745 0.2980392156862745 0.2980392156862745 1 0.2784313725490196 0.2784313725490196 0.2784313725490196 1 0.2627450980392157 0.2627450980392157 0.2627450980392157 1 0.25098039215686274 0.25098039215686274 0.25098039215686274 1 0.26666666666666666 0.26666666666666666 0.26666666666666666 1 0.47843137254901963 0.47843137254901963 0.47843137254901963 1 0.4196078431372549 0.4196078431372549 0.4196078431372549 1 0.5411764705882353 0.5411764705882353 0.5411764705882353 1 0.5333333333333333 0.5333333333333333 0.5333333333333333 1 0.6235294117647059 0.6235294117647059 0.6235294117647059 1 0.5490196078431373 0.5490196078431373 0.5490196078431373 1 0.6509803921568628 0.6509803921568628 0.6509803921568628 1 0.5058823529411764 0.5058823529411764 0.5058823529411764 1 0.41568627450980394 0.41568627450980394 0.41568627450980394 1 0.4745098039215686 0.4745098039215686 0.4745098039215686 1 0.48627450980392156 0.48627450980392156 0.48627450980392156 1 0.5215686274509804 0.5215686274509804 0.5215686274509804 1 0.5254901960784314 0.5254901960784314 0.5254901960784314 1 0.4392156862745098 0.4392156862745098 0.4627450980392157 1 0.4117647058823529 0.4117647058823529 0.43529411764705883 1 0.3803921568627451 0.3803921568627451 0.396078431372549 1 0.34509803921568627 0.34509803921568627 0.3607843137254902 1 0.28627450980392155 0.28627450980392155 0.28627450980392155 1 0 0 0 1 0.44313725490196076 0.44313725490196076 0.44313725490196076 1 0.34901960784313724 0.34901960784313724 0.34901960784313724 1 0.24313725490196078 0.24313725490196078 0.24313725490196078 1 0.4470588235294118 0.4470588235294118 0.4470588235294118 1 0.3764705882352941 0.3764705882352941 0.3764705882352941 1 0.4235294117647059 0.4235294117647059 0.4235294117647059 1 0.47058823529411764 0.47058823529411764 0.47058823529411764 1 0.3058823529411765 0.3058823529411765 0.3058823529411765 1 0.23921568627450981 0.23921568627450981 0.23921568627450981 1 0.20392156862745098 0.20392156862745098 0.22745098039215686 1 0.19215686274509805 0.19215686274509805 0.23529411764705882 1 0.17647058823529413 0.17647058823529413 0.17647058823529413 1 0.33725490196078434 0.33725490196078434 0.33725490196078434 1 0.396078431372549 0.396078431372549 0.396078431372549 1 0.3137254901960784 0.3137254901960784 0.3137254901960784 1 0.3215686274509804 0.3215686274509804 0.3215686274509804 1 0.25882352941176473 0.25882352941176473 0.25882352941176473 1 0.5411764705882353 0.5411764705882353 0.5882352941176471 1 0.5254901960784314 0.5254901960784314 0.5686274509803921 1 0.5686274509803921 0.5686274509803921 0.615686274509804 1 0.5568627450980392 0.5568627450980392 0.6 1 0.050980392156862744 0.050980392156862744 0.050980392156862744 1 0.11372549019607843 0.11372549019607843 0.11372549019607843 1 0.1450980392156863 0.1450980392156863 0.1450980392156863 1 0.4588235294117647 0.4588235294117647 0.4588235294117647 1 0.4392156862745098 0.4392156862745098 0.4392156862745098 1 0.32941176470588235 0.32941176470588235 0.32941176470588235 1 0.21568627450980393 0.21568627450980393 0.21568627450980393 1 0.1568627450980392 0.1568627450980392 0.2 1 0.09803921568627451 0.09803921568627451 0.1411764705882353 1 0.13725490196078433 0.13725490196078433 0.1843137254901961 1 0.1450980392156863 0.1450980392156863 0.18823529411764706 1 0.13725490196078433 0.13725490196078433 0.1803921568627451 1 0.1843137254901961 0.1843137254901961 0.20784313725490197 1 0.13333333333333333 0.13333333333333333 0.1568627450980392 1 0.10588235294117647 0.10588235294117647 0.14901960784313725 1 0.13725490196078433 0.13725490196078433 0.13725490196078433 1 0.08235294117647059 0.08235294117647059 0.08235294117647059 1 0.14901960784313725 0.14901960784313725 0.17254901960784313 1 0.14901960784313725 0.14901960784313725 0.16470588235294117 1 0.21568627450980393 0.21568627450980393 0.23137254901960785 1 0.10588235294117647 0.10588235294117647 0.10588235294117647 1 0.35294117647058826 0.35294117647058826 0.35294117647058826 1 0.5176470588235295 0.5176470588235295 0.5176470588235295 1 0.403921568627451 0.403921568627451 0.403921568627451 1 0.09803921568627451 0.09803921568627451 0.09803921568627451 1 0.20784313725490197 0.20784313725490197 0.20784313725490197 1 0.4980392156862745 0.4980392156862745 0.4980392156862745 1 0.44313725490196076 0.44313725490196076 0.4666666666666667 1 0.4627450980392157 0.4627450980392157 0.48627450980392156 1 0.4823529411764706 0.4823529411764706 0.5294117647058824 1 0.5098039215686274 0.5098039215686274 0.5529411764705883 1 0.18823529411764706 0.18823529411764706 0.18823529411764706 1 0.1607843137254902 0.1607843137254902 0.1607843137254902 1 0.30196078431372547 0.30196078431372547 0.30196078431372547 1 0.36470588235294116 0.36470588235294116 0.36470588235294116 1 0.29411764705882354 0.29411764705882354 0.29411764705882354 1 0.5294117647058824 0.5294117647058824 0.5294117647058824 1 0.1411764705882353 0.1411764705882353 0.1411764705882353 1 0.30980392156862746 0.30980392156862746 0.30980392156862746 1 0.07450980392156863 0.07450980392156863 0.12156862745098039 1 0.10980392156862745 0.10980392156862745 0.15294117647058825 1 0.043137254901960784 0.043137254901960784 0.09019607843137255 1 0.27058823529411763 0.27058823529411763 0.3176470588235294 1 0.2627450980392157 0.2627450980392157 0.30980392156862746 1 0.06666666666666667 0.06666666666666667 0.06666666666666667 1 0.3568627450980392 0.3568627450980392 0.3568627450980392 1 0.3843137254901961 0.3843137254901961 0.3843137254901961 1 0.3333333333333333 0.3333333333333333 0.3333333333333333 1 0.5098039215686274 0.5098039215686274 0.5098039215686274 1 0.043137254901960784 0.043137254901960784 0.06666666666666667 1 0.043137254901960784 0.043137254901960784 0.058823529411764705 1 0.07058823529411765 0.07058823529411765 0.09019607843137255 1 0.054901960784313725 0.054901960784313725 0.0784313725490196 1 0.13333333333333333 0.13333333333333333 0.1803921568627451 1 0.11764705882352941 0.11764705882352941 0.16470588235294117 1 0.1568627450980392 0.1568627450980392 0.20392156862745098 1 0.14901960784313725 0.14901960784313725 0.19607843137254902 1 0.12156862745098039 0.12156862745098039 0.16862745098039217 1 0.1607843137254902 0.1607843137254902 0.20784313725490197 1 0.13333333333333333 0.13333333333333333 0.17647058823529413 1 0.050980392156862744 0.050980392156862744 0.09803921568627451 1 0.12156862745098039 0.12156862745098039 0.16470588235294117 1 0.1450980392156863 0.1450980392156863 0.19215686274509805 1 0.047058823529411764 0.047058823529411764 0.09019607843137255 1 0.1843137254901961 0.1843137254901961 0.22745098039215686 1 0.2196078431372549 0.2196078431372549 0.2627450980392157 1 0.10588235294117647 0.10588235294117647 0.15294117647058825 1 0.4196078431372549 0.4196078431372549 0.44313725490196076 1 0.43137254901960786 0.43137254901960786 0.4549019607843137 1 0.5176470588235295 0.5176470588235295 0.5647058823529412 1 0.5725490196078431 0.5725490196078431 0.6196078431372549 1 0.4549019607843137 0.4549019607843137 0.4980392156862745 1 0.4980392156862745 0.4980392156862745 0.5411764705882353 1 0.4666666666666667 0.4666666666666667 0.5137254901960784 1 0.5490196078431373 0.5490196078431373 0.596078431372549 1 0.5647058823529412 0.5647058823529412 0.611764705882353 1 0.5607843137254902 0.5607843137254902 0.6078431372549019 1 0.5725490196078431 0.5725490196078431 0.615686274509804 1 0.08627450980392157 0.08627450980392157 0.08627450980392157 1 0.3254901960784314 0.3254901960784314 0.34901960784313724 1 0.27450980392156865 0.27450980392156865 0.27450980392156865 1</float_array>
                    <technique_common>
                        <accessor count="200" source="#colorarray14" stride="4">
                            <param name="R" type="float"/>
                            <param name="G" type="float"/>
                            <param name="B" type="float"/>
                            <param name="A" type="float"/>
                        </accessor>
                    </technique_common>
                </source>
                <vertices id="vertices14">
                    <input semantic="POSITION" source="#points14"/>
                </vertices>
                <polylist count="342" material="Material1">
                    <input offset="0" semantic="VERTEX" source="#vertices14"/>
                    <input offset="1" semantic="TEXCOORD" source="#uvs14" set="0"/>
                    <input offset="2" semantic="COLOR" source="#colors14" set="0"/>
                    <vcount>3 3 3 3 3 3 3 3 3 3 3 3 3 3 3 3 3 3 3 3 3 3 3 3 3 3 3 3 3 3 3 3 3 3 3 3 3 3 3 3 3 3 3 3 3 3 3 3 3 3 3 3 3 3 3 3 3 3 3 3 3 3 3 3 3 3 3 3 3 3 3 3 3 3 3 3 3 3 3 3 3 3 3 3 3 3 3 3 3 3 3 3 3 3 3 3 3 3 3 3 3 3 3 3 3 3 3 3 3 3 3 3 3 3 3 3 3 3 3 3 3 3 3 3 3 3 3 3 3 3 3 3 3 3 3 3 3 3 3 3 3 3 3 3 3 3 3 3 3 3 3 3 3 3 3 3 3 3 3 3 3 3 3 3 3 3 3 3 3 3 3 3 3 3 3 3 3 3 3 3 3 3 3 3 3 3 3 3 3 3 3 3 3 3 3 3 3 3 3 3 3 3 3 3 3 3 3 3 3 3 3 3 3 3 3 3 3 3 3 3 3 3 3 3 3 3 3 3 3 3 3 3 3 3 3 3 3 3 3 3 3 3 3 3 3 3 3 3 3 3 3 3 3 3 3 3 3 3 3 3 3 3 3 3 3 3 3 3 3 3 3 3 3 3 3 3 3 3 3 3 3 3 3 3 3 3 3 3 3 3 3 3 3 3 3 3 3 3 3 3 3 3 3 3 3 3 3 3 3 3 3 3 3 3 3 3 3 3 3 3 3 3 3 3 3 3 3 3 3 3 3 3 3 3 3 3 3 3 3 3 3 3</vcount>
                    <p>2 2 0 1 1 1 0 0 0 3 3 2 1 1 1 2 2 0 4 4 3 3 3 2 2 2 0 5 5 3 3 3 2 4 4 3 6 6 4 5 5 3 4 4 3 7 7 3 5 5 3 6 6 4 8 8 5 7 7 3 6 6 4 9 9 6 7 7 3 8 8 5 10 10 7 9 9 6 8 8 5 11 11 7 9 9 6 10 10 7 12 12 8 11 11 7 10 10 7 13 13 9 11 11 7 12 12 8 14 14 10 13 13 9 12 12 8 15 15 11 13 13 9 14 14 10 16 16 12 15 15 11 14 14 10 17 17 13 15 15 11 16 16 12 18 18 14 17 17 13 16 16 12 19 19 15 17 17 13 18 18 14 20 20 16 19 19 15 18 18 14 21 21 17 19 19 15 20 20 16 22 22 18 21 21 17 20 20 16 23 23 19 21 21 17 22 22 18 24 24 20 23 23 19 22 22 18 25 25 21 23 23 19 24 24 20 26 26 22 25 25 21 24 24 20 27 27 23 25 25 21 26 26 22 30 30 26 29 29 25 28 28 24 31 31 27 29 29 25 30 30 26 32 32 28 31 31 27 30 30 26 33 33 29 31 31 27 32 32 28 34 34 30 33 33 29 32 32 28 35 35 20 33 33 29 34 34 30 36 36 20 35 35 20 34 34 30 25 37 21 35 35 20 36 36 20 37 38 31 25 37 21 36 36 20 38 39 32 25 37 21 37 38 31 39 40 33 38 39 32 37 38 31 40 41 34 38 39 32 39 40 33 41 42 22 40 41 34 39 40 33 44 45 37 43 44 36 42 43 35 45 46 38 43 44 36 44 45 37 46 47 39 45 46 38 44 45 37 47 48 40 45 46 38 46 47 39 48 49 41 47 48 40 46 47 39 49 50 42 47 48 40 48 49 41 50 51 43 49 50 42 48 49 41 51 52 44 49 50 42 50 51 43 52 53 45 51 52 44 50 51 43 53 54 46 51 52 44 52 53 45 54 55 46 53 54 46 52 53 45 57 58 26 56 57 48 55 56 47 58 59 26 56 57 48 57 58 26 59 60 24 58 59 26 57 58 26 28 61 24 58 59 26 59 60 24 60 62 24 28 61 24 59 60 24 61 63 24 28 61 24 60 62 24 62 64 24 61 63 24 60 62 24 63 65 24 61 63 24 62 64 24 64 66 24 63 65 24 62 64 24 65 67 24 63 65 24 64 66 24 68 70 51 67 69 50 66 68 49 69 71 24 67 69 50 68 70 51 70 72 52 69 71 24 68 70 51 71 73 53 69 71 24 70 72 52 72 74 54 71 73 53 70 72 52 73 75 55 71 73 53 72 74 54 74 76 56 73 75 55 72 74 54 75 77 46 73 75 55 74 76 56 76 78 46 75 77 46 74 76 56 79 81 42 78 80 58 77 79 57 80 82 59 78 80 58 79 81 42 81 83 60 80 82 59 79 81 42 82 84 59 80 82 59 81 83 60 83 85 61 82 84 59 81 83 60 84 86 62 82 84 59 83 85 61 85 87 63 84 86 62 83 85 61 88 90 65 87 89 65 86 88 64 89 91 66 87 89 65 88 90 65 90 92 67 89 91 66 88 90 65 91 93 68 89 91 66 90 92 67 92 94 66 91 93 68 90 92 67 93 95 69 91 93 68 92 94 66 94 96 70 93 95 69 92 94 66 97 99 45 96 98 72 95 97 71 98 100 46 96 98 72 97 99 45 99 101 73 98 100 46 97 99 45 100 102 46 98 100 46 99 101 73 101 103 46 100 102 46 99 101 73 102 104 46 100 102 46 101 103 46 105 107 74 104 106 63 103 105 51 106 108 75 104 106 63 105 107 74 107 109 40 106 108 75 105 107 74 108 110 76 106 108 75 107 109 40 109 111 77 108 110 76 107 109 40 110 112 78 108 110 76 109 111 77 113 115 81 112 114 80 111 113 79 114 116 82 112 114 80 113 115 81 115 117 83 114 116 82 113 115 81 116 118 84 114 116 82 115 117 83 117 119 85 116 118 84 115 117 83 118 120 86 116 118 84 117 119 85 121 123 88 120 122 65 119 121 87 122 124 89 120 122 65 121 123 88 123 125 90 122 124 89 121 123 88 124 126 91 122 124 89 123 125 90 125 127 91 124 126 91 123 125 90 128 130 94 127 129 93 126 128 92 129 131 95 127 129 93 128 130 94 130 132 74 129 131 95 128 130 94 131 133 96 129 131 95 130 132 74 110 112 78 131 133 96 130 132 74 134 136 97 133 135 98 132 134 97 135 137 99 133 135 98 134 136 97 136 138 46 135 137 99 134 136 97 137 139 100 135 137 99 136 138 46 138 140 46 137 139 100 136 138 46 141 143 102 140 142 101 139 141 65 142 144 68 140 142 101 141 143 102 86 145 64 142 144 68 141 143 102 143 146 103 142 144 68 86 145 64 146 149 66 145 148 105 144 147 104 147 150 106 145 148 105 146 149 66 148 151 41 147 150 106 146 149 66 149 152 46 147 150 106 148 151 41 150 155 48 55 154 47 56 153 48 151 156 107 55 154 47 150 155 48 152 27 108 151 156 107 150 155 48 26 26 22 151 156 107 152 27 108 155 159 111 154 158 110 153 157 109 156 160 111 154 158 110 155 159 111 157 161 112 156 160 111 155 159 111 158 162 113 156 160 111 157 161 112 160 165 114 159 164 46 75 163 46 161 166 46 159 164 46 160 165 114 139 141 65 161 166 46 160 165 114 140 142 101 161 166 46 139 141 65 164 167 116 163 8 115 162 6 9 165 10 117 163 8 115 164 167 116 166 168 115 165 10 117 164 167 116 167 169 118 165 10 117 166 168 115 168 170 119 75 77 46 76 78 46 169 171 52 75 77 46 168 170 119 170 172 46 169 171 52 168 170 119 172 174 46 171 173 46 170 172 46 173 175 46 171 173 46 172 174 46 174 176 46 173 175 46 172 174 46 175 177 120 54 55 46 52 53 45 159 178 46 54 55 46 175 177 120 75 179 46 159 178 46 175 177 120 178 181 97 177 120 64 176 180 121 179 118 122 177 120 64 178 181 97 180 116 123 179 118 122 178 181 97 178 181 97 181 114 124 180 116 123 182 182 125 181 114 124 178 181 97 183 183 97 182 182 125 178 181 97 186 186 128 185 185 127 184 184 126 187 187 129 185 185 127 186 186 128 188 188 130 187 187 129 186 186 128 184 184 126 190 190 132 189 189 131 191 191 133 190 190 132 184 184 126 185 185 127 191 191 133 184 184 126 95 97 71 193 193 46 192 192 134 194 194 135 193 193 46 95 97 71 96 98 72 194 194 135 95 97 71 197 197 137 196 196 107 195 195 136 198 198 138 196 196 107 197 197 137 66 68 49 198 198 138 197 197 137 201 201 139 200 200 61 199 199 97 85 87 63 200 200 61 201 201 139 202 202 140 85 87 63 201 201 139 111 113 79 204 204 46 203 203 141 205 182 112 204 204 46 111 113 79 112 114 80 205 182 112 111 113 79 118 120 86 207 205 142 206 180 106 208 206 83 207 205 142 118 120 86 117 119 85 208 206 83 118 120 86 102 104 46 209 207 46 100 102 46 210 208 46 209 207 46 102 104 46 173 209 46 210 208 46 102 104 46 213 212 53 212 211 143 211 210 46 214 213 24 212 211 143 213 212 53 215 214 144 214 213 24 213 212 53 218 217 24 217 216 54 216 215 51 61 218 24 217 216 54 218 217 24 28 28 24 61 218 24 218 217 24 94 96 70 220 220 84 219 219 84 221 221 145 220 220 84 94 96 70 92 94 66 221 221 145 94 96 70 224 223 148 223 2 147 222 222 146 225 4 149 223 2 147 224 223 148 162 6 9 225 4 149 224 223 148 228 226 46 227 225 46 226 224 135 229 227 46 227 225 46 228 226 46 232 230 53 231 229 60 230 228 150 233 231 71 231 229 60 232 230 53 230 228 150 235 232 52 234 230 71 236 233 45 235 232 52 230 228 150 236 233 45 237 234 52 235 232 52 238 235 52 237 234 52 236 233 45 241 238 100 240 237 43 239 236 52 242 239 113 240 237 43 241 238 100 242 239 113 243 240 151 240 237 43 244 241 152 243 240 151 242 239 113 244 241 152 245 242 77 243 240 151 246 243 153 245 242 77 244 241 152 246 243 153 247 244 154 245 242 77 248 245 101 247 244 154 246 243 153 248 245 101 145 148 105 247 244 154 144 147 104 145 148 105 248 245 101 251 246 156 250 206 84 249 192 155 252 205 157 250 206 84 251 246 156 254 248 120 215 214 144 253 247 76 214 213 24 215 214 144 254 248 120 63 216 24 256 224 60 255 215 60 65 226 24 256 224 60 63 216 24 259 251 160 258 250 159 257 249 158 260 252 160 258 250 159 259 251 160 263 255 162 262 254 162 261 253 161 264 256 18 262 254 162 263 255 162 264 256 18 41 42 22 262 254 162 40 41 34 41 42 22 264 256 18 266 258 46 211 210 46 265 257 46 103 259 51 211 210 46 266 258 46 267 260 163 211 210 46 103 259 51 213 212 53 211 210 46 267 260 163 270 263 52 269 262 52 268 261 52 271 264 52 269 262 52 270 263 52 274 267 102 273 266 140 272 265 164 275 268 165 273 266 140 274 267 102 272 265 164 120 122 65 274 267 102 119 121 87 120 122 65 272 265 164 277 270 66 204 204 46 276 269 46 203 203 141 204 204 46 277 270 66 278 271 46 170 172 46 168 170 119 172 174 46 170 172 46 278 271 46 250 273 84 220 220 84 249 272 155 219 219 84 220 220 84 250 273 84 161 275 46 138 140 46 279 274 97 137 139 100 138 140 46 161 275 46 280 276 113 158 162 113 157 161 112 281 277 166 158 162 113 280 276 113 284 151 157 283 279 167 282 278 154 125 149 91 283 279 167 284 151 157 287 278 52 286 281 120 285 280 163 288 279 50 286 281 120 287 278 52 291 284 168 290 283 169 289 282 168 292 285 169 290 283 169 291 284 168 292 285 169 293 286 46 290 283 169 294 287 46 293 286 46 292 285 169 289 289 168 295 222 170 291 288 168 296 290 171 295 222 170 289 289 168 196 292 107 190 190 132 195 291 136 189 189 131 190 190 132 196 292 107 296 290 171 297 223 172 295 222 170 298 293 173 297 223 172 296 290 171 298 293 173 299 294 23 297 223 172 300 295 174 299 294 23 298 293 173 300 295 174 301 167 20 299 294 23 302 296 175 301 167 20 300 295 174 294 287 46 303 297 46 293 286 46 304 298 46 303 297 46 294 287 46 304 298 46 305 299 46 303 297 46 306 300 46 305 299 46 304 298 46 307 301 55 66 68 49 197 197 137 68 70 51 66 68 49 307 301 55 302 296 175 308 168 23 301 167 20 309 302 176 308 168 23 302 296 175 188 188 130 311 303 158 310 187 177 312 304 178 311 303 158 188 188 130 306 300 46 313 305 46 305 299 46 314 306 46 313 305 46 306 300 46 315 307 179 308 168 23 309 302 176 316 169 180 308 168 23 315 307 179 319 309 182 318 307 181 317 308 179 316 169 180 318 307 181 319 309 182 322 249 108 321 308 184 320 251 183 323 309 177 321 308 184 322 249 108 324 303 185 258 250 159 260 252 160 312 304 178 258 250 159 324 303 185 327 306 45 326 257 45 325 305 45 328 258 45 326 257 45 327 306 45 127 288 93 223 2 147 126 0 92 222 222 146 223 2 147 127 288 93 43 154 36 329 189 186 42 292 35 330 156 187 329 189 186 43 154 36 331 294 188 162 6 9 224 223 148 164 167 116 162 6 9 331 294 188 167 169 118 332 12 189 165 10 117 333 309 11 332 12 189 167 169 118 336 26 192 335 186 191 334 184 190 337 24 188 335 186 191 336 26 192 337 24 188 338 188 193 335 186 191 339 22 194 338 188 193 337 24 188 339 22 194 340 304 11 338 188 193 341 20 189 340 304 11 339 22 194 341 20 189 342 250 195 340 304 11 343 18 117 342 250 195 341 20 189 333 309 11 344 14 189 332 12 189 345 249 118 344 14 189 333 309 11 345 249 118 346 16 196 344 14 189 342 250 195 346 16 196 345 249 118 251 246 156 193 193 46 347 310 46 192 192 134 193 193 46 251 246 156 330 156 187 334 184 190 329 189 186 336 26 192 334 184 190 330 156 187 350 311 46 349 231 139 348 230 72 351 281 46 349 231 139 350 311 46 354 199 119 353 312 197 352 201 54 355 313 197 353 312 197 354 199 119 356 1 198 78 314 58 0 0 0 77 315 57 78 314 58 356 1 198 355 313 197 357 316 197 353 312 197 358 317 197 357 316 197 355 313 197 153 201 109 360 259 87 359 202 103 154 260 110 360 259 87 153 201 109 271 264 52 238 235 52 269 262 52 237 234 52 238 235 52 271 264 52 363 318 46 362 234 46 361 264 46 350 311 46 362 234 46 363 318 46 364 319 24 28 28 24 218 217 24 30 30 26 28 28 24 364 319 24 273 266 140 281 321 166 280 320 113 275 268 165 281 321 166 273 266 140 365 322 199 110 112 78 130 132 74 108 110 76 110 112 78 365 322 199 286 281 120 231 229 60 233 231 71 288 279 50 231 229 60 286 281 120 368 323 45 367 274 45 366 67 45 369 324 45 367 274 45 368 323 45 371 247 97 371 247 97 370 325 97 373 232 53 350 311 46 372 230 163 174 176 46 174 176 46 374 326 97 161 275 46 229 274 46 159 324 46 125 127 91 123 125 90 283 327 167 342 250 195 343 18 117 346 16 196 376 311 52 375 280 52 286 281 120 183 183 97 378 204 97 377 182 42 228 67 46 53 66 46 54 323 46 85 87 63 83 85 61 200 200 61 357 316 197 358 317 197 379 328 197 362 234 46 350 311 46 380 232 71 210 326 46 174 176 46 172 174 46</p>
                </polylist>
            </mesh>
        </geometry>
        <geometry id="mesh15">
            <mesh>
                <source id="points15">
                    <float_array id="pointarray15" count="327">-752.5 -2630.5 -172.75 -752.5 -2583.5 -362.25 -813.25 -2674 2 -813.25 -2540.25 -537.25 -925.5 -2695.75 90.25 -925.5 -2518.25 -625.5 -1072.5 -2709.25 144.75 -1072.5 -2504.75 -680 -1231.5 -2709.25 144.75 -1231.5 -2504.75 -680 -1366.5 -2688.5 60.25 -1378.25 -2525.5 -596.25 -1510.75 -2560.5 -455 -2129.5 -1062.75 -2 -2533.5 -1054.25 0 -2533.5 -1134.25 323 -2749.5 -1003 12.5 -2749.5 -1083 335.5 -2853.5 -926 31.75 -2853.5 -1006.25 354.75 -2931 -812 60 -2931 -892 383 -2961.5 -676 93.75 -2961.5 -756.25 416.75 -2968 -538.75 127.75 85.25 -1003.5 438 128.25 -895.5 3 -137.5 -1099.5 398.5 -10.75 -993.25 -29.75 -435.5 -1170 212.25 -162.5 -1079.25 -117.25 -615.5 -1227 -89.25 -314.25 -1167.75 -328.25 -683.25 -1296.75 -426 -302.5 -1297.75 -422 -260 -1344.5 -533.5 -1594.5 -2576.75 -389.5 -1567.75 -2665 -34 -1711.25 -2549.25 -368 -1711.25 -2627.5 -52.25 -1770.75 -2421 -336.25 -1770.75 -2499.25 -20.5 -1773.5 -2438.25 22 -1773 -2353.5 -319.5 -1790.25 -1336.75 -70 -1790.25 -1417 252.75 -1952.75 -1111.75 -14 -1952.75 -1191.75 308.75 -2129.5 -1142.75 320.75 229 -1166.25 -1011.75 17.5 -1228 -1353.25 81.25 -1219 -916 -200.5 -1201.75 -1214.5 -7 -1255.5 -840.75 -314.5 -1210 -1119 -476.75 -1242.25 -946 845 -516.25 458 844.5 -440.75 154 858 -595.75 438.25 857.5 -520.5 134.25 853.75 -604.25 442.25 853.25 -526 126.5 803.25 -692.5 91.5 658.75 -794.5 66.5 659.5 -869.75 370.5 560 -801.5 65 560.5 -876.75 369 346.75 -986.75 428.25 -2963 -530.75 129.75 -2963 -611 452.75 -2968 -618.75 450.75 858.25 -609.25 434.75 857.5 -533.75 130.75 845 -689.75 415 844.5 -614.25 111 -571.5 -1277 -806.5 -611 -1298.25 -720.25 -1495.5 -2675.5 8 311.5 -245.5 203.5 560 -245.5 203 304.25 -321 507.5 560.5 -320.75 507 658.75 -260.75 199 659.5 -336.25 503 803.25 -362.75 173.5 804 -438 477.5 853.75 -604.25 442.25 853.25 -526 126.5 804 -767.75 395.5 344.5 -891.25 43.25 1664 -1050.5 -1209.25 1565.25 -1146.25 -1285.5 1655.75 -911.5 -1148.25 1555.75 -792.25 -1127.25 1407 -1185.25 -1345.5 1391.75 -738.75 -1144.5 1200 -1207.75 -1378 999 -1211 -1428.5 1194.25 -732.75 -1168.75 1008.5 -821.5 -1174.5 769.75 -1211.25 -1476.25 814 -912 -1155.25 523.25 -1215.25 -1476 620.25 -1001.75 -1126 239 -1224.75 -1427.75 399.5 -1093.25 -1068.75 -134.75 -1302 -705 1200 -1207.75 -1378 128.25 -895.5 3</float_array>
                    <technique_common>
                        <accessor count="109" source="#pointarray15" stride="3">
                            <param name="X" type="float"/>
                            <param name="Y" type="float"/>
                            <param name="Z" type="float"/>
                        </accessor>
                    </technique_common>
                </source>
                <source id="uvs15">
                    <float_array id="uvarray15" count="222">0.7734375 0.5888671875 0.7734375 0.41162109375 0.70556640625 0.75244140625 0.70556640625 0.248046875 0.58056640625 0.87744140625 0.58056640625 0.123046875 0.4169921875 0.9453125 0.4169921875 0.05517578125 0.23974609375 0.900390625 0.23974609375 0.05517578125 0.08935546875 0.85205078125 0.076171875 0.15576171875 -0.04638671875 0.28515625 -2.78955078125 0.31982421875 -3.37158203125 0.31982421875 -3.37158203125 0.79345703125 -3.6826171875 0.31982421875 -3.6826171875 0.79345703125 -3.83251953125 0.31982421875 -3.83251953125 0.79345703125 -4.0244140625 0.31982421875 -4.0244140625 0.79345703125 -4.1982421875 0.31982421875 -4.1982421875 0.79345703125 -4.38525390625 0.31982421875 -0.35400390625 -0.396484375 0.03076171875 -0.373046875 -0.3408203125 -0.61083984375 0.0380859375 -0.46337890625 -0.2421875 -0.84423828125 0.09326171875 -0.61962890625 0.03955078125 -1.0322265625 0.2197265625 -0.7333984375 0.28125 -1.08203125 0.27734375 -0.744140625 0.392578125 -0.7158203125 -0.2177734375 0.31982421875 -0.2197265625 0.79345703125 -0.482421875 0.31982421875 -0.482421875 0.79345703125 -0.63623046875 0.31982421875 -0.63623046875 0.79345703125 -0.69873046875 0.79345703125 -0.69873046875 0.31982421875 -2.2109375 0.31982421875 -2.2109375 0.79345703125 -2.53466796875 0.31982421875 -2.53466796875 0.79345703125 -2.78955078125 0.79345703125 0.8212890625 -0.208984375 1.15283203125 -0.435546875 0.716796875 -0.3916015625 1.0419921875 -0.62548828125 0.65673828125 -0.47314453125 0.96728515625 -0.7509765625 0.83447265625 -0.921875 3.4541015625 -0.05712890625 3.2138671875 -0.05126953125 3.4541015625 -0.17529296875 3.2138671875 -0.16943359375 3.45849609375 -0.18212890625 3.20947265625 -0.17626953125 0.5029296875 -2.38916015625 0.5029296875 -2.2568359375 0.73779296875 -2.25732421875 0.5029296875 -2.20068359375 0.73779296875 -2.201171875 0.80078125 -2.03857421875 -4.3955078125 0.31982421875 -4.3955078125 0.79345703125 -4.38525390625 0.79345703125 0.7373046875 -2.5048828125 0.50244140625 -2.5048828125 0.73779296875 -2.4541015625 0.50244140625 -2.45361328125 0.67529296875 -1.00244140625 0.57666015625 -1.0390625 -0.05810546875 0.79833984375 3.21484375 0.4130859375 3.21435546875 0.25439453125 3.45458984375 0.41748046875 3.45458984375 0.25439453125 3.21435546875 0.19189453125 3.4541015625 0.19091796875 3.2138671875 0.03955078125 3.4541015625 0.0380859375 1.4228515625 0.435546875 1.4208984375 0.435546875 1.4345703125 0.41845703125 1.4326171875 0.41845703125 0.73779296875 -2.3896484375 0.50341796875 -2.03759765625 0.81103515625 -1.892578125 1.2353515625 1.037109375 1.30029296875 0.9736328125 1.013671875 1.03173828125 0.951171875 0.9677734375 1.359375 0.83203125 0.91552734375 0.822265625 1.3759765625 0.62646484375 1.37890625 0.5 0.9189453125 0.62255859375 0.91748046875 0.50830078125 1.3623046875 0.28515625 0.912109375 0.341796875 1.30810546875 0.0615234375 0.90576171875 0.15234375 1.2421875 -0.1904296875 0.88427734375 -0.04443359375 0.53759765625 -0.626953125 0.474609375 -1.91552734375</float_array>
                    <technique_common>
                        <accessor count="111" source="#uvarray15" stride="2">
                            <param name="S" type="float"/>
                            <param name="T" type="float"/>
                        </accessor>
                    </technique_common>
                </source>
                <source id="colors15">
                    <float_array id="colorarray15" count="196">0.1568627450980392 0.1568627450980392 0.1568627450980392 1 0.13333333333333333 0.13333333333333333 0.13333333333333333 1 0.16470588235294117 0.16470588235294117 0.16470588235294117 1 0.17254901960784313 0.17254901960784313 0.17254901960784313 1 0.1803921568627451 0.1803921568627451 0.1803921568627451 1 0.20392156862745098 0.20392156862745098 0.20392156862745098 1 0.25098039215686274 0.25098039215686274 0.25098039215686274 1 0.18823529411764706 0.18823529411764706 0.18823529411764706 1 0.25882352941176473 0.25882352941176473 0.25882352941176473 1 0.2784313725490196 0.2784313725490196 0.2784313725490196 1 0.26666666666666666 0.26666666666666666 0.26666666666666666 1 0.24313725490196078 0.24313725490196078 0.24313725490196078 1 0.23921568627450981 0.23921568627450981 0.23921568627450981 1 0.23529411764705882 0.23529411764705882 0.23529411764705882 1 0.22745098039215686 0.22745098039215686 0.22745098039215686 1 0.23529411764705882 0.23529411764705882 0.25098039215686274 1 0.34509803921568627 0.34509803921568627 0.3607843137254902 1 0.3254901960784314 0.3254901960784314 0.3254901960784314 1 0.3137254901960784 0.3137254901960784 0.3137254901960784 1 0.30196078431372547 0.30196078431372547 0.30196078431372547 1 0.34509803921568627 0.34509803921568627 0.34509803921568627 1 0.3176470588235294 0.3176470588235294 0.3176470588235294 1 0.11764705882352941 0.11764705882352941 0.11764705882352941 1 0.3411764705882353 0.3411764705882353 0.3411764705882353 1 0.3058823529411765 0.3058823529411765 0.3058823529411765 1 0.3686274509803922 0.3686274509803922 0.3686274509803922 1 0.20784313725490197 0.20784313725490197 0.20784313725490197 1 0.41568627450980394 0.41568627450980394 0.41568627450980394 1 0.2823529411764706 0.2823529411764706 0.2823529411764706 1 0.27450980392156865 0.27450980392156865 0.27450980392156865 1 0.3215686274509804 0.3215686274509804 0.3215686274509804 1 0.28627450980392155 0.28627450980392155 0.3333333333333333 1 0.30980392156862746 0.30980392156862746 0.3568627450980392 1 0.27058823529411763 0.27058823529411763 0.3176470588235294 1 0.26666666666666666 0.26666666666666666 0.3137254901960784 1 0.32941176470588235 0.32941176470588235 0.37254901960784315 1 0.2901960784313726 0.2901960784313726 0.33725490196078434 1 0.32941176470588235 0.32941176470588235 0.3764705882352941 1 0.3254901960784314 0.3254901960784314 0.37254901960784315 1 0.2784313725490196 0.2784313725490196 0.3254901960784314 1 0.2823529411764706 0.2823529411764706 0.32941176470588235 1 0.3333333333333333 0.3333333333333333 0.3803921568627451 1 0.27450980392156865 0.27450980392156865 0.3215686274509804 1 0.3254901960784314 0.3254901960784314 0.34901960784313724 1 0.2549019607843137 0.2549019607843137 0.2784313725490196 1 0.3411764705882353 0.3411764705882353 0.36470588235294116 1 0.23529411764705882 0.23529411764705882 0.25882352941176473 1 0.3215686274509804 0.3215686274509804 0.3686274509803922 1 0.2549019607843137 0.2549019607843137 0.2549019607843137 1</float_array>
                    <technique_common>
                        <accessor count="49" source="#colorarray15" stride="4">
                            <param name="R" type="float"/>
                            <param name="G" type="float"/>
                            <param name="B" type="float"/>
                            <param name="A" type="float"/>
                        </accessor>
                    </technique_common>
                </source>
                <vertices id="vertices15">
                    <input semantic="POSITION" source="#points15"/>
                </vertices>
                <polylist count="101" material="Material1">
                    <input offset="0" semantic="VERTEX" source="#vertices15"/>
                    <input offset="1" semantic="TEXCOORD" source="#uvs15" set="0"/>
                    <input offset="2" semantic="COLOR" source="#colors15" set="0"/>
                    <vcount>3 3 3 3 3 3 3 3 3 3 3 3 3 3 3 3 3 3 3 3 3 3 3 3 3 3 3 3 3 3 3 3 3 3 3 3 3 3 3 3 3 3 3 3 3 3 3 3 3 3 3 3 3 3 3 3 3 3 3 3 3 3 3 3 3 3 3 3 3 3 3 3 3 3 3 3 3 3 3 3 3 3 3 3 3 3 3 3 3 3 3 3 3 3 3 3 3 3 3 3 3</vcount>
                    <p>2 2 0 1 1 0 0 0 0 3 3 0 1 1 0 2 2 0 4 4 0 3 3 0 2 2 0 5 5 1 3 3 0 4 4 0 6 6 0 5 5 1 4 4 0 7 7 2 5 5 1 6 6 0 8 8 0 7 7 2 6 6 0 9 9 3 7 7 2 8 8 0 10 10 0 9 9 3 8 8 0 11 11 4 9 9 3 10 10 0 12 12 5 11 11 4 10 10 0 15 15 4 14 14 4 13 13 4 16 16 4 14 14 4 15 15 4 17 17 4 16 16 4 15 15 4 18 18 5 16 16 4 17 17 4 19 19 5 18 18 5 17 17 4 20 20 6 18 18 5 19 19 5 21 21 6 20 20 6 19 19 5 22 22 6 20 20 6 21 21 6 23 23 6 22 22 6 21 21 6 24 24 6 22 22 6 23 23 6 27 27 7 26 26 8 25 25 7 28 28 9 26 26 8 27 27 7 29 29 7 28 28 9 27 27 7 30 30 10 28 28 9 29 29 7 31 31 11 30 30 10 29 29 7 32 32 12 30 30 10 31 31 11 33 33 13 32 32 12 31 31 11 34 34 13 32 32 12 33 33 13 35 35 13 34 34 13 33 33 13 37 37 5 36 36 5 12 12 5 38 38 14 36 36 5 37 37 5 39 39 14 38 38 14 37 37 5 40 40 6 38 38 14 39 39 14 41 41 6 40 40 6 39 39 14 42 42 6 40 40 6 41 41 6 45 45 6 44 44 6 43 43 6 46 46 5 44 44 6 45 45 6 47 47 5 46 46 5 45 45 6 13 13 4 46 46 5 47 47 5 48 48 4 13 13 4 47 47 5 15 15 4 13 13 4 48 48 4 51 51 13 50 50 16 49 49 15 52 52 17 50 50 16 51 51 13 53 53 13 52 52 17 51 51 13 54 54 18 52 52 17 53 53 13 55 55 19 54 54 18 53 53 13 58 58 1 57 57 20 56 56 3 59 59 21 57 57 20 58 58 1 60 60 22 59 59 21 58 58 1 61 61 22 59 59 21 60 60 22 64 64 7 63 63 24 62 62 23 65 65 24 63 63 24 64 64 7 66 66 7 65 65 24 64 64 7 67 67 7 65 65 24 66 66 7 24 24 6 69 69 6 68 68 6 70 70 6 69 69 6 24 24 6 23 23 6 70 70 6 24 24 6 73 73 26 72 72 25 71 71 5 74 74 27 72 72 25 73 73 26 62 62 23 74 74 27 73 73 26 35 35 13 75 75 28 55 55 19 76 76 28 75 75 28 35 35 13 33 33 13 76 76 28 35 35 13 77 77 4 12 12 5 10 10 0 37 37 5 12 12 5 77 77 4 42 42 6 43 43 6 40 40 6 45 45 6 43 43 6 42 42 6 80 80 1 79 79 30 78 78 29 81 81 2 79 79 30 80 80 1 81 81 2 82 82 23 79 79 30 83 83 4 82 82 23 81 81 2 83 83 4 84 84 23 82 82 23 85 85 4 84 84 23 83 83 4 85 85 4 57 57 20 84 84 23 56 56 3 57 57 20 85 85 4 71 88 5 87 87 7 86 86 7 72 89 25 87 87 7 71 88 5 88 90 7 62 62 23 73 73 26 64 64 7 62 62 23 88 90 7 67 67 7 89 91 28 65 65 24 25 92 7 89 91 28 67 67 7 92 95 33 91 94 32 90 93 31 93 96 34 91 94 32 92 95 33 93 96 34 94 97 35 91 94 32 95 98 36 94 97 35 93 96 34 98 101 39 97 100 38 96 99 37 99 102 40 97 100 38 98 101 39 99 102 40 100 103 41 97 100 38 101 104 42 100 103 41 99 102 40 101 104 42 102 105 43 100 103 41 103 106 44 102 105 43 101 104 42 103 106 44 104 107 45 102 105 43 105 108 46 104 107 45 103 106 44 105 108 46 50 50 16 104 107 45 49 49 15 50 50 16 105 108 46 106 109 13 55 55 19 53 53 13 35 35 13 55 55 19 106 109 13 95 98 36 107 99 47 94 97 35 98 101 39 107 99 47 95 98 36 25 92 7 108 110 48 89 91 28</p>
                </polylist>
            </mesh>
        </geometry>
        <geometry id="mesh16">
            <mesh>
                <source id="points16">
                    <float_array id="pointarray16" count="1974">397.25 -2209.75 2953.75 420 -2161.25 2952.75 502.75 -2385.5 2940.5 564.75 -2355 2928.75 532.5 -2628.5 2930.5 733.25 -2444.5 2836 657.25 -2664.5 2847.25 792.25 -2698 2744 574.25 -2875.25 2817.5 736.75 -2908.5 2674 588.25 -3106.5 2659.75 798 -3048.25 2532.75 675.25 -3190.75 2530.5 718.25 -3281 2388.25 484.5 -3340.5 2532.75 515 -3435 2383 291 -3522.75 2382.5 541 -3501.25 2204.5 307.75 -3596.75 2194.75 325.75 -3631 1996 72 -3626 2188.5 87 -3662.5 1983.5 -143.5 -3642.5 1971.25 98.75 -3656.25 1778.5 -128.75 -3652.25 1771.75 -126 -3635.75 1622 -504 -1611.75 2200.25 -497.25 -1611.25 2256.25 -647.75 -1814.5 2216.5 -643 -1818 2277 -744.5 -2026.25 2264 -585 -1847 2426.75 -691.5 -2065.25 2427 -595.25 -2109.75 2615 -765.75 -2279.5 2406 -679.75 -2330.75 2600.5 -727.75 -2540.25 2569.25 -571.25 -2393 2749.75 -624.25 -2618.5 2707.25 -553.25 -2683 2771.25 -677.25 -2811 2603.5 -574.25 -2948.5 2677.75 -631.25 -3102.25 2508.5 -456.75 -3161.25 2682.25 -497 -3247.25 2550.25 -322.5 -3369 2577 -528 -3352.75 2357.25 -348 -3462.75 2384.75 -359.75 -3530.75 2169.75 -328.5 -2273 993.25 -451.5 -2183.25 1088.75 -421.5 -2473.75 1028.75 -569.75 -2366.75 1162.5 -629.25 -2591 1191.5 -720.5 -2392.75 1313 -752.25 -2569.5 1328 -852 -2588 1477.5 -750 -2807.25 1338.75 -834.75 -2839.25 1492 -759.75 -3065 1501 -900.25 -2856.25 1674.5 -815.75 -3092.5 1690 -849.5 -3092.25 1889.75 -690.25 -3294.5 1707 -718 -3293.5 1910.75 -553 -3454.75 1934.25 132.5 -1840.5 2867.75 -42.25 -1794.5 2802 264 -1626.5 2769 105.75 -1582.25 2711 265 -1379.75 2581.25 -46.5 -1540 2626.75 122.25 -1364.25 2530 -27.5 -1340.75 2435 230.75 -1209.25 2398.75 91.5 -1242.25 2366.25 71.5 -1186.75 2261.5 -115.75 -1306.25 2294 -277.5 -1452.5 2348.5 -142 -1275.75 2176 -323.75 -1423.75 2218.25 -439.5 -2775.25 1017 -241.25 -2683.75 930.75 -264.75 -2598.25 920 -42.75 -2618.25 845.5 -159.5 -2366 900.5 23.5 -2443.5 846 128.5 -2217 868.25 216.25 -2532 833 315.5 -2305.5 859.25 467.75 -2491.5 879.5 390.5 -2263.75 892.5 494.5 -2433.75 903.75 503.5 -2415.25 918.75 658.5 -2535.75 963 660.75 -2514 976 819.25 -2558.5 1081 672 -1542.5 2660.5 579.75 -1771 2797.5 540 -1463 2665 428.5 -1681.25 2796.75 321.75 -1895.5 2898.25 51 -1992.25 2919.25 -183.5 -2011.75 2862.5 -344.5 -1949.25 2747 -369.25 -2218 2853.5 -467 -2160.25 2764.25 405.25 -2254 906.75 424.5 -2024.5 937.25 411.5 -2022.25 923.5 503.5 -1767 999.5 365 -2011.75 906.25 466.75 -1746.75 986.25 354.75 -1718.25 996 583.75 -1513.75 1108 478.25 -1480.5 1118.25 576.75 -1283 1257 323 -1462.75 1140.5 419.25 -1271.25 1272.25 257.5 -1289.25 1305.75 -152 -1291 2117.5 -11.75 -1183.75 2059 -1.5 -1169.25 2068 54.75 -1106.5 1959 68.25 -1087 1963.25 94.5 -1051.75 1834.5 133.25 -1046.25 1976.5 161 -1012.75 1845 340.75 -963.75 1876.25 176.75 -1031.75 1701.75 356.25 -977.5 1729.75 339.75 -1038.25 1567.25 547.75 -940.25 1738.75 525.25 -997.5 1570 688.5 -998.5 1567.5 991.25 -2617 1218.25 885.25 -2843.5 1222.5 1090.75 -2653.5 1402.75 994 -2884.75 1402.75 1062.5 -2915.25 1602.25 873.5 -3096.5 1420.25 933.5 -3131.75 1618.25 770.25 -3323.25 1628.75 962.25 -3126 1841 792.75 -3333 1843.75 779.75 -3338 2041.5 571 -3518.5 1815 562.5 -3528.75 2013.75 618.75 -1562.5 1120.75 737 -1422 1226.75 738.5 -1396.5 1227.75 860 -1404.5 1292.75 868.25 -1377.25 1296 977.5 -1450.5 1339 888.75 -1319.5 1328.5 1003.25 -1401 1369.5 1037.25 -1315.5 1474.5 1079.75 -1538.5 1404.25 1121 -1465.25 1506.25 1178 -1675.75 1514.75 1154 -1401.5 1641.25 1221.5 -1626.75 1648.5 1243 -1592 1804.75 751 -1296.75 2472.5 846 -1318.25 2412.75 852 -1323.25 2423 933.25 -1270.25 2316.75 944.5 -1271.25 2322 1007 -1200 2207.5 977.5 -1303.5 2332.5 1043.5 -1233.5 2213.25 1114 -1376 2222 1068.25 -1196 2091 1152.25 -1349.5 2086.75 1161.5 -1335 1952 1226.75 -1573 2102.75 1246 -1573 1958 512.25 -1778.5 1010.25 614.5 -1543 1115 729.75 -1316.5 1255.25 791.25 -1156 1414.5 646.75 -1117.5 1409.75 487.75 -1109.75 1416 80.25 -1072.5 1833.75 96 -1092.75 1695.5 110.25 -1072 1695.25 114.25 -1136.5 1562.75 175.5 -1096.5 1560.25 164.25 -1195.5 1445.5 322.5 -1139.25 1431.75 -545 -3422.75 2143.75 -711.5 -3267 2117.5 -680.75 -3204.25 2321.25 -803 -3021.25 2283.75 -741 -2954 2452.75 -811 -2743.5 2413.5 -742.75 -2701 2533.25 467.75 -3239.5 2630.25 329.5 -3261.25 2688 276.5 -3420.5 2544.75 86.25 -3431.25 2573.5 69.25 -3548 2389 -145.75 -3528 2391.75 -155.5 -3601.25 2178.75 -669.5 -2758 1232.25 -615.25 -2869 1177.5 -697.75 -3014.5 1339.25 -629 -3113 1307.25 -641.75 -3266 1503.25 -575 -3278 1458 -507.25 -3461 1587.5 -477.5 -3439 1539.5 -318.75 -3559.75 1569 1092.75 -2916.5 1817.25 1188.5 -2684.75 1803.75 1101.5 -2893.25 1991 1192.75 -2682.25 1968.25 1179 -2674.5 2027.25 1239 -2449.75 1977.25 1222.5 -2457.25 2036 1235.75 -2271.25 2087.75 1211.5 -2461.25 2047.25 1225.25 -2284.5 2096.75 1181.25 -1594.5 2243.5 1113 -1635 2368.25 1209.5 -1853 2276.75 1136.75 -1882.75 2404 1130.75 -2078 2436.75 1031.25 -1867.25 2514 1009.75 -2124.75 2579.5 864 -2002 2689.75 923.5 -2315 2692.5 801.75 -2216.75 2778 333.75 -3619.5 1794 346.5 -3572.25 1601 566.25 -3479.5 1619.75 557.5 -3410.75 1454 738 -3269 1450.25 651.75 -3213 1283.5 834 -2699 2694.75 897 -2526.25 2704 861 -2507.75 2749 645.25 -2113.5 2860.75 722.5 -1876 2762.25 792 -1632.25 2626.75 120 -2742.75 850.5 281.25 -2833.5 898 315.5 -2789 875.25 384.5 -2970.5 987.25 461.75 -2943.5 980 426.25 -3180.25 1090.5 631.25 -2997 1098.5 533 -3171.5 1146.75 444.75 -3363.25 1268.75 553.25 -3334 1332.25 -58.75 -2677.5 867.25 144.5 -2692.25 828 393.25 -2639 868.25 565.25 -2743.75 949.75 639.25 -2597 945 -498.25 -1616 2185 -328.25 -1433 2152.75 -331.25 -1426.75 2166 -149.25 -1281 2129.5 57.5 -1133.75 2112.75 284.75 -1030.75 2132.75 271.25 -1098.5 2259.75 834.25 -2985 2521.5 894.75 -3059 2390.5 857 -3129.25 2395.5 900 -3153.75 2241.5 750 -3331.75 2217 968.75 -3098.25 2067.75 998.25 -3016 2123.25 940.5 -3075 2248.25 941.5 -3052.75 2250 896.75 -3037.75 2387.25 1242.75 -2433.25 1813 1266.25 -2173.5 1830 1259 -2189.25 2031.25 1270.5 -1869.75 1989 1247.25 -2088.25 2176 1252.5 -1845.25 2132.25 1221.25 -2424.75 1613.5 1253.25 -2160 1637 1254.25 -1890.5 1650.75 1209.75 -2158.5 1470.5 1213.25 -1913.75 1505.5 1082.75 -1763 1381.5 1109.5 -1950.25 1361 1096.5 -1751.75 1387.75 1126.25 -1948.25 1366 1161 -1932.75 1398.25 1122 -2154.5 1322.5 1158 -2154.75 1354.5 1106.5 -2389 1303.5 1164.5 -2416.75 1431 237 -1982 911.75 71 -1906.75 953.5 200.25 -1676.75 1031.75 41.75 -1630.5 1096.75 169 -1455.5 1185.25 811.25 -2647.25 1062 741 -2802.5 1072.5 770.75 -3046 1244 119.25 -3615 1572 255.25 -3518.25 1387.25 368.75 -3503.5 1435.75 850.75 -940.75 1860.75 849.5 -968.75 1733.5 954.25 -1021.75 1886 965.75 -1052.5 1755 1064.25 -1177 1785.5 956.75 -1114 1593 1064.25 -1233 1620.5 969 -2537.75 1191.25 1070.75 -2372 1269.25 1054.5 -2359.75 1267 -203 -1740.5 2701.5 -340 -1683.75 2564 -481.75 -1891.5 2603.75 -225.25 -2051.75 990.5 -350.75 -1985.5 1073 -385 -1965.5 1118 -219.5 -1781.5 1103.25 -256.5 -1770 1145 -122.75 -1591 1204 -259.75 -1770 1162 1220 -2195 2195.75 1231.25 -2177.5 2191.75 1195.5 -2148.75 2316.75 1209.75 -2067.75 2309.75 1040.25 -1682 2450.5 969.25 -1552.25 2466.75 905 -1766.5 2591.5 -114.75 -3422.5 2585 -95.75 -3327 2714.75 141.5 -3275 2741.5 116.25 -3223 2771 321 -3072.5 2843.5 -442 -1638.75 2395.5 -183.25 -1495.5 2504.75 557.5 -1208 2455 654.5 -1247 2487.75 652.75 -1248 2502.5 752.25 -1299.75 2486.75 738 -1354.5 2536.75 867 -1395.5 2467.75 -877.25 -2790.5 2250.5 -881.25 -2523 2217.75 -921.75 -2831.5 2066.5 -933 -2563.5 2042 -953.25 -2591.25 1852.5 -905 -2345.25 2015.75 708.75 -934.75 1731.75 832 -1038.5 1571.75 920.75 -1214 1440.25 362 -3162.5 1095.75 294.25 -3348.25 1218.25 309.5 -3363 1214.25 201.25 -3478.25 1373.25 213.75 -3497.25 1375.5 74 -3575.5 1516.75 392.25 -2216.5 2948.75 225.75 -2094.25 2955.5 247.5 -2046.75 2954.25 222.5 -2102.5 2950.5 28 -2049.75 2915.75 29.25 -2041 2920.5 -168.25 -2077.75 2879.75 557.75 -919.75 1910.5 720 -914.25 1864.75 603 -930.25 1958.75 719 -927 1913.5 717.25 -939.5 1923.5 841.5 -952 1907.75 835.25 -963.75 1917.75 928.25 -1036.5 1942.75 607.25 -941.25 1966.75 545.75 -947.5 2053.5 539.25 -935.25 2049.75 504.75 -969.75 2162 484.25 -933.25 2037 451 -970.5 2156.25 483.25 -1064 2276 489.25 -1154.75 2380.5 480 -1152.75 2389.5 552.5 -1208 2468.5 513.25 -1251.5 2516.25 627.75 -1293.25 2550.5 -736 -2008.75 2183.5 -640.5 -1816 2200.25 445.25 -2861.5 2908.75 403.5 -2848.75 2921.75 280.5 -3063.75 2849.75 512 -981 2162.5 474.5 -1055.75 2279.5 423.25 -1055.75 2279.25 410.25 -1185.5 2426.25 799.5 -2859.5 2628.25 838.75 -2695.25 2677.5 899.5 -2527.75 2686.75 956.75 -2360.5 2636.25 -833.75 -2248.75 2194.5 -814 -2176.5 2132.25 -874.75 -2266.5 2002 -902 -2305 1833.75 -932.5 -2382 1838 -905 -2393.25 1648 -875.75 -2318.75 1648.75 -858.75 -2301.5 1650 -802.75 -2320.75 1470 -787.75 -2304.5 1473.75 -682.25 -2308.75 1328 58 -1354.5 1374.25 -18.5 -1463 1291.25 69.25 -1344.75 1366.75 -11 -1457.75 1279 36 -1447.75 1247.25 -82.75 -1593.75 1166.25 -440.5 -2460 2840.75 -511.5 -2696.25 2774.25 -449.25 -2457.75 2844.5 -520.75 -2696.5 2777.25 -523.25 -2929.75 2713.25 -559.75 -2961.5 1137.25 -521.25 -2982 1139 -403.25 -2810.75 1017 -387 -2819 1028 -234 -2699.5 943.75 1118.25 -2152.5 2439.25 1110.5 -2170 2435.75 1026 -2213.5 2554.5 1023.75 -2228 2545.75 838.75 -2966.25 2513.5 1027.25 -1159 2093.75 1003.5 -1113.75 1995 1013.25 -1161.75 2096 991.25 -1117.25 2001.5 1161 -1346.5 1802.5 1050 -1577.75 1373.25 1037 -1598.25 1368 -359.5 -3572.5 1956.5 -350.5 -3592 1759.25 105.75 -1230.75 1457.75 92.75 -1246.75 1461.5 -575.75 -2284 1205.5 -482.5 -2149.25 1136.5 -481.75 -2140.75 1154.25 -331 -2235.75 2867 -323.5 -2239.75 2863.5 1272.5 -1891.25 1826.75 -95.25 -1835.25 1027.5 -52.25 -2135 910.5 1169.25 -2669.5 2039 1087 -2858.5 2063.5 1093.5 -2871 2052.25 311 -983.75 2005 -841.5 -3069.75 2090.75 268 -2843.25 914.5 366 -2974.75 998.25 380.25 -3170 1088 938 -1027.5 1933.25 -885 -2287.5 1832.5 -859 -2249.75 1995.5 -802 -2164.25 2119.5 -745.5 -2012.75 2199.75 -86.5 -3284.5 2742 -83.25 -3272.25 2740.75 -282.25 -3250.5 2732.5 -276.5 -3238.5 2731.25 -427.5 -3114.5 2709.75 -336.25 -3589 1616 -505.5 -2662.75 1071.5 396.25 -1416.25 2635.75 450.75 -3066.25 2777.75 -540.25 -3463.5 1734.5 956.25 -2353.25 2651.25 -460.25 -3421.25 1527.75 -307.25 -3537.25 1556.75 -117.5 -3578.25 1558.75 1104.5 -2150.5 1318.75 -815.75 -2495 2387 997.5 -2997.25 2131.5 -386.5 -1962.75 1135.75 -923 -2595.25 1659.25 491 -2612.75 2941.5 483.75 -2610 2936.5 495.25 -2388.5 2936.75 -584.75 -3131 1303.25 1129.25 -1723.75 1417.75 823.75 -2582 1072.75 -60 -2693 884.75 112.5 -2755.25 868.75 -693.5 -2325.5 1319.75 -571 -2268.5 1219 348.5 -3380 1218.25 1157.75 -2677 1596.75 -127.75 -1593.25 1218.75 397 -2844 2916.5 275 -3057 2845.5 -831 -2393 1466 -514.25 -2924.5 2713 -121.5 -3602.25 1571.5 -501 -2983.5 1146.25 -562 -3128.25 1304 120 -1320 1344.5 -435 -3125 2710.5 -485.5 -2445.5 2833.5 489.25 -2004 2900 958 -2516.75 1192 1185.25 -2166.25 2316.75 -1452.5 514.25 1746.75 -1521.75 514.25 1729.25 -1424.5 470.25 1696.75 -1522.5 470.25 1672 -1590.5 514.25 1748.75 -1620 470.25 1699.5 -1640.5 514.25 1800 -1690.5 470.25 1772 -1658 514.25 1869.25 -1715.25 470.25 1870 -1638.5 514.25 1938 -1687.75 470.25 1967.5 -1581.25 541.75 1904 -1554.75 541.75 1929.75 -1587.25 514.25 1988 -1518.75 541.75 1939 -1518 514.25 2005.5 -1483.25 541.75 1928.75 -1449 514.25 1986 -1457.5 541.75 1902.25 -1399.25 514.25 1934.75 -1448.25 541.75 1866.25 -1381.75 514.25 1865.5 -1458.5 541.75 1830.75 -1401.25 514.25 1796.5 -1485 541.75 1805 -1520.75 541.75 1795.75 -1556.5 541.75 1806 -1582.25 541.75 1832.5 -1591.25 541.75 1868.25 -165 -2085.75 2877 114.5 -3212.75 2769.75 993.75 -1202 2206 1048 -1143.75 1955.25 -553.75 -3269.75 1449.75 966 -1474.75 1334.75 67.75 -3554.75 1506 806.5 -2847.75 2615.5 100.75 -1155.5 1564.5 1046.5 -1428.25 2343.5 -933.5 -2855 1870.25 -297 -3287.75 2706.25 -1638.5 35.5 1938 -1587.25 35.5 1988 -1581.25 8 1904 -1554.75 8 1929.75 -1518 35.5 2005.5 -1518.75 8 1939 -1449 35.5 1986 -1483.25 8 1928.75 -1399.25 35.5 1934.75 -1457.5 8 1902.25 -1381.75 35.5 1865.5 -1448.25 8 1866.25 -1401.25 35.5 1796.5 -1458.5 8 1830.75 -1452.5 35.5 1746.75 -1485 8 1805 -1521.75 35.5 1729.25 -1520.75 8 1795.75 -1590.5 35.5 1748.75 -1556.5 8 1806 -1640.5 35.5 1800 -1582.25 8 1832.5 -1658 35.5 1869.25 -1591.25 8 1868.25 -1687.75 79.5 1967.5 -1615.25 79.5 2038 -1517.25 79.5 2062.75 -1419.75 79.5 2035.25 -1349.25 79.5 1962.75 -1324.5 79.5 1864.75 -1352 79.5 1767.25 -1424.5 79.5 1696.75 -1522.5 79.5 1672 -1620 79.5 1699.5 -1690.5 79.5 1772 -1715.25 79.5 1870 -1725.5 136.75 1990 -1636.75 136.75 2076.25 -1516.5 136.75 2106.75 -1397.25 136.75 2073 -1311 136.75 1984.25 -1280.5 136.75 1864 -1314.25 136.75 1744.75 -1403 136.75 1658.5 -1523.25 136.75 1628 -1642.25 136.75 1661.75 -1728.75 136.75 1750.5 -1759.25 136.75 1870.75 -1749.25 203.25 2004 -1650 203.25 2100.5 -1516.25 203.25 2134.25 -1383.25 203.25 2096.75 -1286.75 203.25 1997.75 -1253 203.25 1863.75 -1290.5 203.25 1730.75 -1389.5 203.25 1634.25 -1523.5 203.25 1600.5 -1656.5 203.25 1638 -1752.75 203.25 1737 -1786.75 203.25 1871 -1757.25 274.75 2008.75 -1654.75 274.75 2108.5 -1516 274.75 2143.75 -1378.25 274.75 2104.75 -1278.5 274.75 2002.25 -1243.5 274.75 1863.5 -1282.5 274.75 1726 -1385 274.75 1626.25 -1523.75 274.75 1591 -1661.25 274.75 1630 -1761 274.75 1732.5 -1796.25 274.75 1871.25 -1749.25 346.5 2004 -1650 346.5 2100.5 -1516.25 346.5 2134.25 -1383.25 346.5 2096.75 -1286.75 346.5 1997.75 -1253 346.5 1863.75 -1290.5 346.5 1730.75 -1389.5 346.5 1634.25 -1523.5 346.5 1600.5 -1656.5 346.5 1638 -1752.75 346.5 1737 -1786.75 346.5 1871 -1725.5 413 1990 -1636.75 413 2076.25 -1516.5 413 2106.75 -1397.25 413 2073 -1311 413 1984.25 -1280.5 413 1864 -1314.25 413 1744.75 -1403 413 1658.5 -1523.25 413 1628 -1642.25 413 1661.75 -1728.75 413 1750.5 -1759.25 413 1870.75 -1615.25 470.25 2038 -1517.25 470.25 2062.75 -1419.75 470.25 2035.25 -1349.25 470.25 1962.75 -1324.5 470.25 1864.75 -1352 470.25 1767.25 -1519.75 -1.25 1867.25 -1519.75 551.25 1867.25</float_array>
                    <technique_common>
                        <accessor count="658" source="#pointarray16" stride="3">
                            <param name="X" type="float"/>
                            <param name="Y" type="float"/>
                            <param name="Z" type="float"/>
                        </accessor>
                    </technique_common>
                </source>
                <source id="uvs16">
                    <float_array id="uvarray16" count="1602">-1.046875 -1.2705078125 -0.9873046875 -1.43408203125 -0.84130859375 -0.95166015625 -0.67822265625 -1.11474609375 -0.81005859375 -0.3369140625 -0.109375 -1.01708984375 -0.341796875 -0.3251953125 0.201171875 -0.30810546875 -0.47412109375 0.41015625 0.234375 0.4375 -0.0673828125 1.220703125 0.71142578125 0.90771484375 0.4404296875 1.4853515625 0.8955078125 1.85400390625 0.02001953125 2.1845703125 0.4697265625 2.5947265625 0.00439453125 3.185546875 0.99560546875 2.97607421875 0.5361328125 3.615234375 1.10888671875 3.95166015625 0.07666015625 4.07666015625 0.66015625 4.43310546875 0.2392578125 4.763671875 1.2470703125 4.6806640625 0.81298828125 5.04052734375 1.2333984375 5.19921875 3.103515625 -0.39013671875 3.00830078125 -0.48046875 2.978515625 0.35546875 2.87255859375 0.2744140625 2.68359375 1.00830078125 2.46435546875 0.052734375 2.24560546875 0.80322265625 1.66357421875 0.509765625 1.9951171875 1.52099609375 1.4111328125 1.2529296875 1.1259765625 1.93017578125 0.82080078125 1.0400390625 0.52978515625 1.7841796875 0.14208984375 1.7548828125 0.396484375 2.5244140625 -0.23046875 2.62451171875 -0.17822265625 3.3583984375 -0.94580078125 2.9990234375 -0.84326171875 3.47412109375 -1.52880859375 3.48388671875 -0.7138671875 4.0703125 -1.3876953125 4.0390625 -1.19140625 4.53564453125 3.08154296875 2.8671875 3.40673828125 2.380859375 2.81884765625 2.5390625 3.18115234375 1.9013671875 2.80322265625 1.65185546875 3.24609375 1.18310546875 2.92578125 1.03759765625 2.8935546875 0.42529296875 2.4072265625 0.9580078125 2.30810546875 0.3623046875 1.654296875 0.4345703125 2.15380859375 -0.2724609375 1.447265625 -0.20166015625 1.23291015625 -0.81591796875 0.7177734375 -0.044921875 0.48583984375 -0.658203125 -0.25537109375 -0.43115234375 0.224609375 -1.71435546875 0.8095703125 -1.46826171875 0.52099609375 -2.3583984375 1.052734375 -2.14453125 1.30810546875 -2.75830078125 1.60595703125 -1.8974609375 1.7353515625 -2.501953125 2.259765625 -2.1953125 2.00732421875 -2.90625 2.29833984375 -2.55224609375 2.61181640625 -2.5234375 2.73486328125 -1.95166015625 2.71240234375 -1.3798828125 3.029296875 -1.828125 3.06640625 -1.203125 2.2451171875 4.2392578125 2.1171875 3.79833984375 2.3642578125 3.623046875 1.93310546875 3.42578125 2.64306640625 2.86376953125 2.14794921875 2.853515625 2.35498046875 2.05224609375 1.5498046875 2.80126953125 1.7626953125 2.00341796875 1.001953125 2.228515625 1.6328125 1.72705078125 1.02783203125 1.9990234375 1.02392578125 1.91455078125 0.35888671875 1.92822265625 0.38134765625 1.8486328125 -0.2197265625 1.56982421875 -0.0615234375 -3.0810546875 -0.53125 -2.51416015625 0.39453125 -3.08935546875 -0.00341796875 -2.51171875 -0.359375 -1.9111328125 0.0146484375 -1.251953125 0.58349609375 -0.74755859375 1.24365234375 -0.4990234375 0.58203125 0.10986328125 1.052734375 0.234375 1.599609375 1.6572265625 1.9921875 0.9736328125 2.0458984375 1.00732421875 2.2626953125 0.07568359375 2.19775390625 1.076171875 2.4072265625 0.0986328125 2.7041015625 0.18798828125 2.455078125 -0.876953125 2.74658203125 -0.8115234375 2.73681640625 -1.68505859375 3.10009765625 -0.64208984375 3.09326171875 -1.48779296875 3.3701171875 -1.22802734375 0.36279296875 -1.69091796875 0.82666015625 -2.11962890625 0.82568359375 -2.18701171875 1.251953125 -2.2939453125 1.27197265625 -2.373046875 1.6845703125 -2.33154296875 1.37451171875 -2.603515625 1.79736328125 -2.5546875 2.0810546875 -3.01513671875 2.21728515625 -2.33251953125 2.51025390625 -2.80078125 2.9091796875 -2.388671875 2.8759765625 -3.21728515625 3.28076171875 -2.7958984375 3.61181640625 -3.0498046875 4.79931640625 1.26318359375 4.52490234375 2.029296875 4.4833984375 0.9482421875 4.23779296875 1.7177734375 3.81982421875 1.4150390625 3.9013671875 2.4501953125 3.4697265625 2.17529296875 3.07177734375 2.931640625 2.91748046875 1.80712890625 2.5244140625 2.62451171875 1.9560546875 2.3857421875 2.11962890625 3.51123046875 1.55517578125 3.2783203125 2.255859375 -0.8193359375 2.13037109375 -1.5283203125 2.1787109375 -1.60009765625 1.794921875 -1.86181640625 1.82861328125 -1.9521484375 1.36767578125 -1.990234375 1.8564453125 -2.18359375 1.36865234375 -2.20458984375 1.31884765625 -2.63134765625 0.85888671875 -2.0078125 0.771484375 -2.40966796875 0.1904296875 -1.95068359375 0.63427734375 -2.81787109375 0.0009765625 -2.3349609375 -0.2021484375 -2.67724609375 0.54931640625 1.18701171875 0.3779296875 1.5341796875 0.33837890625 1.51708984375 0.421875 1.98291015625 0.38671875 1.990234375 0.56201171875 2.4453125 0.2294921875 2.02001953125 0.4013671875 2.494140625 -0.06689453125 2.57763671875 0.6025390625 2.88720703125 0.0986328125 3.03173828125 0.3046875 3.42236328125 -0.55859375 3.083984375 -0.3916015625 3.51953125 2.2041015625 0.078125 2.314453125 -0.85693359375 2.326171875 -1.8369140625 2.2919921875 -2.58251953125 2.7041015625 -2.44873046875 2.63037109375 -3.0498046875 3.06787109375 -2.224609375 2.9951171875 -2.7958984375 1.654296875 -2.25244140625 2.0595703125 -2.03271484375 2.09375 -2.1103515625 2.44970703125 -1.76171875 2.587890625 -1.96240234375 2.857421875 -1.52294921875 3.22314453125 -1.9052734375 3.404296875 -1.22802734375 3.6015625 -2.224609375 3.82275390625 -1.48779296875 -0.51123046875 4.5791015625 0.22607421875 4.4638671875 -0.0078125 3.96728515625 0.7041015625 3.72607421875 0.45947265625 3.21484375 1.11474609375 2.8193359375 0.87548828125 2.4326171875 -0.2568359375 1.80810546875 -0.69580078125 2.005859375 -0.44482421875 2.71240234375 -0.9052734375 3.00390625 -0.46044921875 3.5966796875 -0.89111328125 3.8818359375 -0.34423828125 4.38671875 2.48486328125 1.421875 2.21044921875 1.654296875 1.85595703125 1.01220703125 1.5419921875 1.21484375 0.96533203125 0.6171875 0.85595703125 0.87158203125 0.1328125 0.609375 0.181640625 0.80517578125 -0.47021484375 1.01171875 3.291015625 1.07373046875 3.57177734375 0.3232421875 2.8369140625 0.7587890625 3.1298828125 0.0830078125 2.9423828125 0.00244140625 3.2509765625 -0.62255859375 3.05517578125 -0.6572265625 2.98193359375 -1.24560546875 3.0009765625 -0.64501953125 2.93359375 -1.20556640625 3.03173828125 -3.568359375 3.08447265625 -3.11279296875 2.57763671875 -3.623046875 2.6025390625 -3.177734375 2.11572265625 -3.13330078125 2.50830078125 -2.5791015625 2.00732421875 -2.56005859375 1.86083984375 -2.07470703125 1.49951171875 -2.58544921875 1.2177734375 -1.95458984375 0.65380859375 -2.2021484375 0.6923828125 -1.466796875 0.23779296875 -1.65283203125 1.6806640625 4.18701171875 2.24658203125 4.306640625 2.654296875 3.68408203125 3.10693359375 3.744140625 3.5087890625 3.083984375 3.8076171875 3.3017578125 0.41943359375 -0.30322265625 0.5595703125 -0.876953125 0.36865234375 -0.931640625 -0.2763671875 -1.79296875 0.2021484375 -2.4130859375 0.76806640625 -2.986328125 1.298828125 3.49169921875 0.67822265625 3.4111328125 0.7275390625 3.27001953125 0.029296875 3.4892578125 -0.076171875 3.3046875 -0.65234375 3.83984375 -0.74169921875 3.01416015625 -0.95556640625 3.56884765625 -1.5087890625 3.3017578125 -1.33642578125 4.0517578125 -1.61083984375 3.7138671875 1.8125 3.5791015625 1.3818359375 3.34912109375 0.876953125 2.75634765625 0.15283203125 2.64892578125 0.30078125 2.14697265625 -0.58642578125 -0.3671875 -0.11669921875 -1.08154296875 -0.158203125 -1.111328125 0.33740234375 -1.73876953125 0.2255859375 -1.828125 0.830078125 -2.4375 0.4375 -2.5234375 1.25146484375 -3.1015625 0.8603515625 -3.07470703125 0.82958984375 0.697265625 1.2919921875 0.978515625 1.1865234375 1.21875 1.68896484375 1.42822265625 1.4169921875 2.1748046875 2.314453125 1.41015625 2.24072265625 1.0673828125 1.76904296875 1.14404296875 1.771484375 1.08056640625 1.3095703125 0.92333984375 3.71240234375 -0.44580078125 3.7724609375 -1.19970703125 3.2021484375 -1.42333984375 3.41455078125 -2.23486328125 2.8056640625 -1.8740234375 2.99169921875 -2.46923828125 4.21826171875 -0.1591796875 4.279296875 -0.9482421875 4.3056640625 -1.68701171875 4.6494140625 -0.65380859375 4.6162109375 -1.35986328125 0.41552734375 -1.38330078125 -0.00634765625 -0.89794921875 0.3984375 -1.443359375 -0.04638671875 -0.93701171875 -0.138671875 -1.078125 -0.40576171875 -0.3203125 -0.53369140625 -0.42138671875 -0.833984375 0.35546875 -0.826171875 -0.65380859375 -1.2080078125 0.16064453125 2.5390625 1.19384765625 3.00830078125 1.19921875 3.0859375 0.2734375 3.4443359375 0.3125 3.39599609375 -0.478515625 -0.36083984375 1.845703125 -0.54296875 2.35693359375 -1.17041015625 2.029296875 -1.3681640625 2.72216796875 1.86376953125 4.822265625 2.6630859375 4.603515625 2.75927734375 4.31591796875 3.4013671875 4.0517578125 3.4501953125 3.7138671875 1.95947265625 -3.8662109375 2.0888671875 -3.6142578125 1.521484375 -3.849609375 1.62158203125 -3.60546875 1.09619140625 -3.47265625 1.74853515625 -3.203125 1.21826171875 -3.095703125 -0.92822265625 1.26318359375 -0.6728515625 1.12451171875 -0.66845703125 0.41455078125 -0.60302734375 0.41064453125 1.4296875 -1.21728515625 2.0556640625 -0.9619140625 1.88134765625 -0.236328125 2.8671875 2.75634765625 3.1318359375 2.0068359375 2.380859375 2.58154296875 2.67041015625 1.916015625 2.48388671875 1.85546875 2.8955078125 1.12158203125 2.71044921875 1.0927734375 2.8564453125 0.32177734375 2.65771484375 1.07373046875 2.67236328125 -1.57275390625 2.70947265625 -1.63134765625 2.30224609375 -1.82421875 2.36865234375 -2.052734375 1.73388671875 -3.00537109375 1.578125 -3.26025390625 1.05859375 -2.759765625 -1.259765625 4.0390625 -1.71484375 3.48388671875 -1.3349609375 3.28515625 -1.63134765625 2.82080078125 -1.2197265625 2.267578125 -1.33935546875 2.12890625 -1.09521484375 1.3017578125 2.6240234375 -0.6865234375 2.18408203125 -1.630859375 1.1943359375 0.87060546875 0.84716796875 0.96484375 0.82763671875 0.9208984375 0.51904296875 1.14990234375 0.3642578125 0.9716796875 0.0888671875 1.408203125 -0.46923828125 0.7685546875 1.40185546875 3.27490234375 2.01806640625 2.61328125 1.68408203125 3.708984375 2.3046875 3.04638671875 2.56884765625 3.4140625 2.73779296875 2.45654296875 2.478515625 -3.478515625 2.2177734375 -3.177734375 1.84228515625 -2.66943359375 -0.4794921875 3.75732421875 -0.8935546875 3.24365234375 -0.953125 3.28125 -1.18212890625 2.603515625 -1.25390625 2.61767578125 -1.3095703125 1.9345703125 -1.408203125 2.6630859375 -1.57373046875 1.86376953125 -1.85302734375 -0.95166015625 -1.26318359375 -1.2373046875 -1.26708984375 -1.2705078125 -0.64306640625 -1.3076171875 -1.21533203125 -1.43408203125 -0.5908203125 -1.466796875 -0.64599609375 -1.2734375 -0.04833984375 -1.0576171875 -0.03955078125 -1.08837890625 0.3857421875 -0.6201171875 2.5888671875 2.42919921875 2.302734375 2.87939453125 2.3955078125 2.38525390625 2.20751953125 2.74072265625 2.1708984375 2.70654296875 1.888671875 2.99462890625 1.86328125 2.95166015625 1.46630859375 3.05224609375 2.35107421875 2.36865234375 2.349609375 2.0068359375 2.39599609375 2.00732421875 2.23779296875 1.62255859375 2.5419921875 1.93310546875 2.36474609375 1.53125 1.9228515625 1.24609375 1.5673828125 0.95068359375 1.5791015625 0.908203125 1.18603515625 0.82275390625 1.11376953125 0.603515625 0.71923828125 0.728515625 -1.146484375 1.05908203125 -0.95751953125 0.37109375 -1.015625 0.35546875 -0.63818359375 -0.39013671875 -0.77880859375 -0.48046875 -0.28515625 -1.203125 -0.97802734375 0.4521484375 -1.09375 0.46728515625 -1.19140625 1.3349609375 2.197265625 1.63330078125 1.95458984375 1.220703125 2.06982421875 1.11962890625 1.61376953125 0.6611328125 0.49560546875 0.2705078125 0.4765625 -0.2978515625 0.611328125 -0.85302734375 0.90234375 -1.32080078125 2.51953125 1.8388671875 2.716796875 1.70068359375 2.8544921875 2.21728515625 3.080078125 2.59521484375 -0.67578125 2.8427734375 -0.1025390625 3.09130859375 -0.58544921875 2.59521484375 -0.029296875 2.8447265625 0.00390625 2.77001953125 0.60498046875 2.98095703125 0.62841796875 2.90869140625 1.23681640625 2.95263671875 2.80517578125 -0.83154296875 2.8544921875 -0.30615234375 2.849609375 -0.865234375 2.90380859375 -0.31494140625 3.08740234375 -0.373046875 3.0390625 0.31640625 0.25439453125 0.88525390625 0.01611328125 1.7197265625 0.2724609375 0.888671875 0.0322265625 1.73095703125 -0.35693359375 2.44482421875 1.9501953125 4.7607421875 1.81884765625 4.751953125 2.08935546875 4.27587890625 2.02001953125 4.25732421875 2.04833984375 3.81103515625 1.8115234375 -1.8603515625 1.80224609375 -1.7958984375 1.2978515625 -1.7099609375 1.314453125 -1.6552734375 0.86474609375 0.65087890625 -1.0205078125 0.20263671875 -0.53125 -0.15478515625 -0.0615234375 0.45751953125 0.39453125 0.20068359375 0.767578125 2.806640625 1.0595703125 3.041015625 0.7900390625 2.7724609375 1.06982421875 2.99755859375 -0.373046875 -1.35986328125 -0.6279296875 -1.68701171875 0.49951171875 -3.1982421875 0.3046875 -3.435546875 -0.3916015625 -2.9443359375 0.88916015625 -1.81298828125 0.8828125 -1.73095703125 -0.51123046875 -0.982421875 -1.19140625 -0.70947265625 -0.96875 -0.13427734375 -0.74267578125 0.419921875 -1.62158203125 0.23974609375 -1.38525390625 0.8134765625 2.69873046875 -1.3525390625 2.6591796875 -1.29443359375 1.18310546875 3.2578125 1.9013671875 3.15673828125 1.791015625 2.88623046875 2.1962890625 2.47412109375 2.15185546875 2.42578125 0.439453125 0.078125 0.419921875 0.08154296875 4.306640625 -2.3349609375 3.9296875 -2.67724609375 3.8583984375 -1.95703125 3.31689453125 2.0068359375 3.42431640625 1.171875 3.70556640625 1.12158203125 3.69970703125 0.31640625 3.08154296875 2.75634765625 2.87109375 2.0634765625 2.89208984375 -0.01123046875 2.6171875 0.58984375 2.658203125 0.62841796875 1.53125 -3.55859375 1.93310546875 -3.5458984375 1.66455078125 -3.09228515625 0.9697265625 4.18310546875 1.23291015625 4.53271484375 0.66357421875 4.14013671875 0.046875 4.07568359375 0.029296875 4.14306640625 -0.52490234375 3.81298828125 1.4765625 3.099609375 1.521484375 3.2626953125 -0.54443359375 2.52294921875 -0.93115234375 2.15625 -0.98388671875 2.21728515625 -1.19970703125 1.70068359375 -1.13818359375 1.6669921875 -1.21044921875 1.0625 -2.49072265625 2.12890625 -2.1220703125 2.65576171875 -2.10205078125 2.619140625 -1.59765625 2.8896484375 -1.5830078125 2.85009765625 -0.953125 2.78955078125 -1.13818359375 1.2333984375 -0.56005859375 0.841796875 2.3642578125 3.1201171875 2.2451171875 2.46630859375 2.5498046875 2.21044921875 0.71923828125 -3.5234375 1.11376953125 -3.4052734375 0.8583984375 -2.94482421875 -0.6552734375 1.16943359375 -0.01220703125 0.1396484375 0.86181640625 -1.35986328125 0.85595703125 5.18603515625 0.181640625 5.34765625 0.197265625 5.2890625 -0.47021484375 5.37646484375 -0.43115234375 5.3154296875 -0.94580078125 5.1201171875 -0.35302734375 -0.29833984375 4.19140625 2.72216796875 1.68359375 2.201171875 2.22119140625 1.00732421875 2.4326171875 1.8251953125 2.35009765625 -3.07470703125 2.06982421875 -3.45654296875 1.61376953125 -3.29296875 2.77294921875 -0.2158203125 2.56884765625 -0.80517578125 -2.302734375 -0.328125 -2.2734375 -0.3173828125 -1.83642578125 -0.92578125 1.41064453125 1.3095703125 1.81884765625 1.92041015625 1.9501953125 1.853515625 0.34033203125 -1.61083984375 -0.26708984375 1.63720703125 1.8125 3.65673828125 1.7578125 3.60302734375 1.298828125 4.0439453125 1.26318359375 3.9765625 1.2333984375 3.02734375 -0.25537109375 4.9658203125 0.48583984375 4.83056640625 1.7666015625 2.8193359375 -0.52490234375 3.888671875 -0.953125 4.341796875 -1.08251953125 4.31884765625 4.07958984375 0.63671875 2.8056640625 0.3154296875 4.607421875 0.16064453125 -2.53955078125 0.4716796875 -2.57177734375 0.46728515625 -2.6083984375 1.3310546875 -2.640625 1.3349609375 0.54296875 3.22412109375 1.95947265625 3.14453125 -0.36572265625 2.41650390625 -1.00537109375 1.3876953125 1.759765625 4.7138671875 1.3642578125 4.97900390625 1.41064453125 5.02392578125 3.017578125 -0.98095703125 -1.3876953125 -1.259765625 -1.98876953125 -0.89111328125 -1.81005859375 -0.34423828125 3.216796875 -3.478515625 2.87939453125 -3.73388671875 2.42919921875 -3.5244140625 -0.9599609375 2.82763671875 0.396484375 0.92822265625 -0.96484375 -1.890625 -0.6064453125 1.08544921875 2.27783203125 -1.7607421875 3.46923828125 0.3125 3.52001953125 -0.478515625 0.41650390625 0.1669921875 0.3330078125 0.1669921875 0.41650390625 0.25 0.3330078125 0.25 0.25 0.1669921875 0.25 0.25 0.16650390625 0.1669921875 0.16650390625 0.25 0.0830078125 0.1669921875 0.0830078125 0.25 0 0.1669921875 0 0.25 1 0.08349609375 0.91650390625 0.08349609375 1 0.1669921875 0.91650390625 0.1669921875 0.8330078125 0.08349609375 0.8330078125 0.1669921875 0.75 0.08349609375 0.75 0.1669921875 0.66650390625 0.08349609375 0.66650390625 0.1669921875 0.5830078125 0.08349609375 0.5830078125 0.1669921875 0.5 0.08349609375 0.5 0.1669921875 0.41650390625 0.08349609375 0.3330078125 0.08349609375 0.25 0.08349609375 0.16650390625 0.08349609375 0.0830078125 0.08349609375 0 0.08349609375 0.3662109375 -0.599609375 -2.46337890625 2.10595703125 2.8076171875 1.0625 2.00732421875 -3.6455078125 2.38525390625 -3.63525390625 0.58984375 2.42236328125 0.95458984375 3.2314453125 2.04833984375 3.0927734375 2.1171875 3.1181640625 0.67822265625 4.2138671875 0.83740234375 5.1416015625 1.3486328125 -1.900390625 -1.23583984375 4.83447265625 -1.3095703125 4.865234375 -1.00537109375 5.171875 -1.08251953125 3.34423828125 -0.91943359375 -0.328125 0.5478515625 0.24560546875 2.98095703125 2.8427734375 -0.2158203125 3.642578125 -0.80517578125 3.4140625 2.4140625 -1.6923828125 -0.46630859375 1.578125 -0.201171875 2.09814453125 2.09814453125 -3.5439453125 2.36474609375 -3.55859375 2.646484375 -3.1015625 3.14453125 -3.8662109375 3.484375 -3.6142578125 3.171875 -0.1025390625 3.27099609375 0.54345703125 1.9462890625 -0.87548828125 3.1201171875 3.623046875 3.43701171875 2.86376953125 2.5390625 3.390625 1.9462890625 4.060546875 3.51953125 -2.9443359375 0.95458984375 -3.76904296875 -1.67822265625 2.65576171875 -2.03369140625 2.8896484375 -1.99951171875 3.04833984375 -0.96484375 -0.66943359375 -1.48681640625 -0.2763671875 -0.66943359375 -1.890625 1.408203125 -3.5166015625 3.33935546875 1.171875 -1.60400390625 3.04833984375 -1.49658203125 0.9482421875 1 0.83349609375 0.91650390625 0.83349609375 1 0.9169921875 0.91650390625 0.9169921875 0.8330078125 0.83349609375 0.8330078125 0.9169921875 0.75 0.83349609375 0.75 0.9169921875 0.66650390625 0.83349609375 0.66650390625 0.9169921875 0.5830078125 0.83349609375 0.5830078125 0.9169921875 0.5 0.83349609375 0.5 0.9169921875 0.41650390625 0.83349609375 0.41650390625 0.9169921875 0.3330078125 0.83349609375 0.3330078125 0.9169921875 0.25 0.83349609375 0.25 0.9169921875 0.16650390625 0.83349609375 0.16650390625 0.9169921875 0.0830078125 0.83349609375 0.0830078125 0.9169921875 0 0.83349609375 0 0.9169921875 1 0.75 0.91650390625 0.75 0.8330078125 0.75 0.75 0.75 0.66650390625 0.75 0.5830078125 0.75 0.5 0.75 0.41650390625 0.75 0.3330078125 0.75 0.25 0.75 0.16650390625 0.75 0.0830078125 0.75 0 0.75 1 0.6669921875 0.91650390625 0.6669921875 0.8330078125 0.6669921875 0.75 0.6669921875 0.66650390625 0.6669921875 0.5830078125 0.6669921875 0.5 0.6669921875 0.41650390625 0.6669921875 0.3330078125 0.6669921875 0.25 0.6669921875 0.16650390625 0.6669921875 0.0830078125 0.6669921875 0 0.6669921875 1 0.58349609375 0.91650390625 0.58349609375 0.8330078125 0.58349609375 0.75 0.58349609375 0.66650390625 0.58349609375 0.5830078125 0.58349609375 0.5 0.58349609375 0.41650390625 0.58349609375 0.3330078125 0.58349609375 0.25 0.58349609375 0.16650390625 0.58349609375 0.0830078125 0.58349609375 0 0.58349609375 1 0.5 0.91650390625 0.5 0.8330078125 0.5 0.75 0.5 0.66650390625 0.5 0.5830078125 0.5 0.5 0.5 0.41650390625 0.5 0.3330078125 0.5 0.25 0.5 0.16650390625 0.5 0.0830078125 0.5 0 0.5 1 0.4169921875 0.91650390625 0.4169921875 0.8330078125 0.4169921875 0.75 0.4169921875 0.66650390625 0.4169921875 0.5830078125 0.4169921875 0.5 0.4169921875 0.41650390625 0.4169921875 0.3330078125 0.4169921875 0.25 0.4169921875 0.16650390625 0.4169921875 0.0830078125 0.4169921875 0 0.4169921875 1 0.33349609375 0.91650390625 0.33349609375 0.8330078125 0.33349609375 0.75 0.33349609375 0.66650390625 0.33349609375 0.5830078125 0.33349609375 0.5 0.33349609375 0.41650390625 0.33349609375 0.3330078125 0.33349609375 0.25 0.33349609375 0.16650390625 0.33349609375 0.0830078125 0.33349609375 0 0.33349609375 1 0.25 0.91650390625 0.25 0.8330078125 0.25 0.75 0.25 0.66650390625 0.25 0.5830078125 0.25 0.5 0.25 0.5 1 0.5 0 -0.05224609375 -1.95166015625 3.34423828125 4.31884765625 -1.23583984375 1.9560546875</float_array>
                    <technique_common>
                        <accessor count="801" source="#uvarray16" stride="2">
                            <param name="S" type="float"/>
                            <param name="T" type="float"/>
                        </accessor>
                    </technique_common>
                </source>
                <source id="colors16">
                    <float_array id="colorarray16" count="1004">0.39215686274509803 0.39215686274509803 0.4980392156862745 1 0.7176470588235294 0.7176470588235294 0.8235294117647058 1 0.47058823529411764 0.47058823529411764 0.5764705882352941 1 0.6627450980392157 0.6627450980392157 0.7686274509803922 1 0.5568627450980392 0.5568627450980392 0.6627450980392157 1 0.6352941176470588 0.6352941176470588 0.7411764705882353 1 0.4980392156862745 0.4980392156862745 0.6039215686274509 1 0.43137254901960786 0.43137254901960786 0.5372549019607843 1 0.41568627450980394 0.41568627450980394 0.5215686274509804 1 0.42745098039215684 0.42745098039215684 0.5333333333333333 1 0.42745098039215684 0.42745098039215684 0.5372549019607843 1 0.45098039215686275 0.45098039215686275 0.5568627450980392 1 0.4666666666666667 0.4666666666666667 0.5725490196078431 1 0.5450980392156862 0.5450980392156862 0.6509803921568628 1 0.5411764705882353 0.5411764705882353 0.6470588235294118 1 0.6862745098039216 0.6862745098039216 0.792156862745098 1 0.34901960784313724 0.34901960784313724 0.4549019607843137 1 0.5725490196078431 0.5725490196078431 0.6823529411764706 1 0.5490196078431373 0.5490196078431373 0.6549019607843137 1 0.807843137254902 0.807843137254902 0.9137254901960784 1 0.7843137254901961 0.7843137254901961 0.8901960784313725 1 0.8352941176470589 0.8352941176470589 0.9411764705882353 1 0.7411764705882353 0.7411764705882353 0.8470588235294118 1 0.7686274509803922 0.7686274509803922 0.8745098039215686 1 0.6274509803921569 0.6274509803921569 0.7333333333333333 1 0.7137254901960784 0.7137254901960784 0.8196078431372549 1 0.5098039215686274 0.5098039215686274 0.615686274509804 1 0.44313725490196076 0.44313725490196076 0.5490196078431373 1 0.4588235294117647 0.4588235294117647 0.5647058823529412 1 0.4117647058823529 0.4117647058823529 0.5176470588235295 1 0.43529411764705883 0.43529411764705883 0.5411764705882353 1 0.6039215686274509 0.6039215686274509 0.7098039215686275 1 0.5333333333333333 0.5333333333333333 0.6392156862745098 1 0.6549019607843137 0.6549019607843137 0.7607843137254902 1 0.5764705882352941 0.5764705882352941 0.6823529411764706 1 0.6705882352941176 0.6705882352941176 0.7764705882352941 1 0.6823529411764706 0.6823529411764706 0.788235294117647 1 0.6980392156862745 0.6980392156862745 0.803921568627451 1 0.7647058823529411 0.7647058823529411 0.8705882352941177 1 0.796078431372549 0.796078431372549 0.9019607843137255 1 0.8509803921568627 0.8509803921568627 0.9568627450980393 1 0.7803921568627451 0.7803921568627451 0.8862745098039215 1 0.803921568627451 0.803921568627451 0.9098039215686274 1 0.7058823529411765 0.7058823529411765 0.8117647058823529 1 0.6588235294117647 0.6588235294117647 0.7686274509803922 1 0.5725490196078431 0.5725490196078431 0.6784313725490196 1 0.8666666666666667 0.8666666666666667 0.9725490196078431 1 0.8627450980392157 0.8627450980392157 0.9686274509803922 1 0.792156862745098 0.792156862745098 0.8980392156862745 1 0.7764705882352941 0.7764705882352941 0.8823529411764706 1 0.803921568627451 0.803921568627451 0.9137254901960784 1 0.5843137254901961 0.5843137254901961 0.6901960784313725 1 0.5647058823529412 0.5647058823529412 0.6705882352941176 1 0.7607843137254902 0.7607843137254902 0.8666666666666667 1 0.7215686274509804 0.7215686274509804 0.8274509803921568 1 0.7294117647058823 0.7294117647058823 0.8352941176470589 1 0.6235294117647059 0.6235294117647059 0.7294117647058823 1 0.6392156862745098 0.6392156862745098 0.7450980392156863 1 0.5294117647058824 0.5294117647058824 0.6352941176470588 1 0.5254901960784314 0.5254901960784314 0.6313725490196078 1 0.3686274509803922 0.3686274509803922 0.4745098039215686 1 0.3607843137254902 0.3607843137254902 0.4666666666666667 1 0.32941176470588235 0.32941176470588235 0.43529411764705883 1 0.36470588235294116 0.36470588235294116 0.47058823529411764 1 0.33725490196078434 0.33725490196078434 0.44313725490196076 1 0.8196078431372549 0.8196078431372549 0.9254901960784314 1 0.8588235294117647 0.8588235294117647 0.9647058823529412 1 0.7254901960784313 0.7254901960784313 0.8313725490196079 1 0.8274509803921568 0.8274509803921568 0.9333333333333333 1 0.30980392156862746 0.30980392156862746 0.41568627450980394 1 0.2823529411764706 0.2823529411764706 0.38823529411764707 1 0.3333333333333333 0.3333333333333333 0.4392156862745098 1 0.4549019607843137 0.4549019607843137 0.5607843137254902 1 0.40784313725490196 0.40784313725490196 0.5137254901960784 1 0.4235294117647059 0.4235294117647059 0.5294117647058824 1 0.27450980392156865 0.27450980392156865 0.3803921568627451 1 0.2901960784313726 0.2901960784313726 0.396078431372549 1 0.34509803921568627 0.34509803921568627 0.45098039215686275 1 0.3215686274509804 0.3215686274509804 0.42745098039215684 1 0.3803921568627451 0.3803921568627451 0.48627450980392156 1 0.3803921568627451 0.3803921568627451 0.49019607843137253 1 0.611764705882353 0.611764705882353 0.7176470588235294 1 0.4823529411764706 0.4823529411764706 0.5882352941176471 1 0.4392156862745098 0.4392156862745098 0.5450980392156862 1 0.4745098039215686 0.4745098039215686 0.5803921568627451 1 0.4470588235294118 0.4470588235294118 0.5529411764705883 1 0.27058823529411763 0.27058823529411763 0.3764705882352941 1 0.29411764705882354 0.29411764705882354 0.4 1 0.3137254901960784 0.3137254901960784 0.4196078431372549 1 0.4196078431372549 0.4196078431372549 0.5294117647058824 1 0.4196078431372549 0.4196078431372549 0.5254901960784314 1 0.40784313725490196 0.40784313725490196 0.5176470588235295 1 0.6 0.6 0.7058823529411765 1 0.7490196078431373 0.7490196078431373 0.8549019607843137 1 0.6901960784313725 0.6901960784313725 0.796078431372549 1 0.6431372549019608 0.6431372549019608 0.7490196078431373 1 0.47843137254901963 0.47843137254901963 0.5843137254901961 1 0.3254901960784314 0.3254901960784314 0.43137254901960786 1 0.3764705882352941 0.3764705882352941 0.4823529411764706 1 0.4627450980392157 0.4627450980392157 0.5686274509803921 1 0.5215686274509804 0.5215686274509804 0.6274509803921569 1 0.5803921568627451 0.5803921568627451 0.6862745098039216 1 0.788235294117647 0.788235294117647 0.8941176470588236 1 0.8156862745098039 0.8156862745098039 0.9215686274509803 1 0.6745098039215687 0.6745098039215687 0.7803921568627451 1 0.2980392156862745 0.2980392156862745 0.403921568627451 1 0.3176470588235294 0.3176470588235294 0.4235294117647059 1 0.7333333333333333 0.7333333333333333 0.8392156862745098 1 0.5607843137254902 0.5607843137254902 0.6666666666666666 1 0.6313725490196078 0.6313725490196078 0.7372549019607844 1 0.49411764705882355 0.49411764705882355 0.6 1 0.3568627450980392 0.3568627450980392 0.4627450980392157 1 0.5372549019607843 0.5372549019607843 0.6431372549019608 1 0.7725490196078432 0.7725490196078432 0.8784313725490196 1 0.7098039215686275 0.7098039215686275 0.8156862745098039 1 0.7019607843137254 0.7019607843137254 0.807843137254902 1 0.7450980392156863 0.7450980392156863 0.8509803921568627 1 0.6666666666666666 0.6666666666666666 0.7725490196078432 1 0.592156862745098 0.592156862745098 0.6980392156862745 1 0.6588235294117647 0.6588235294117647 0.7647058823529411 1 0.5176470588235295 0.5176470588235295 0.6235294117647059 1 0.3215686274509804 0.3215686274509804 0.43137254901960786 1 0.7372549019607844 0.7372549019607844 0.8431372549019608 1 0.8470588235294118 0.8470588235294118 0.9529411764705882 1 0.35294117647058826 0.35294117647058826 0.4588235294117647 1 0.30196078431372547 0.30196078431372547 0.40784313725490196 1 0.2784313725490196 0.2784313725490196 0.3843137254901961 1 0.4 0.4 0.5058823529411764 1 0.5686274509803921 0.5686274509803921 0.6745098039215687 1 0.37254901960784315 0.37254901960784315 0.47843137254901963 1 0.8431372549019608 0.8431372549019608 0.9490196078431372 1 0.5058823529411764 0.5058823529411764 0.611764705882353 1 0.28627450980392155 0.28627450980392155 0.39215686274509803 1 0.596078431372549 0.596078431372549 0.7019607843137254 1 0.8549019607843137 0.8549019607843137 0.9607843137254902 1 0.403921568627451 0.403921568627451 0.5098039215686274 1 0.3176470588235294 0.3176470588235294 0.42745098039215684 1 0.6509803921568628 0.6509803921568628 0.7568627450980392 1 0.8313725490196079 0.8313725490196079 0.9372549019607843 1 0.3411764705882353 0.3411764705882353 0.4470588235294118 1 0.3058823529411765 0.3058823529411765 0.4117647058823529 1 0.396078431372549 0.396078431372549 0.5019607843137255 1 0.2901960784313726 0.2901960784313726 0.4 1 0.5686274509803921 0.5686274509803921 0.6784313725490196 1 0.47058823529411764 0.47058823529411764 0.5803921568627451 1 0.4470588235294118 0.4470588235294118 0.5568627450980392 1 0.38823529411764707 0.38823529411764707 0.49411764705882355 1 0.8392156862745098 0.8392156862745098 0.9450980392156862 1 0.4745098039215686 0.3803921568627451 0.2784313725490196 1 0.4627450980392157 0.3686274509803922 0.2784313725490196 1 0.44313725490196076 0.34901960784313724 0.2784313725490196 1 0.45098039215686275 0.3568627450980392 0.2784313725490196 1 0.4549019607843137 0.3607843137254902 0.2784313725490196 1 0.43137254901960786 0.3058823529411765 0.2784313725490196 1 0.43137254901960786 0.33725490196078434 0.2784313725490196 1 0.43137254901960786 0.27450980392156865 0.2784313725490196 1 0.47843137254901963 0.3843137254901961 0.2784313725490196 1 0.5019607843137255 0.3803921568627451 0.3137254901960784 1 0.5411764705882353 0.45098039215686275 0.2980392156862745 1 0.6980392156862745 0.6039215686274509 0.4392156862745098 1 0.6823529411764706 0.5803921568627451 0.43529411764705883 1 0.8 0.7058823529411765 0.5333333333333333 1 0.8156862745098039 0.7254901960784313 0.5450980392156862 1 0.8313725490196079 0.7372549019607844 0.5647058823529412 1 0.8235294117647058 0.7176470588235294 0.5686274509803921 1 0.7803921568627451 0.6823529411764706 0.5215686274509804 1 0.8235294117647058 0.7333333333333333 0.5490196078431373 1 0.6705882352941176 0.5725490196078431 0.42745098039215684 1 0.6980392156862745 0.6078431372549019 0.4392156862745098 1 0.5450980392156862 0.4470588235294118 0.3058823529411765 1 0.5411764705882353 0.44313725490196076 0.30196078431372547 1 0.4823529411764706 0.38823529411764707 0.2784313725490196 1 0.43529411764705883 0.34509803921568627 0.2784313725490196 1 0.5137254901960784 0.3568627450980392 0.2823529411764706 1 0.44313725490196076 0.30196078431372547 0.2784313725490196 1 0.48627450980392156 0.33725490196078434 0.2784313725490196 1 0.4549019607843137 0.30196078431372547 0.2784313725490196 1 0.43137254901960786 0.25098039215686274 0.2784313725490196 1 0.43529411764705883 0.27058823529411763 0.2784313725490196 1 0.45098039215686275 0.30980392156862746 0.2784313725490196 1 0.4470588235294118 0.2901960784313726 0.2784313725490196 1 0.5058823529411764 0.35294117647058826 0.2823529411764706 1 0.5450980392156862 0.3803921568627451 0.28627450980392155 1 0.5019607843137255 0.34901960784313724 0.2823529411764706 1 0.5333333333333333 0.3686274509803922 0.2823529411764706 1 0.4745098039215686 0.3137254901960784 0.2823529411764706 1 0.4392156862745098 0.27058823529411763 0.2784313725490196 1 0.44313725490196076 0.26666666666666666 0.2784313725490196 1 0.49019607843137253 0.32941176470588235 0.28627450980392155 1 0.5294117647058824 0.3686274509803922 0.2901960784313726 1 0.5647058823529412 0.396078431372549 0.30196078431372547 1 0.5254901960784314 0.3607843137254902 0.27058823529411763 1 0.48627450980392156 0.33725490196078434 0.2823529411764706 1 0.4823529411764706 0.34509803921568627 0.2901960784313726 1 0.47058823529411764 0.34509803921568627 0.29411764705882354 1 0.4588235294117647 0.3176470588235294 0.2823529411764706 1 0.43137254901960786 0.26666666666666666 0.27450980392156865 1 0.403921568627451 0.22745098039215686 0.2627450980392157 1 0.4392156862745098 0.2627450980392157 0.2784313725490196 1 0.47843137254901963 0.3176470588235294 0.28627450980392155 1 0.5254901960784314 0.36470588235294116 0.2901960784313726 1 0.5490196078431373 0.3843137254901961 0.28627450980392155 1 0.5058823529411764 0.3568627450980392 0.2784313725490196 1 0.5137254901960784 0.3843137254901961 0.2980392156862745 1 0.5529411764705883 0.4627450980392157 0.3058823529411765 1 0.6196078431372549 0.5294117647058824 0.37254901960784315 1 0.5490196078431373 0.4392156862745098 0.32941176470588235 1 0.4627450980392157 0.3215686274509804 0.2823529411764706 1 0.4196078431372549 0.24705882352941178 0.27058823529411763 1 0.43529411764705883 0.2627450980392157 0.2784313725490196 1 0.45098039215686275 0.2980392156862745 0.2784313725490196 1 0.5019607843137255 0.35294117647058826 0.2784313725490196 1 0.4823529411764706 0.3411764705882353 0.2901960784313726 1 0.5568627450980392 0.4470588235294118 0.3333333333333333 1 0.7019607843137254 0.611764705882353 0.4470588235294118 1 0.7803921568627451 0.6901960784313725 0.5176470588235295 1 0.6823529411764706 0.592156862745098 0.4235294117647059 1 0.5254901960784314 0.4 0.3215686274509804 1 0.4392156862745098 0.26666666666666666 0.2823529411764706 1 0.43137254901960786 0.27058823529411763 0.2784313725490196 1 0.43137254901960786 0.2980392156862745 0.2784313725490196 1 0.4470588235294118 0.28627450980392155 0.2784313725490196 1 0.4549019607843137 0.29411764705882354 0.2823529411764706 1 0.4823529411764706 0.33725490196078434 0.2980392156862745 1 0.6196078431372549 0.5176470588235295 0.3843137254901961 1 0.8196078431372549 0.7333333333333333 0.5490196078431373 1 0.9058823529411765 0.8156862745098039 0.6274509803921569 1 0.807843137254902 0.7137254901960784 0.5333333333333333 1 0.5450980392156862 0.45098039215686275 0.30196078431372547 1 0.47843137254901963 0.3411764705882353 0.29411764705882354 1 0.4392156862745098 0.28627450980392155 0.2823529411764706 1 0.43137254901960786 0.3137254901960784 0.2784313725490196 1 0.43137254901960786 0.3215686274509804 0.2784313725490196 1 0.44313725490196076 0.27450980392156865 0.2823529411764706 1 0.5058823529411764 0.3686274509803922 0.3176470588235294 1 0.6745098039215687 0.5882352941176471 0.4117647058823529 1 0.8588235294117647 0.7607843137254902 0.596078431372549 1 0.9450980392156862 0.8509803921568627 0.6666666666666666 1 0.8509803921568627 0.7529411764705882 0.5843137254901961 1 0.6392156862745098 0.5450980392156862 0.38823529411764707 1 0.4470588235294118 0.3176470588235294 0.2823529411764706 1 0.43529411764705883 0.3411764705882353 0.2784313725490196 1 0.4470588235294118 0.28627450980392155 0.28627450980392155 1 0.7098039215686275 0.6196078431372549 0.45098039215686275 1 0.8745098039215686 0.7843137254901961 0.6039215686274509 1 0.9450980392156862 0.8549019607843137 0.6627450980392157 1 0.8627450980392157 0.7686274509803922 0.592156862745098 1 0.6941176470588235 0.6039215686274509 0.43529411764705883 1 0.5176470588235295 0.4196078431372549 0.3137254901960784 1 0.43137254901960786 0.2901960784313726 0.2784313725490196 1 0.5529411764705883 0.4588235294117647 0.30980392156862746 1</float_array>
                    <technique_common>
                        <accessor count="251" source="#colorarray16" stride="4">
                            <param name="R" type="float"/>
                            <param name="G" type="float"/>
                            <param name="B" type="float"/>
                            <param name="A" type="float"/>
                        </accessor>
                    </technique_common>
                </source>
                <vertices id="vertices16">
                    <input semantic="POSITION" source="#points16"/>
                </vertices>
                <polylist count="1216" material="Material1">
                    <input offset="0" semantic="VERTEX" source="#vertices16"/>
                    <input offset="1" semantic="TEXCOORD" source="#uvs16" set="0"/>
                    <input offset="2" semantic="COLOR" source="#colors16" set="0"/>
                    <vcount>3 3 3 3 3 3 3 3 3 3 3 3 3 3 3 3 3 3 3 3 3 3 3 3 3 3 3 3 3 3 3 3 3 3 3 3 3 3 3 3 3 3 3 3 3 3 3 3 3 3 3 3 3 3 3 3 3 3 3 3 3 3 3 3 3 3 3 3 3 3 3 3 3 3 3 3 3 3 3 3 3 3 3 3 3 3 3 3 3 3 3 3 3 3 3 3 3 3 3 3 3 3 3 3 3 3 3 3 3 3 3 3 3 3 3 3 3 3 3 3 3 3 3 3 3 3 3 3 3 3 3 3 3 3 3 3 3 3 3 3 3 3 3 3 3 3 3 3 3 3 3 3 3 3 3 3 3 3 3 3 3 3 3 3 3 3 3 3 3 3 3 3 3 3 3 3 3 3 3 3 3 3 3 3 3 3 3 3 3 3 3 3 3 3 3 3 3 3 3 3 3 3 3 3 3 3 3 3 3 3 3 3 3 3 3 3 3 3 3 3 3 3 3 3 3 3 3 3 3 3 3 3 3 3 3 3 3 3 3 3 3 3 3 3 3 3 3 3 3 3 3 3 3 3 3 3 3 3 3 3 3 3 3 3 3 3 3 3 3 3 3 3 3 3 3 3 3 3 3 3 3 3 3 3 3 3 3 3 3 3 3 3 3 3 3 3 3 3 3 3 3 3 3 3 3 3 3 3 3 3 3 3 3 3 3 3 3 3 3 3 3 3 3 3 3 3 3 3 3 3 3 3 3 3 3 3 3 3 3 3 3 3 3 3 3 3 3 3 3 3 3 3 3 3 3 3 3 3 3 3 3 3 3 3 3 3 3 3 3 3 3 3 3 3 3 3 3 3 3 3 3 3 3 3 3 3 3 3 3 3 3 3 3 3 3 3 3 3 3 3 3 3 3 3 3 3 3 3 3 3 3 3 3 3 3 3 3 3 3 3 3 3 3 3 3 3 3 3 3 3 3 3 3 3 3 3 3 3 3 3 3 3 3 3 3 3 3 3 3 3 3 3 3 3 3 3 3 3 3 3 3 3 3 3 3 3 3 3 3 3 3 3 3 3 3 3 3 3 3 3 3 3 3 3 3 3 3 3 3 3 3 3 3 3 3 3 3 3 3 3 3 3 3 3 3 3 3 3 3 3 3 3 3 3 3 3 3 3 3 3 3 3 3 3 3 3 3 3 3 3 3 3 3 3 3 3 3 3 3 3 3 3 3 3 3 3 3 3 3 3 3 3 3 3 3 3 3 3 3 3 3 3 3 3 3 3 3 3 3 3 3 3 3 3 3 3 3 3 3 3 3 3 3 3 3 3 3 3 3 3 3 3 3 3 3 3 3 3 3 3 3 3 3 3 3 3 3 3 3 3 3 3 3 3 3 3 3 3 3 3 3 3 3 3 3 3 3 3 3 3 3 3 3 3 3 3 3 3 3 3 3 3 3 3 3 3 3 3 3 3 3 3 3 3 3 3 3 3 3 3 3 3 3 3 3 3 3 3 3 3 3 3 3 3 3 3 3 3 3 3 3 3 3 3 3 3 3 3 3 3 3 3 3 3 3 3 3 3 3 3 3 3 3 3 3 3 3 3 3 3 3 3 3 3 3 3 3 3 3 3 3 3 3 3 3 3 3 3 3 3 3 3 3 3 3 3 3 3 3 3 3 3 3 3 3 3 3 3 3 3 3 3 3 3 3 3 3 3 3 3 3 3 3 3 3 3 3 3 3 3 3 3 3 3 3 3 3 3 3 3 3 3 3 3 3 3 3 3 3 3 3 3 3 3 3 3 3 3 3 3 3 3 3 3 3 3 3 3 3 3 3 3 3 3 3 3 3 3 3 3 3 3 3 3 3 3 3 3 3 3 3 3 3 3 3 3 3 3 3 3 3 3 3 3 3 3 3 3 3 3 3 3 3 3 3 3 3 3 3 3 3 3 3 3 3 3 3 3 3 3 3 3 3 3 3 3 3 3 3 3 3 3 3 3 3 3 3 3 3 3 3 3 3 3 3 3 3 3 3 3 3 3 3 3 3 3 3 3 3 3 3 3 3 3 3 3 3 3 3 3 3 3 3 3 3 3 3 3 3 3 3 3 3 3 3 3 3 3 3 3 3 3 3 3 3 3 3 3 3 3 3 3 3 3 3 3 3 3 3 3 3 3 3 3 3 3 3 3 3 3 3 3 3 3 3 3 3 3 3 3 3 3 3 3 3 3 3 3 3 3 3 3 3 3 3 3 3 3 3 3 3 3 3 3 3 3 3 3 3 3 3 3 3 3 3 3 3 3 3 3 3 3 3 3 3 3 3 3 3 3 3 3 3 3 3 3 3 3 3 3 3 3 3 3 3 3 3 3 3 3 3 3 3 3 3 3 3 3 3 3 3 3 3 3 3 3 3 3 3 3 3 3 3 3 3 3 3 3 3 3 3 3 3 3 3 3 3 3 3 3 3 3 3 3 3 3 3 3 3 3 3 3 3 3 3 3 3 3 3 3 3 3 3 3 3 3 3 3 3 3 3 3 3 3 3 3 3 3 3 3 3 3 3 3 3 3 3 3 3 3 3 3 3 3 3 3 3 3 3 3 3 3 3 3 3 3 3 3 3 3 3 3 3 3 3 3 3 3 3 3 3 3 3 3 3 3 3 3 3 3 3 3 3 3 3 3 3 3 3 3 3 3 3 3 3 3 3 3 3 3 3 3 3 3 3 3 3 3 3 3 3 3 3 3 3 3</vcount>
                    <p>2 2 2 1 1 1 0 0 0 3 3 3 1 1 1 2 2 2 4 4 4 3 3 3 2 2 2 5 5 5 3 3 3 4 4 4 6 6 6 5 5 5 4 4 4 7 7 7 5 5 5 6 6 6 8 8 7 7 7 7 6 6 6 9 9 8 7 7 7 8 8 7 10 10 9 9 9 8 8 8 7 11 11 8 9 9 8 10 10 9 12 12 9 11 11 8 10 10 9 13 13 9 11 11 8 12 12 9 14 14 7 13 13 9 12 12 9 15 15 7 13 13 9 14 14 7 16 16 10 15 15 7 14 14 7 17 17 7 15 15 7 16 16 10 18 18 7 17 17 7 16 16 10 19 19 7 17 17 7 18 18 7 20 20 7 19 19 7 18 18 7 21 21 11 19 19 7 20 20 7 22 22 12 21 21 11 20 20 7 23 23 13 21 21 11 22 22 12 24 24 14 23 23 13 22 22 12 25 25 15 23 23 13 24 24 14 28 28 16 27 27 17 26 26 16 29 29 18 27 27 17 28 28 16 30 30 6 29 29 18 28 28 16 31 31 19 29 29 18 30 30 6 32 32 20 31 31 19 30 30 6 33 33 21 31 31 19 32 32 20 34 34 22 33 33 21 32 32 20 35 35 23 33 33 21 34 34 22 36 36 24 35 35 23 34 34 22 37 37 25 35 35 23 36 36 24 38 38 26 37 37 25 36 36 24 39 39 27 37 37 25 38 38 26 40 40 28 39 39 27 38 38 26 41 41 29 39 39 27 40 40 28 42 42 9 41 41 29 40 40 28 43 43 29 41 41 29 42 42 9 44 44 9 43 43 29 42 42 9 45 45 9 43 43 29 44 44 9 46 46 9 45 45 9 44 44 9 47 47 9 45 45 9 46 46 9 48 48 30 47 47 9 46 46 9 51 51 33 50 50 32 49 49 31 52 52 34 50 50 32 51 51 33 53 53 35 52 52 34 51 51 33 54 54 18 52 52 34 53 53 35 55 55 36 54 54 18 53 53 35 56 56 37 54 54 18 55 55 36 57 57 38 56 56 37 55 55 36 58 58 39 56 56 37 57 57 38 59 59 40 58 58 39 57 57 38 60 60 41 58 58 39 59 59 40 61 61 42 60 60 41 59 59 40 62 62 43 60 60 41 61 61 42 63 63 41 62 62 43 61 61 42 64 64 44 62 62 43 63 63 41 65 65 45 64 64 44 63 63 41 68 68 46 67 67 46 66 66 46 69 69 46 67 67 46 68 68 46 70 70 46 69 69 46 68 68 46 71 71 46 69 69 46 70 70 46 72 72 46 71 71 46 70 70 46 73 73 46 71 71 46 72 72 46 74 74 47 73 73 46 72 72 46 75 75 46 73 73 46 74 74 47 76 76 48 75 75 46 74 74 47 73 73 46 75 75 46 76 76 48 77 77 49 73 73 46 76 76 48 78 78 50 73 73 46 77 77 49 79 79 51 78 78 50 77 77 49 80 80 52 78 78 50 79 79 51 83 83 54 82 82 43 81 81 53 84 84 55 82 82 43 83 83 54 85 85 56 84 84 55 83 83 54 86 86 56 84 84 55 85 85 56 87 87 52 86 86 56 85 85 56 88 88 57 86 86 56 87 87 52 89 89 58 88 88 57 87 87 52 90 90 59 88 88 57 89 89 58 91 91 60 90 90 59 89 89 58 92 92 61 90 90 59 91 91 60 93 93 62 92 92 61 91 91 60 94 94 63 92 92 61 93 93 62 95 95 64 94 94 63 93 93 62 96 96 62 94 94 63 95 95 64 99 99 47 98 98 46 97 97 46 100 100 46 98 98 46 99 99 47 68 68 46 100 100 46 99 99 47 101 101 46 100 100 46 68 68 46 66 66 46 101 101 46 68 68 46 102 102 39 101 101 46 66 66 46 67 67 46 102 102 39 66 66 46 103 103 65 102 102 39 67 67 46 104 104 66 103 103 65 67 67 46 105 105 67 103 103 65 104 104 66 106 106 68 105 105 67 104 104 66 37 37 25 105 105 67 106 106 68 33 33 21 37 37 25 106 106 68 35 35 23 37 37 25 33 33 21 91 91 60 107 107 69 93 93 62 108 108 70 107 107 69 91 91 60 109 109 16 108 108 70 91 91 60 110 110 71 108 108 70 109 109 16 111 111 72 110 110 71 109 109 16 112 112 73 110 110 71 111 111 72 113 113 7 112 112 73 111 111 72 114 114 29 112 112 73 113 113 7 115 115 7 114 114 29 113 113 7 116 116 10 114 114 29 115 115 7 117 117 9 116 116 10 115 115 7 118 118 9 116 116 10 117 117 9 119 119 74 118 118 9 117 117 9 122 122 77 121 121 76 120 120 75 123 123 78 121 121 76 122 122 77 124 124 79 123 123 78 122 122 77 125 125 80 123 123 78 124 124 79 126 126 81 125 125 80 124 124 79 127 127 82 125 125 80 126 126 81 128 128 26 127 127 82 126 126 81 129 129 74 127 127 82 128 128 26 130 130 7 129 129 74 128 128 26 131 131 9 129 129 74 130 130 7 132 132 83 131 131 9 130 130 7 133 133 9 131 131 9 132 132 83 134 134 10 133 133 9 132 132 83 137 137 9 136 136 84 135 135 9 138 138 9 136 136 84 137 137 9 139 139 7 138 138 9 137 137 9 140 140 85 138 138 9 139 139 7 141 141 10 140 140 85 139 139 7 142 142 7 140 140 85 141 141 10 143 143 9 142 142 7 141 141 10 144 144 9 142 142 7 143 143 9 145 145 9 144 144 9 143 143 9 146 146 30 144 144 9 145 145 9 147 147 9 146 146 30 145 145 9 19 19 7 146 146 30 147 147 9 17 17 7 19 19 7 147 147 9 150 150 63 149 149 87 148 148 86 151 151 88 149 149 87 150 150 63 152 152 79 151 151 88 150 150 63 153 153 60 151 151 88 152 152 79 154 154 89 153 153 60 152 152 79 155 155 90 153 153 60 154 154 89 156 156 9 155 155 90 154 154 89 157 157 91 155 155 90 156 156 9 158 158 9 157 157 91 156 156 9 159 159 9 157 157 91 158 158 9 160 160 9 159 159 9 158 158 9 161 161 9 159 159 9 160 160 9 162 162 7 161 161 9 160 160 9 165 165 36 164 164 29 163 163 30 166 166 63 164 164 29 165 165 36 167 167 5 166 166 63 165 165 36 168 168 92 166 166 63 167 167 5 169 169 68 168 168 92 167 167 5 170 170 93 168 168 92 169 169 68 171 171 94 170 170 93 169 169 68 172 172 95 170 170 93 171 171 94 173 173 34 172 172 95 171 171 94 174 174 96 172 172 95 173 173 34 175 175 6 174 174 96 173 173 34 176 176 30 174 174 96 175 175 6 110 110 71 177 177 75 108 108 70 148 148 86 177 177 75 110 110 71 178 178 71 148 148 86 110 110 71 150 150 63 148 148 86 178 178 71 114 114 29 150 150 63 178 178 71 179 179 74 150 150 63 114 114 29 116 116 10 179 179 74 114 114 29 180 180 9 179 179 74 116 116 10 181 181 9 180 180 9 116 116 10 134 182 10 180 180 9 181 181 9 182 183 7 134 182 10 181 181 9 133 184 9 134 182 10 182 183 7 125 125 80 183 185 97 123 123 78 184 186 69 183 185 97 125 125 80 185 187 98 184 186 69 125 125 80 186 188 61 184 186 69 185 187 98 129 129 74 186 188 61 185 187 98 187 189 90 186 188 61 129 129 74 131 131 9 187 189 90 129 129 74 188 190 73 187 189 90 131 131 9 189 191 9 188 190 73 131 131 9 119 192 74 188 190 73 189 191 9 182 193 7 119 192 74 189 191 9 118 194 9 119 192 74 182 193 7 46 46 9 190 195 99 48 48 30 191 196 6 190 195 99 46 46 9 192 197 9 191 196 6 46 46 9 193 198 100 191 196 6 192 197 9 42 42 9 193 198 100 192 197 9 194 199 82 193 198 100 42 42 9 40 40 28 194 199 82 42 42 9 195 200 101 194 199 82 40 40 28 196 201 45 195 200 101 40 40 28 36 36 24 195 200 101 196 201 45 40 40 28 36 36 24 196 201 45 38 38 26 36 36 24 40 40 28 10 10 9 14 14 7 12 12 9 197 202 9 14 14 7 10 10 9 198 203 9 197 202 9 10 10 9 14 14 7 197 202 9 198 203 9 199 204 9 14 14 7 198 203 9 16 16 10 14 14 7 199 204 9 200 205 9 16 16 10 199 204 9 201 206 9 16 16 10 200 205 9 202 207 9 201 206 9 200 205 9 20 20 7 201 206 9 202 207 9 203 208 9 20 20 7 202 207 9 22 22 12 20 20 7 203 208 9 53 53 35 57 57 38 55 55 36 204 209 54 57 57 38 53 53 35 205 210 102 204 209 54 53 53 35 57 57 38 204 209 54 205 210 102 206 211 40 57 57 38 205 210 102 59 59 40 57 57 38 206 211 40 207 212 103 59 59 40 206 211 40 208 213 21 59 59 40 207 212 103 209 214 104 208 213 21 207 212 103 210 215 48 208 213 21 209 214 104 211 216 15 210 215 48 209 214 104 212 217 94 210 215 48 211 216 15 139 139 7 143 143 9 141 141 10 213 218 9 143 143 9 139 139 7 214 219 9 213 218 9 139 139 7 215 220 29 213 218 9 214 219 9 216 221 29 215 220 29 214 219 9 217 222 64 215 220 29 216 221 29 218 223 29 217 222 64 216 221 29 219 224 77 217 222 64 218 223 29 220 225 61 219 224 77 218 223 29 221 226 105 219 224 77 220 225 61 222 227 106 221 226 105 220 225 61 171 230 94 175 229 6 173 228 34 223 231 56 175 229 6 171 230 94 224 232 107 223 231 56 171 230 94 225 233 14 223 231 56 224 232 107 226 234 95 225 233 14 224 232 107 227 235 108 225 233 14 226 234 95 228 236 55 227 235 108 226 234 95 229 237 109 227 235 108 228 236 55 230 238 93 229 237 109 228 236 55 231 239 92 229 237 109 230 238 93 232 240 67 231 239 92 230 238 93 23 23 13 19 19 7 21 21 11 233 241 110 19 19 7 23 23 13 234 242 51 233 241 110 23 23 13 146 146 30 233 241 110 234 242 51 235 243 6 146 146 30 234 242 51 142 142 7 146 146 30 235 243 6 236 244 4 142 142 7 235 243 6 237 245 110 142 142 7 236 244 4 238 246 34 237 245 110 236 244 4 140 140 85 237 245 110 238 246 34 240 248 111 7 7 7 239 247 77 241 249 112 7 7 7 240 248 111 231 239 92 241 249 112 240 248 111 5 5 5 241 249 112 231 239 92 232 240 67 5 5 5 231 239 92 242 250 113 5 5 5 232 240 67 230 238 93 242 250 113 232 240 67 243 251 65 242 250 113 230 238 93 244 252 47 243 251 65 230 238 93 247 255 107 246 254 115 245 253 114 248 256 15 246 254 115 247 255 107 249 257 67 248 256 15 247 255 107 250 258 116 248 256 15 249 257 67 251 259 109 250 258 116 249 257 67 252 260 3 250 258 116 251 259 109 238 261 34 252 260 3 251 259 109 253 262 117 252 260 3 238 261 34 254 263 118 253 262 117 238 261 34 84 84 55 255 264 25 82 82 43 245 253 114 255 264 25 84 84 55 256 265 107 245 253 114 84 84 55 247 255 107 245 253 114 256 265 107 88 88 57 247 255 107 256 265 107 257 266 119 247 255 107 88 88 57 90 90 59 257 266 119 88 88 57 258 267 57 257 266 119 90 90 59 259 268 120 258 267 57 90 90 59 262 271 64 261 270 70 260 269 87 120 120 75 261 270 70 262 271 64 263 272 121 120 120 75 262 271 64 122 122 77 120 120 75 263 272 121 79 273 51 122 122 77 263 272 121 264 274 119 122 122 77 79 273 51 76 275 48 264 274 119 79 273 51 265 276 122 264 274 119 76 275 48 266 277 123 265 276 122 76 275 48 11 11 8 268 279 111 267 278 124 269 280 90 268 279 111 11 11 8 13 13 9 269 280 90 11 11 8 270 281 90 269 280 90 13 13 9 271 282 10 270 281 90 13 13 9 145 145 9 270 281 90 271 282 10 17 17 7 145 145 9 271 282 10 147 147 9 145 145 9 17 17 7 215 220 29 143 143 9 213 218 9 272 283 74 143 143 9 215 220 29 273 284 111 272 283 74 215 220 29 270 281 90 272 283 74 273 284 111 274 285 63 270 281 90 273 284 111 268 279 111 270 281 90 274 285 63 275 286 125 268 279 111 274 285 63 276 287 105 268 279 111 275 286 125 278 289 10 218 223 29 277 288 9 279 290 74 218 223 29 278 289 10 280 291 9 279 290 74 278 289 10 281 292 74 279 290 74 280 291 9 282 293 27 281 292 74 280 291 9 225 233 14 281 292 74 282 293 27 175 229 6 225 233 14 282 293 27 223 231 56 225 233 14 175 229 6 214 219 9 218 223 29 216 221 29 277 288 9 218 223 29 214 219 9 283 294 9 277 288 9 214 219 9 278 289 10 277 288 9 283 294 9 284 295 9 278 289 10 283 294 9 285 296 9 278 289 10 284 295 9 286 297 7 285 296 9 284 295 9 287 298 9 285 296 9 286 297 7 290 301 88 289 300 86 288 299 126 291 302 78 289 300 86 290 301 88 292 303 127 291 302 78 290 301 88 293 304 64 291 302 78 292 303 127 294 305 29 293 304 64 292 303 127 295 306 8 293 304 64 294 305 29 286 307 7 295 306 8 294 305 29 296 308 9 295 306 8 286 307 7 87 87 52 111 111 72 89 89 58 297 309 96 111 111 72 87 87 52 298 310 72 297 309 96 87 87 52 113 113 7 297 309 96 298 310 72 299 311 7 113 113 7 298 310 72 117 117 9 113 113 7 299 311 7 300 312 9 117 117 9 299 311 7 301 313 9 117 117 9 300 312 9 94 94 63 90 90 59 92 92 61 259 268 120 90 90 59 94 94 63 302 314 2 259 268 120 94 94 63 258 267 57 259 268 120 302 314 2 303 315 45 258 267 57 302 314 2 251 259 109 258 267 57 303 315 45 136 316 84 251 259 109 303 315 45 304 317 14 251 259 109 136 316 84 305 318 35 23 23 13 25 25 15 234 242 51 23 23 13 305 318 35 306 319 114 234 242 51 305 318 35 307 320 5 234 242 51 306 319 114 253 321 117 307 320 5 306 319 114 236 244 4 307 320 5 253 321 117 254 322 118 236 244 4 253 321 117 238 246 34 236 244 4 254 322 118 310 325 128 309 324 83 308 323 52 311 326 85 309 324 83 310 325 128 312 327 72 311 326 85 310 325 128 313 328 9 311 326 85 312 327 72 314 329 9 313 328 9 312 327 72 156 156 9 313 328 9 314 329 9 160 160 9 156 156 9 314 329 9 158 158 9 156 156 9 160 160 9 302 314 2 136 316 84 303 315 45 135 330 9 136 316 84 302 314 2 315 331 129 135 330 9 302 314 2 295 306 8 135 330 9 315 331 129 316 332 111 295 306 8 315 331 129 293 304 64 295 306 8 316 332 111 317 333 105 293 304 64 316 332 111 71 71 46 67 67 46 69 69 46 318 334 46 67 67 46 71 71 46 319 335 47 318 334 46 71 71 46 104 104 66 318 334 46 319 335 47 320 336 130 104 104 66 319 335 47 33 33 21 104 104 66 320 336 130 31 31 19 33 33 21 320 336 130 50 339 32 321 338 131 49 337 31 322 340 99 321 338 131 50 339 32 323 341 16 322 340 99 50 339 32 324 342 8 322 340 99 323 341 16 325 343 77 324 342 8 323 341 16 326 344 71 324 342 8 325 343 77 327 345 132 326 344 71 325 343 77 220 225 61 328 346 64 222 227 106 329 347 98 328 346 64 220 225 61 281 292 74 329 347 98 220 225 61 330 348 129 329 347 98 281 292 74 331 349 72 330 348 129 281 292 74 227 235 108 330 348 129 331 349 72 225 233 14 227 235 108 331 349 72 224 232 107 228 236 55 226 234 95 332 350 38 228 236 55 224 232 107 333 351 47 332 350 38 224 232 107 228 236 55 332 350 38 333 351 47 334 352 42 228 236 55 333 351 47 230 238 93 228 236 55 334 352 42 244 252 47 230 238 93 334 352 42 202 207 9 45 354 9 47 353 9 335 355 9 45 354 9 202 207 9 200 205 9 335 355 9 202 207 9 336 356 29 335 355 9 200 205 9 337 357 29 336 356 29 200 205 9 338 358 16 336 356 29 337 357 29 339 359 73 338 358 16 337 357 29 31 31 19 27 27 17 29 29 18 340 360 39 27 27 17 31 31 19 319 335 47 340 360 39 31 31 19 78 78 50 340 360 39 319 335 47 341 361 46 78 78 50 319 335 47 73 73 46 78 78 50 341 361 46 71 71 46 73 73 46 341 361 46 344 364 107 343 363 11 342 362 83 163 163 30 343 363 11 344 364 107 345 365 25 163 163 30 344 364 107 165 165 36 163 163 30 345 365 25 346 366 40 165 165 36 345 365 25 347 367 123 165 165 36 346 366 40 244 368 47 347 367 123 346 366 40 195 200 101 193 198 100 194 199 82 348 369 133 193 198 100 195 200 101 349 370 24 348 369 133 195 200 101 350 371 3 348 369 133 349 370 24 351 372 133 350 371 3 349 370 24 352 373 56 350 371 3 351 372 133 353 374 84 352 373 56 351 372 133 309 324 83 134 182 10 354 375 83 355 376 9 134 182 10 309 324 83 313 328 9 355 376 9 309 324 83 180 180 9 355 376 9 313 328 9 356 377 9 180 180 9 313 328 9 154 154 89 180 180 9 356 377 9 156 156 9 154 154 89 356 377 9 359 380 56 358 379 16 357 378 129 360 381 124 358 379 16 359 380 56 361 382 57 360 381 124 359 380 56 362 383 33 360 381 124 361 382 57 306 384 114 362 383 33 361 382 57 305 385 35 362 383 33 306 384 114 0 388 0 363 387 88 2 386 2 364 389 8 363 387 88 0 388 0 1 390 1 364 389 8 0 388 0 365 391 93 364 389 8 1 390 1 101 101 46 365 391 93 1 390 1 102 102 39 365 391 93 101 101 46 364 389 8 366 392 71 363 387 88 367 393 106 366 392 71 364 389 8 368 394 30 367 393 106 364 389 8 369 395 131 367 393 106 368 394 30 102 102 39 369 395 131 368 394 30 103 103 65 369 395 131 102 102 39 372 398 4 371 397 4 370 396 14 373 399 34 371 397 4 372 398 4 374 400 87 373 399 34 372 398 4 375 401 34 373 399 34 374 400 87 376 402 132 375 401 34 374 400 87 377 403 132 375 401 34 376 402 132 372 398 4 378 404 125 374 400 87 379 405 87 378 404 125 372 398 4 380 406 108 379 405 87 372 398 4 381 407 81 379 405 87 380 406 108 382 408 109 381 407 81 380 406 108 383 409 53 381 407 81 382 408 109 386 412 15 385 411 74 384 410 60 342 362 83 385 411 74 386 412 15 387 413 1 342 362 83 386 412 15 344 364 107 342 362 83 387 413 1 388 414 40 344 364 107 387 413 1 389 415 134 344 364 107 388 414 40 28 418 16 391 417 125 390 416 76 260 269 87 391 417 125 28 418 16 26 419 16 260 269 87 28 418 16 262 271 64 260 269 87 26 419 16 27 420 17 262 271 64 26 419 16 80 421 52 262 271 64 27 420 17 4 4 4 8 8 7 6 6 6 392 422 30 8 8 7 4 4 4 393 423 135 392 422 30 4 4 4 339 359 73 392 422 30 393 423 135 394 424 16 339 359 73 393 423 135 338 358 16 339 359 73 394 424 16 381 407 81 395 425 136 379 405 87 384 410 60 395 425 136 381 407 81 396 426 137 384 410 60 381 407 81 386 412 15 384 410 60 396 426 137 397 427 138 386 412 15 396 426 137 398 428 123 386 412 15 397 427 138 399 429 139 7 7 7 9 9 8 239 247 77 7 7 7 399 429 139 400 430 132 239 247 77 399 429 139 240 248 111 239 247 77 400 430 132 401 431 105 240 248 111 400 430 132 402 432 140 240 248 111 401 431 105 30 30 6 34 34 22 32 32 20 403 433 14 34 34 22 30 30 6 404 434 77 403 433 14 30 30 6 353 374 84 403 433 14 404 434 77 405 435 61 353 374 84 404 434 77 406 436 63 353 374 84 405 435 61 406 439 63 408 438 96 407 437 27 409 440 111 408 438 96 406 439 63 410 441 140 409 440 111 406 439 63 411 442 16 409 440 111 410 441 140 412 443 105 411 442 16 410 441 140 413 444 105 411 442 16 412 443 105 416 447 140 415 446 86 414 445 86 417 448 106 415 446 86 416 447 140 418 449 141 417 448 106 416 447 140 326 344 71 417 448 106 418 449 141 419 450 29 326 344 71 418 449 141 324 342 8 326 344 71 419 450 29 422 453 111 421 452 86 420 451 86 423 454 69 421 452 86 422 453 111 39 39 27 423 454 69 422 453 111 424 455 124 423 454 69 39 39 27 41 41 29 424 455 124 39 39 27 43 43 29 424 455 124 41 41 29 81 81 53 426 457 109 425 456 48 427 458 117 426 457 109 81 81 53 82 82 43 427 458 117 81 81 53 428 459 98 427 458 117 82 82 43 429 460 74 428 459 98 82 82 43 430 461 129 330 348 129 227 235 108 431 462 64 330 348 129 430 461 129 432 463 98 431 462 64 430 461 129 433 464 97 431 462 64 432 463 98 402 432 140 433 464 97 432 463 98 434 465 142 268 279 111 276 287 105 267 278 124 268 279 111 434 465 142 399 429 139 267 278 124 434 465 142 11 11 8 267 278 124 399 429 139 9 9 8 11 11 8 399 429 139 244 368 47 98 467 46 243 466 65 97 468 46 98 467 46 244 368 47 346 366 40 97 468 46 244 368 47 99 469 47 97 468 46 346 366 40 389 415 134 99 469 47 346 366 40 172 172 95 168 168 92 170 170 93 435 470 13 168 168 92 172 172 95 436 471 108 435 470 13 172 172 95 437 472 76 435 470 13 436 471 108 438 473 87 437 472 76 436 471 108 292 303 127 286 307 7 294 305 29 287 474 9 286 307 7 292 303 127 159 159 9 287 474 9 292 303 127 285 475 9 287 474 9 159 159 9 161 161 9 285 475 9 159 159 9 312 327 72 160 160 9 314 329 9 439 476 30 160 160 9 312 327 72 174 477 96 439 476 30 312 327 72 162 162 7 439 476 30 174 477 96 176 478 30 162 162 7 174 477 96 157 157 91 153 153 60 155 155 90 440 479 139 153 153 60 157 157 91 290 301 88 440 479 139 157 157 91 441 480 87 440 479 139 290 301 88 288 299 126 441 480 87 290 301 88 65 65 45 48 482 30 190 481 99 442 483 110 48 482 30 65 65 45 443 484 101 442 483 110 65 65 45 22 485 12 442 483 110 443 484 101 24 486 14 22 485 12 443 484 101 188 190 73 186 188 61 187 189 90 444 487 64 186 188 61 188 190 73 416 447 140 444 487 64 188 190 73 445 488 70 444 487 64 416 447 140 414 445 86 445 488 70 416 447 140 446 491 77 52 490 34 54 489 18 50 339 32 52 490 34 446 491 77 447 492 16 50 339 32 446 491 77 323 341 16 50 339 32 447 492 16 448 493 87 323 341 16 447 492 16 105 105 67 369 395 131 103 103 65 449 494 11 369 395 131 105 105 67 422 453 111 449 494 11 105 105 67 450 495 70 449 494 11 422 453 111 420 451 86 450 495 70 422 453 111 162 497 7 285 296 9 161 496 9 451 498 9 285 296 9 162 497 7 280 291 9 451 498 9 162 497 7 278 289 10 451 498 9 280 291 9 452 500 30 298 310 72 321 499 131 300 312 9 298 310 72 452 500 30 324 501 8 300 312 9 452 500 30 419 502 29 300 312 9 324 501 8 321 499 131 85 85 56 49 503 31 453 504 32 85 85 56 321 499 131 298 310 72 453 504 32 321 499 131 87 87 52 453 504 32 298 310 72 455 506 76 217 222 64 454 505 87 456 507 139 217 222 64 455 506 76 273 284 111 456 507 139 455 506 76 215 220 29 456 507 139 273 284 111 382 509 109 265 276 122 383 508 53 457 510 5 265 276 122 382 509 109 128 128 26 457 510 5 382 509 109 126 126 81 457 510 5 128 128 26 350 371 3 193 198 100 348 369 133 458 511 51 193 198 100 350 371 3 62 512 43 458 511 51 350 371 3 191 196 6 458 511 51 62 512 43 248 515 15 460 514 9 459 513 85 357 378 129 460 514 9 248 515 15 461 516 33 357 378 129 248 515 15 359 380 56 357 378 129 461 516 33 436 471 108 377 403 132 438 473 87 462 517 143 377 403 132 436 471 108 310 518 128 462 517 143 436 471 108 375 401 34 462 517 143 310 518 128 406 439 63 463 519 88 410 441 140 464 520 140 463 519 88 406 439 63 405 521 61 464 520 140 406 439 63 404 522 77 464 520 140 405 521 61 404 522 77 465 523 76 464 520 140 390 416 76 465 523 76 404 522 77 466 524 139 390 416 76 404 522 77 28 418 16 390 416 76 466 524 139 468 527 125 467 526 111 338 525 16 469 528 63 467 526 111 468 527 125 470 529 78 469 528 63 468 527 125 471 530 125 469 528 63 470 529 78 443 484 101 25 531 15 24 486 14 472 532 114 25 531 15 443 484 101 210 215 48 472 532 114 443 484 101 212 217 94 472 532 114 210 215 48 81 534 53 51 51 33 83 533 54 473 535 114 51 51 33 81 534 53 205 210 102 473 535 114 81 534 53 53 53 35 473 535 114 205 210 102 388 537 40 99 99 47 389 536 134 474 538 46 99 99 47 388 537 40 70 70 46 474 538 46 388 537 40 68 68 46 474 538 46 70 70 46 339 359 73 8 8 7 392 422 30 475 539 9 8 8 7 339 359 73 198 203 9 475 539 9 339 359 73 10 10 9 475 539 9 198 203 9 210 215 48 63 63 41 208 213 21 476 540 104 63 63 41 210 215 48 443 484 101 476 540 104 210 215 48 65 65 45 476 540 104 443 484 101 231 239 92 432 463 98 229 237 109 477 541 60 432 463 98 231 239 92 240 248 111 477 541 60 231 239 92 402 432 140 477 541 60 240 248 111 478 544 60 211 543 15 209 542 104 212 545 94 211 543 15 478 544 60 479 546 129 212 545 94 478 544 60 480 547 60 212 545 94 479 546 129 293 304 64 289 300 86 291 302 78 481 548 76 289 300 86 293 304 64 317 333 105 481 548 76 293 304 64 140 140 85 136 136 84 138 138 9 304 549 14 136 136 84 140 140 85 238 246 34 304 549 14 140 140 85 482 550 137 349 370 24 195 200 101 34 34 22 349 370 24 482 550 137 36 36 24 34 34 22 482 550 137 273 284 111 275 286 125 274 285 63 483 551 125 275 286 125 273 284 111 455 506 76 483 551 125 273 284 111 323 341 16 327 345 132 325 343 77 484 552 87 327 345 132 323 341 16 448 493 87 484 552 87 323 341 16 74 74 47 266 553 123 76 76 48 397 554 138 266 553 123 74 74 47 398 555 123 397 554 138 74 74 47 60 60 41 56 56 37 58 58 39 485 556 94 56 56 37 60 60 41 352 557 56 485 556 94 60 60 41 349 370 24 353 374 84 351 372 133 403 433 14 353 374 84 349 370 24 34 34 22 403 433 14 349 370 24 2 386 2 487 559 140 486 558 144 488 560 106 487 559 140 2 386 2 363 387 88 488 560 106 2 386 2 207 212 103 489 561 5 209 214 104 426 562 109 489 561 5 207 212 103 425 563 48 426 562 109 207 212 103 490 564 141 292 303 127 290 301 88 159 159 9 292 303 127 490 564 141 157 157 91 159 159 9 490 564 141 491 565 60 315 331 129 302 314 2 96 96 62 315 331 129 491 565 60 94 94 63 96 96 62 491 565 60 245 568 114 492 567 145 255 566 25 493 569 99 492 567 145 245 568 114 459 513 85 493 569 99 245 568 114 494 570 77 446 491 77 54 489 18 413 444 105 446 491 77 494 570 77 411 442 16 413 444 105 494 570 77 191 196 6 65 571 45 190 195 99 64 572 44 65 571 45 191 196 6 62 512 43 64 572 44 191 196 6 446 491 77 448 493 87 447 492 16 495 573 87 448 493 87 446 491 77 413 444 105 495 573 87 446 491 77 250 258 116 461 574 33 248 256 15 359 575 56 461 574 33 250 258 116 496 576 55 359 575 56 250 258 116 497 577 10 214 219 9 139 139 7 283 294 9 214 219 9 497 577 10 137 137 9 283 294 9 497 577 10 326 344 71 415 446 86 417 448 106 498 578 70 415 446 86 326 344 71 327 345 132 498 578 70 326 344 71 283 294 9 286 297 7 284 295 9 296 579 9 286 297 7 283 294 9 137 137 9 296 579 9 283 294 9 258 267 57 247 255 107 257 266 119 249 257 67 247 255 107 258 267 57 251 259 109 249 257 67 258 267 57 500 582 86 393 581 135 499 580 76 394 583 16 393 581 135 500 582 86 338 525 16 394 583 16 500 582 86 411 442 16 408 438 96 409 440 111 501 584 100 408 438 96 411 442 16 54 489 18 501 584 100 411 442 16 375 401 34 371 397 4 373 399 34 308 585 52 371 397 4 375 401 34 310 518 128 308 585 52 375 401 34 424 455 124 421 452 86 423 454 69 502 586 86 421 452 86 424 455 124 471 530 125 502 586 86 424 455 124 25 531 15 362 383 33 305 385 35 503 587 36 362 383 33 25 531 15 212 217 94 503 587 36 25 531 15 505 589 124 426 457 109 504 588 77 489 590 5 426 457 109 505 589 124 209 542 104 489 590 5 505 589 124 506 591 146 418 449 141 416 447 140 119 192 74 418 449 141 506 591 146 188 190 73 119 192 74 506 591 146 48 482 30 202 593 9 47 592 9 203 594 9 202 593 9 48 482 30 22 485 12 203 594 9 48 482 30 132 132 83 354 595 83 134 134 10 371 596 4 354 595 83 132 132 83 370 597 14 371 596 4 132 132 83 70 70 46 74 74 47 72 72 46 398 555 123 74 74 47 70 70 46 388 537 40 398 555 123 70 70 46 507 598 129 424 455 124 43 43 29 471 530 125 424 455 124 507 598 129 469 528 63 471 530 125 507 598 129 128 128 26 132 132 83 130 130 7 370 597 14 132 132 83 128 128 26 382 509 109 370 597 14 128 128 26 508 599 118 422 453 111 105 105 67 39 39 27 422 453 111 508 599 118 37 37 25 39 39 27 508 599 118 101 101 46 98 98 46 100 100 46 509 600 147 98 98 46 101 101 46 1 390 1 509 600 147 101 101 46 315 331 129 317 333 105 316 332 111 510 601 106 317 333 105 315 331 129 96 96 62 510 601 106 315 331 129 330 348 129 328 346 64 329 347 98 511 602 139 328 346 64 330 348 129 431 462 64 511 602 139 330 348 129 418 449 141 300 603 9 419 450 29 301 604 9 300 603 9 418 449 141 119 192 74 301 604 9 418 449 141 514 607 150 513 606 149 512 605 148 515 608 151 513 606 149 514 607 150 515 608 151 516 609 152 513 606 149 517 610 151 516 609 152 515 608 151 517 610 151 518 611 150 516 609 152 519 612 153 518 611 150 517 610 151 519 612 153 520 613 154 518 611 150 521 614 155 520 613 154 519 612 153 521 614 155 522 615 156 520 613 154 523 616 157 522 615 156 521 614 155 522 619 156 525 618 159 524 617 158 526 620 160 525 618 159 522 619 156 526 620 160 527 621 161 525 618 159 528 622 162 527 621 161 526 620 160 528 622 162 529 623 163 527 621 161 530 624 164 529 623 163 528 622 162 530 624 164 531 625 165 529 623 163 532 626 166 531 625 165 530 624 164 532 626 166 533 627 167 531 625 165 534 628 168 533 627 167 532 626 166 534 628 168 535 629 169 533 627 167 536 630 170 535 629 169 534 628 168 536 630 170 537 631 156 535 629 169 512 605 148 537 631 156 536 630 170 512 605 148 538 632 171 537 631 156 513 606 149 538 632 171 512 605 148 513 606 149 539 633 148 538 632 171 516 609 152 539 633 148 513 606 149 516 609 152 540 634 151 539 633 148 518 611 150 540 634 151 516 609 152 518 611 150 541 635 172 540 634 151 520 613 154 541 635 172 518 611 150 520 613 154 524 636 158 541 635 172 522 615 156 524 636 158 520 613 154 393 581 135 487 559 140 499 580 76 486 558 144 487 559 140 393 581 135 450 495 70 369 395 131 449 494 11 542 637 88 369 395 131 450 495 70 102 102 39 364 389 8 365 391 93 368 394 30 364 389 8 102 102 39 543 638 70 338 525 16 500 582 86 468 527 125 338 525 16 543 638 70 227 235 108 432 463 98 430 461 129 229 237 109 432 463 98 227 235 108 466 639 139 30 30 6 28 28 16 404 434 77 30 30 6 466 639 139 372 641 4 382 509 109 380 640 108 370 597 14 382 509 109 372 641 4 397 427 138 381 407 81 383 409 53 396 426 137 381 407 81 397 427 138 388 414 40 386 412 15 398 428 123 387 413 1 386 412 15 388 414 40 344 364 107 346 366 40 345 365 25 389 415 134 346 366 40 344 364 107 437 472 76 168 168 92 435 470 13 544 642 78 168 168 92 437 472 76 436 471 108 545 643 128 310 518 128 172 172 95 545 643 128 436 471 108 165 165 36 169 169 68 167 167 5 347 367 123 169 169 68 165 165 36 82 645 43 492 567 145 429 644 74 255 566 25 492 567 145 82 645 43 246 646 115 459 513 85 245 568 114 248 515 15 459 513 85 246 646 115 428 459 98 426 457 109 427 458 117 504 588 77 426 457 109 428 459 98 546 647 129 209 542 104 505 589 124 478 544 60 209 542 104 546 647 129 91 91 60 111 111 72 109 109 16 89 89 58 111 111 72 91 91 60 114 114 29 110 110 71 112 112 73 178 178 71 110 110 71 114 114 29 441 480 87 153 153 60 440 479 139 547 648 106 153 153 60 441 480 87 150 150 63 154 154 89 152 152 79 179 179 74 154 154 89 150 150 63 362 650 33 480 547 60 548 649 129 503 651 36 480 547 60 362 650 33 306 384 114 359 380 56 496 652 55 361 382 57 359 380 56 306 384 114 486 653 144 4 4 4 2 2 2 393 423 135 4 4 4 486 653 144 549 654 76 399 429 139 434 465 142 400 430 132 399 429 139 549 654 76 17 17 7 13 13 9 15 15 7 271 282 10 13 13 9 17 17 7 145 145 9 272 283 74 270 281 90 143 143 9 272 283 74 145 145 9 407 655 27 353 374 84 406 436 63 352 373 56 353 374 84 407 655 27 352 657 56 408 438 96 485 656 94 407 437 27 408 438 96 352 657 56 79 273 51 262 271 64 80 421 52 263 272 121 262 271 64 79 273 51 122 122 77 126 126 81 124 124 79 264 274 119 126 126 81 122 122 77 445 488 70 186 188 61 444 487 64 550 658 125 186 188 61 445 488 70 129 129 74 125 125 80 127 127 82 185 187 98 125 125 80 129 129 74 333 659 47 169 169 68 347 367 123 551 660 42 169 169 68 333 659 47 551 661 42 224 232 107 171 230 94 333 351 47 224 232 107 551 661 42 265 663 122 397 554 138 383 662 53 266 553 123 397 554 138 265 663 122 309 665 83 371 596 4 308 664 52 354 595 83 371 596 4 309 665 83 182 193 7 131 131 9 133 133 9 189 191 9 131 131 9 182 193 7 84 84 55 88 88 57 256 265 107 86 86 56 88 88 57 84 84 55 408 666 96 56 56 37 485 556 94 501 667 100 56 56 37 408 666 96 60 60 41 552 668 107 352 557 56 62 62 43 552 668 107 60 60 41 51 671 33 85 670 56 83 669 54 49 337 31 85 670 56 51 671 33 425 563 48 205 210 102 81 534 53 207 212 103 205 210 102 425 563 48 234 242 51 236 244 4 235 243 6 307 320 5 236 244 4 234 242 51 350 371 3 552 672 107 62 512 43 352 373 56 552 672 107 350 371 3 176 673 30 280 291 9 162 497 7 175 229 6 280 291 9 176 673 30 545 674 128 312 327 72 310 325 128 174 477 96 312 327 72 545 674 128 250 258 116 253 262 117 496 576 55 252 260 3 253 262 117 250 258 116 467 675 111 336 356 29 338 358 16 469 676 63 336 356 29 467 675 111 553 677 8 336 356 29 469 676 63 45 354 9 336 356 29 553 677 8 337 357 29 198 203 9 339 359 73 200 205 9 198 203 9 337 357 29 242 679 113 98 467 46 509 678 147 243 466 65 98 467 46 242 679 113 1 1 1 242 250 113 509 680 147 3 3 3 242 250 113 1 1 1 244 252 47 333 351 47 347 681 123 334 352 42 333 351 47 244 252 47 265 276 122 126 126 81 264 274 119 457 510 5 126 126 81 265 276 122 182 183 7 116 116 10 118 118 9 181 181 9 116 116 10 182 183 7 324 342 8 321 338 131 322 340 99 452 682 30 321 338 131 324 342 8 59 59 40 63 63 41 61 61 42 208 213 21 63 63 41 59 59 40 46 46 9 42 42 9 192 197 9 44 44 9 42 42 9 46 46 9 553 683 8 43 43 29 45 45 9 469 528 63 43 43 29 553 683 8 137 684 9 295 306 8 296 308 9 135 330 9 295 306 8 137 684 9 27 27 17 78 78 50 80 80 52 340 360 39 78 78 50 27 27 17 20 20 7 16 16 10 201 206 9 18 18 7 16 16 10 20 20 7 220 225 61 279 290 74 281 292 74 218 223 29 279 290 74 220 225 61 221 226 105 217 222 64 219 224 77 454 505 87 217 222 64 221 226 105 556 687 175 555 686 174 554 685 173 557 688 176 555 686 174 556 687 175 557 688 176 558 689 177 555 686 174 559 690 178 558 689 177 557 688 176 559 690 178 560 691 177 558 689 177 561 692 177 560 691 177 559 690 178 561 692 177 562 693 177 560 691 177 563 694 177 562 693 177 561 692 177 563 694 177 564 695 177 562 693 177 565 696 177 564 695 177 563 694 177 565 696 177 566 697 177 564 695 177 567 698 177 566 697 177 565 696 177 567 698 177 568 699 177 566 697 177 569 700 177 568 699 177 567 698 177 569 700 177 570 701 177 568 699 177 571 702 177 570 701 177 569 700 177 571 702 177 572 703 179 570 701 177 573 704 180 572 703 179 571 702 177 573 704 180 574 705 181 572 703 179 575 706 175 574 705 181 573 704 180 575 706 175 576 707 182 574 705 181 577 708 183 576 707 182 575 706 175 577 708 183 554 709 173 576 707 182 556 710 175 554 709 173 577 708 183 554 685 173 579 712 185 578 711 184 555 686 174 579 712 185 554 685 173 555 686 174 580 713 186 579 712 185 558 689 177 580 713 186 555 686 174 558 689 177 581 714 177 580 713 186 560 691 177 581 714 177 558 689 177 560 691 177 582 715 177 581 714 177 562 693 177 582 715 177 560 691 177 562 693 177 583 716 177 582 715 177 564 695 177 583 716 177 562 693 177 564 695 177 584 717 177 583 716 177 566 697 177 584 717 177 564 695 177 566 697 177 585 718 177 584 717 177 568 699 177 585 718 177 566 697 177 568 699 177 586 719 187 585 718 177 570 701 177 586 719 187 568 699 177 570 701 177 587 720 188 586 719 187 572 703 179 587 720 188 570 701 177 572 703 179 588 721 189 587 720 188 574 705 181 588 721 189 572 703 179 574 705 181 589 722 190 588 721 189 576 707 182 589 722 190 574 705 181 576 707 182 578 723 184 589 722 190 554 709 173 578 723 184 576 707 182 578 711 184 591 725 192 590 724 191 579 712 185 591 725 192 578 711 184 579 712 185 592 726 193 591 725 192 580 713 186 592 726 193 579 712 185 580 713 186 593 727 194 592 726 193 581 714 177 593 727 194 580 713 186 581 714 177 594 728 195 593 727 194 582 715 177 594 728 195 581 714 177 582 715 177 595 729 196 594 728 195 583 716 177 595 729 196 582 715 177 583 716 177 596 730 197 595 729 196 584 717 177 596 730 197 583 716 177 584 717 177 597 731 177 596 730 197 585 718 177 597 731 177 584 717 177 585 718 177 598 732 198 597 731 177 586 719 187 598 732 198 585 718 177 586 719 187 599 733 199 598 732 198 587 720 188 599 733 199 586 719 187 587 720 188 600 734 200 599 733 199 588 721 189 600 734 200 587 720 188 588 721 189 601 735 201 600 734 200 589 722 190 601 735 201 588 721 189 589 722 190 590 736 191 601 735 201 578 723 184 590 736 191 589 722 190 590 724 191 603 738 203 602 737 202 591 725 192 603 738 203 590 724 191 591 725 192 604 739 204 603 738 203 592 726 193 604 739 204 591 725 192 592 726 193 605 740 205 604 739 204 593 727 194 605 740 205 592 726 193 593 727 194 606 741 206 605 740 205 594 728 195 606 741 206 593 727 194 594 728 195 607 742 207 606 741 206 595 729 196 607 742 207 594 728 195 595 729 196 608 743 208 607 742 207 596 730 197 608 743 208 595 729 196 596 730 197 609 744 177 608 743 208 597 731 177 609 744 177 596 730 197 597 731 177 610 745 209 609 744 177 598 732 198 610 745 209 597 731 177 598 732 198 611 746 210 610 745 209 599 733 199 611 746 210 598 732 198 599 733 199 612 747 175 611 746 210 600 734 200 612 747 175 599 733 199 600 734 200 613 748 211 612 747 175 601 735 201 613 748 211 600 734 200 601 735 201 602 749 202 613 748 211 590 736 191 602 749 202 601 735 201 602 737 202 615 751 213 614 750 212 603 738 203 615 751 213 602 737 202 603 738 203 616 752 214 615 751 213 604 739 204 616 752 214 603 738 203 604 739 204 617 753 215 616 752 214 605 740 205 617 753 215 604 739 204 605 740 205 618 754 216 617 753 215 606 741 206 618 754 216 605 740 205 606 741 206 619 755 217 618 754 216 607 742 207 619 755 217 606 741 206 607 742 207 620 756 218 619 755 217 608 743 208 620 756 218 607 742 207 608 743 208 621 757 177 620 756 218 609 744 177 621 757 177 608 743 208 609 744 177 622 758 219 621 757 177 610 745 209 622 758 219 609 744 177 610 745 209 623 759 220 622 758 219 611 746 210 623 759 220 610 745 209 611 746 210 624 760 221 623 759 220 612 747 175 624 760 221 611 746 210 612 747 175 625 761 222 624 760 221 613 748 211 625 761 222 612 747 175 613 748 211 614 762 212 625 761 222 602 749 202 614 762 212 613 748 211 614 750 212 627 764 224 626 763 223 615 751 213 627 764 224 614 750 212 615 751 213 628 765 225 627 764 224 616 752 214 628 765 225 615 751 213 616 752 214 629 766 226 628 765 225 617 753 215 629 766 226 616 752 214 617 753 215 630 767 227 629 766 226 618 754 216 630 767 227 617 753 215 618 754 216 631 768 228 630 767 227 619 755 217 631 768 228 618 754 216 619 755 217 632 769 229 631 768 228 620 756 218 632 769 229 619 755 217 620 756 218 633 770 230 632 769 229 621 757 177 633 770 230 620 756 218 621 757 177 634 771 231 633 770 230 622 758 219 634 771 231 621 757 177 622 758 219 635 772 232 634 771 231 623 759 220 635 772 232 622 758 219 623 759 220 636 773 177 635 772 232 624 760 221 636 773 177 623 759 220 624 760 221 637 774 233 636 773 177 625 761 222 637 774 233 624 760 221 625 761 222 626 775 223 637 774 233 614 762 212 626 775 223 625 761 222 626 763 223 639 777 235 638 776 234 627 764 224 639 777 235 626 763 223 627 764 224 640 778 236 639 777 235 628 765 225 640 778 236 627 764 224 628 765 225 641 779 237 640 778 236 629 766 226 641 779 237 628 765 225 629 766 226 642 780 238 641 779 237 630 767 227 642 780 238 629 766 226 630 767 227 643 781 239 642 780 238 631 768 228 643 781 239 630 767 227 631 768 228 644 782 157 643 781 239 632 769 229 644 782 157 631 768 228 632 769 229 645 783 240 644 782 157 633 770 230 645 783 240 632 769 229 633 770 230 646 784 241 645 783 240 634 771 231 646 784 241 633 770 230 634 771 231 647 785 154 646 784 241 635 772 232 647 785 154 634 771 231 635 772 232 648 786 219 647 785 154 636 773 177 648 786 219 635 772 232 636 773 177 649 787 242 648 786 219 637 774 233 649 787 242 636 773 177 637 774 233 638 788 234 649 787 242 626 775 223 638 788 234 637 774 233 638 776 234 650 790 243 523 789 157 639 777 235 650 790 243 638 776 234 639 777 235 651 791 244 650 790 243 640 778 236 651 791 244 639 777 235 640 778 236 652 792 245 651 791 244 641 779 237 652 792 245 640 778 236 641 779 237 653 793 246 652 792 245 642 780 238 653 793 246 641 779 237 642 780 238 654 794 247 653 793 246 643 781 239 654 794 247 642 780 238 643 781 239 655 795 248 654 794 247 644 782 157 655 795 248 643 781 239 644 782 157 514 607 150 655 795 248 645 783 240 514 607 150 644 782 157 645 783 240 515 608 151 514 607 150 646 784 241 515 608 151 645 783 240 646 784 241 517 610 151 515 608 151 647 785 154 517 610 151 646 784 241 647 785 154 519 612 153 517 610 151 648 786 219 519 612 153 647 785 154 648 786 219 521 614 155 519 612 153 649 787 242 521 614 155 648 786 219 649 787 242 523 616 157 521 614 155 638 788 234 523 616 157 649 787 242 523 789 157 526 620 160 522 619 156 650 790 243 526 620 160 523 789 157 650 790 243 528 622 162 526 620 160 651 791 244 528 622 162 650 790 243 651 791 244 530 624 164 528 622 162 652 792 245 530 624 164 651 791 244 652 792 245 532 626 166 530 624 164 653 793 246 532 626 166 652 792 245 653 793 246 534 628 168 532 626 166 654 794 247 534 628 168 653 793 246 654 794 247 536 630 170 534 628 168 655 795 248 536 630 170 654 794 247 655 795 248 512 605 148 536 630 170 514 607 150 512 605 148 655 795 248 559 690 178 557 688 176 656 796 249 561 692 177 559 690 178 656 796 249 563 694 177 561 692 177 656 796 249 565 696 177 563 694 177 656 796 249 567 698 177 565 696 177 656 796 249 569 700 177 567 698 177 656 796 249 571 702 177 569 700 177 656 796 249 573 704 180 571 702 177 656 796 249 575 706 175 573 704 180 656 796 249 577 708 183 575 706 175 656 796 249 556 710 175 577 708 183 656 796 249 524 617 158 525 618 159 657 797 250 525 618 159 527 621 161 657 797 250 527 621 161 529 623 163 657 797 250 529 623 163 531 625 165 657 797 250 531 625 165 533 627 167 657 797 250 533 627 167 535 629 169 657 797 250 535 629 169 537 631 156 657 797 250 537 631 156 538 632 171 657 797 250 538 632 171 539 633 148 657 797 250 539 633 148 540 634 151 657 797 250 540 634 151 541 635 172 657 797 250 313 328 9 309 324 83 311 326 85 162 162 7 160 160 9 439 476 30 76 275 48 79 273 51 77 798 49 278 289 10 285 296 9 451 498 9 300 312 9 299 311 7 298 310 72 242 250 113 3 3 3 5 5 5 268 279 111 269 280 90 270 281 90 10 10 9 8 8 7 475 539 9 7 7 7 241 249 112 5 5 5 225 233 14 331 349 72 281 292 74 104 104 66 67 67 46 318 334 46 191 196 6 193 198 100 458 511 51 198 203 9 200 205 9 199 204 9 25 531 15 472 532 114 212 217 94 215 220 29 217 222 64 456 507 139 48 482 30 442 483 110 22 485 12 65 65 45 63 63 41 476 540 104 146 146 30 142 142 7 144 144 9 134 182 10 355 376 9 180 180 9 104 104 66 33 33 21 106 106 68 251 259 109 304 317 14 238 261 34 68 68 46 99 99 47 474 538 46 154 154 89 179 179 74 180 180 9 205 210 102 207 212 103 206 211 40 188 190 73 506 591 146 416 447 140 306 319 114 496 799 55 253 321 117 146 146 30 19 19 7 233 241 110 140 140 85 142 142 7 237 245 110 54 489 18 411 442 16 494 570 77 53 53 35 51 51 33 473 535 114 302 314 2 94 94 63 491 565 60 85 85 56 453 504 32 87 87 52 157 157 91 490 564 141 290 301 88 280 291 9 175 229 6 282 293 27 56 56 37 501 667 100 54 54 18 119 119 74 117 117 9 301 313 9 113 113 7 117 117 9 115 115 7 113 113 7 111 111 72 297 309 96 313 328 9 156 156 9 356 377 9 71 71 46 341 361 46 319 335 47 369 395 131 542 637 88 367 393 106 171 171 94 169 169 68 551 660 42 174 174 96 545 643 128 172 172 95 186 188 61 550 658 125 184 186 69 336 356 29 45 354 9 335 355 9 557 688 176 556 687 175 656 796 249 362 383 33 548 800 129 360 381 124 37 37 25 508 599 118 105 105 67 212 545 94 480 547 60 503 651 36 43 43 29 469 528 63 507 598 129 153 153 60 547 648 106 151 151 88 137 137 9 497 577 10 139 139 7 168 168 92 544 642 78 166 166 63 195 200 101 36 36 24 482 550 137 375 401 34 377 403 132 462 517 143 31 31 19 320 336 130 319 335 47 541 635 172 524 636 158 657 797 250 402 432 140 432 463 98 477 541 60</p>
                </polylist>
            </mesh>
        </geometry>
        <geometry id="mesh17">
            <mesh>
                <source id="points17">
                    <float_array id="pointarray17" count="1485">-877.75 -2223.25 1987.75 -903.75 -2259.25 1827 -885.75 -2145.25 1982.25 -908 -2178.25 1820.25 -847.5 -2003 1815.75 -879.75 -2195 1630.5 -817.5 -2019.75 1622 -753.5 -2042.5 1429.75 -701.75 -1805.25 1618 -642.75 -1836.75 1425.25 -489.5 -1620.75 1447.25 -556 -1876.5 1267.75 -412.5 -1670 1294 -333.25 -1717.5 1190.25 -254.25 -1477.5 1339.25 -189.25 -1532.25 1243.5 -70.75 -1399.5 1309.25 -148.75 -1572.25 1217.5 -38.5 -1443.75 1288 -839.75 -2095.25 2075.75 -797 -1975.75 2115.25 -832 -1977.75 1983.75 -724 -1777.25 1994.25 -729.25 -1784.75 1815.5 -561.25 -1556.75 1816.5 -541.25 -1583 1632 -347.75 -1371.5 1647.25 -311.5 -1419 1479.5 -134.25 -1261 1512.5 -115.75 -1334.5 1392.75 11 -1246 1431.25 997.5 -2997.25 2131.5 941.5 -3052.75 2250 1022.5 -2993.25 2150 968.25 -3048 2266.25 1027 -3001.5 2278.75 925.5 -3035 2399.25 983 -2990.25 2415.5 923.25 -2925.25 2538.25 1069 -2843.25 2423.25 1002.25 -2786.5 2555.5 1067.75 -2608.75 2558.75 922.25 -2732 2653.25 983.25 -2567 2660.5 927.5 -2540.75 2688 1035.5 -2399.75 2613.5 981.25 -2378.25 2639.25 1045.25 -2248.25 2551 70.75 -1234 1453.75 77 -1145 1555.75 10.25 -1162 1538.25 0 -1103 1678.25 -154.25 -1207 1664 -170.5 -1182 1820 -364.75 -1344.75 1818 -372.5 -1355.5 1973.75 -563.25 -1560.5 1985.75 -545 -1576 2117.25 -698 -1784.25 2129.5 369.5 -2243.25 2985.25 316.75 -2339.5 3033.5 204.5 -2134.5 2988.5 153 -2237.5 3036.75 -27.75 -2181.5 3002.5 51.75 -2455.75 3054 -125.5 -2386.25 3022 -251.75 -2624 2996.75 -276.75 -2315.75 2964.5 -393.5 -2532.75 2943.5 -439.25 -2481.25 2882 -466.25 -2760.5 2879 -508.5 -2710 2816.5 -510.5 -2931 2757.5 -511.5 -2696.25 2774.25 -514.25 -2924.5 2713 -553.75 -3269.75 1449.75 -460.25 -3421.25 1527.75 -552.5 -3299.25 1416.25 -461.25 -3447.75 1491.5 -453.75 -3447.25 1402.5 -314.5 -3560.75 1518.25 -305.25 -3558.75 1426.25 -122.5 -3599 1432.5 -245 -3460.5 1256.25 -61.5 -3511.5 1269.5 36.5 -3367.25 1101.25 106.5 -3527 1300.5 198.75 -3398.75 1145.25 271.25 -3376.25 1189.75 454.5 -2016 919.25 521.25 -2033.25 902.25 539 -1778 990.25 602.5 -1797 973.5 697.75 -1588 1080.25 720.25 -1867.25 995.5 805.5 -1649.5 1099.75 927.25 -1720.25 1149.5 867.75 -1473.5 1204.25 975.25 -1539.75 1246 976.75 -1481.25 1305.25 1051.25 -1653.25 1284.5 1045.75 -1599.25 1338.5 1091.25 -1759.75 1352 1129.5 -2192 2444 1202.25 -2189.5 2329.5 1143 -2263.25 2471 1216 -2266 2354 1195.75 -2442.25 2388 1249.25 -2297.25 2231.25 1234 -2480 2249 1245 -2487.75 2126 1193.25 -2674.75 2258.25 1207.25 -2684.75 2124 1129.5 -2862.75 2145.25 1188.75 -2678 2060.75 1109.25 -2858.5 2084 958 -2516.75 1192 1054.5 -2359.75 1267 968.25 -2491 1163.5 1062 -2338.75 1236.5 1038.25 -2307.25 1171.25 1111.5 -2136.75 1286.75 1091 -2102.25 1225.5 1103.25 -1904.5 1276.5 992.75 -2037.5 1134.75 1025 -1824.25 1202.75 644 -2108.75 921.75 788.25 -2200.75 976.5 577 -2308.75 886.75 725.25 -2401 940.25 682.5 -2487.5 954.5 872.25 -2447.25 1038.5 834.5 -2530.75 1056.25 819.25 -2558.5 1081 1074 -2294.25 2548.75 1120.25 -2426.25 2517.25 1145.75 -2648.5 2416.25 1118.25 -2853.5 2274.5 663.75 -891 2006 748 -880.25 1981.5 627.5 -887.25 2073.25 740 -878.5 2079.75 701.75 -915 2197.5 848.5 -902 2083 816.75 -946 2212.25 916 -1013.25 2217 765 -1034 2340.25 860 -1089.75 2333.5 800.5 -1187.25 2431 928 -1168.5 2323.25 -284.5 -1750.75 1161.5 -413.75 -1946.5 1135 -469.25 -1917.75 1163.25 -566.75 -2096 1178.25 -660 -2062.75 1279.25 -710.75 -2215.75 1300.5 -810.5 -2206.25 1445.75 -806 -2280 1463.25 654.5 -1247 2487.75 672.75 -1208.5 2480.75 751 -1296.75 2472.5 764.25 -1257.75 2466.5 856 -1279.5 2409.25 863.75 -1218 2392.75 940.5 -1232.25 2316.5 933.25 -1270.25 2316.75 709.25 -1136 2443 613.75 -1101.75 2414 663 -999.5 2315.75 562 -1000.75 2290 593.75 -918.75 2180.25 -392 -2860.75 1005.25 -503 -3021.25 1119.75 -355.5 -2928.75 967 -467 -3093.5 1085 -332.5 -3198 1067.75 -527.25 -3236.25 1243.25 -403 -3355 1238.5 999.25 -1164.75 2210.5 985.25 -1098.25 2215.75 1003 -1059.5 2107.25 936.25 -968.5 2097.5 944.5 -970.25 1999.25 858.5 -900.5 1978.5 401.75 -2450.25 3012.5 381.5 -2617.75 3024 223 -2546 3053.75 129.5 -2798.75 3031.25 -67 -2721.75 3027.75 -177 -2976.5 2955.75 -339.25 -2865.25 2930.75 -153.25 -3296.5 1073 -47.5 -3094.25 927.5 117.75 -3172.5 966.25 268.5 -3214.75 1023.25 200 -2987.5 890.25 282 -3067 958 -91.75 -3268 2785.5 -279 -3234.75 2778 -70.75 -3207.75 2866.25 -256.75 -3170 2859.75 -405.75 -3054.25 2836 1116.75 -1943.5 1330.25 1087.75 -1766.75 1308.75 -702 -2285.25 1319.5 -595 -2246.25 1214.25 -624.5 -2195.75 1224.25 -79.75 -1167.75 2026.5 -39.75 -1110.5 1951.25 -34.25 -1170 2050.25 30 -1096.25 1953.5 54.75 -1106.5 1959 54.75 -1063.25 1829.5 80.25 -1072.5 1833.75 96 -1092.75 1695.5 873.25 -1414.5 1265.5 754 -1432.25 1201.5 773.5 -1482.5 1165 74.5 -3172.5 2870.75 182.25 -3058 2937.5 100.5 -3211.25 2812.75 256.5 -3060.75 2885.5 275 -3057 2845.5 374 -2854 2955.75 397 -2844 2916.5 483.75 -2610 2936.5 -131.25 -3598.75 1521.25 50 -3575.5 1470.75 16.5 -3577.25 1409 180.5 -3501.25 1341 45.5 -2906.25 846 93.5 -2801 847.5 -120.75 -2840.25 861.25 -72.5 -2739.25 864.25 -242.25 -2744.5 922.75 -60 -2693 884.75 -234 -2699.5 943.75 458.25 -2625.25 2973.5 469.25 -2409.75 2973.25 930 -2257.75 1069.25 -328.25 -1433 2152.75 -344.5 -1413.5 2140 -152 -1291 2117.5 -169.5 -1273.5 2106.25 -188.25 -1240.25 2063.25 436 -2237.75 888.75 500.5 -2200 885.25 530.75 -2393 900.25 -190 -1204 1956.75 -664 -1801.75 2184.75 -758.5 -1991.5 2168.75 -823.25 -2141.25 2107.25 -736 -2008.75 2183.5 -802 -2164.25 2119.5 991.25 -1117.25 2001.5 995.5 -1083.75 2012.5 928.25 -1036.5 1942.75 935 -1005 1955.75 847.5 -934 1932.5 535.75 -952.5 2168.5 568.25 -921 2063.75 628 -915.5 1979.25 545.75 -947.5 2053.5 607.25 -941.25 1966.75 37.25 -1338.25 1368.25 -0.75 -1324.75 1367.25 -276.5 -3238.5 2731.25 -83.25 -3272.25 2740.75 835.25 -963.75 1917.75 717.25 -939.5 1923.5 734.5 -913 1937.5 -324.25 -2266.25 2902.75 -169.75 -2117 2915.5 -162.5 -2191.5 2961.5 -243.5 -2826.25 910.5 -218.25 -3018.25 935.75 14 -3027.5 2962.75 860.25 -1955.25 1052 507 -1033.75 2277.25 512.25 -1122 2378.25 555.75 -1077 2365 -858.75 -2301.5 1650 -787.75 -2304.5 1473.75 -682.25 -2308.75 1328 1058 -2963.5 2185.5 -16.25 -1081.25 1824.25 17.25 -2082 2953.25 28 -2049.75 2915.75 -165 -2085.75 2877 1227.5 -2477.75 2067.5 1240 -2306 2114.75 1248.75 -2354 2151.5 112.5 -2755.25 868.75 268 -2843.25 914.5 244.25 -2884.5 892.75 340.75 -3012 975.5 -18.5 -1463 1291.25 -127.75 -1593.25 1218.75 -259.75 -1770 1162 -386.5 -1962.75 1135.75 -481.75 -2140.75 1154.25 -323.5 -2239.75 2863.5 868.25 -2702 2679.25 836.5 -2851 2619.25 838.75 -2695.25 2677.5 806.5 -2847.75 2615.5 838.75 -2966.25 2513.5 868.25 -2966.25 2520.5 887.75 -2842 2610.25 896.75 -3037.75 2387.25 1087 -2858.5 2063.5 860 -1404.5 1292.75 737 -1422 1226.75 618.75 -1562.5 1120.75 1225.25 -2284.5 2096.75 1220 -2195 2195.75 1235 -2218 2211.75 405.25 -2254 906.75 424.5 -2024.5 937.25 1211.5 -2461.25 2047.25 1110.5 -2170 2435.75 1023.75 -2228 2545.75 -387 -2819 1028 296.75 -2849.25 3006 956.75 -2360.5 2636.25 -562 -3128.25 1304 -561.25 -3161 1274 366 -2974.75 998.25 362 -3162.5 1095.75 337.25 -3195.25 1071.25 1017 -1126.75 2104.25 1013.25 -1161.75 2096 993.75 -1202 2206 -859 -2249.75 1995.5 -885 -2287.5 1832.5 70.5 -1083.25 1689 100.75 -1155.5 1564.5 -877.25 -2274 1642.25 1104.5 -2150.5 1318.75 1109.5 -1950.25 1361 -425.5 -3115 2755.25 92.75 -1246.75 1461.5 -117.5 -3578.25 1558.75 67.75 -3554.75 1506 201.25 -3478.25 1373.25 -473.5 -2921.25 2821.25 512 -981 2162.5 483.25 -1064 2276 1037 -1598.25 1368 966 -1474.75 1334.75 1082.75 -1763 1381.5 -307.25 -3537.25 1556.75 -508.25 -2122.75 1152.5 -571 -2268.5 1219 503.5 -2415.25 918.75 660.75 -2514 976 965.75 -2428.5 1125.75 -523.25 -3329.75 1360.25 579.25 -1172.75 2449.75 557.5 -1208 2455 899.5 -2527.75 2686.75 58 -1354.5 1374.25 -640.5 -1816 2200.25 -498.25 -1616 2185 -519 -1599 2170.25 -364.25 -1382.75 2092.25 -11.75 -1183.75 2059 986.75 -1039.25 2035.25 489.25 -1154.75 2380.5 -501 -2983.5 1146.25 640.25 -1569 1098.25 392.25 -2216.5 2948.75 222.5 -2102.5 2950.5 -440.5 -2460 2840.75 -427.5 -3114.5 2709.75 114.5 -3212.75 2769.75 512.25 -1778.5 1010.25 294.25 -3348.25 1218.25 1169.25 -2669.5 2039 846 -1318.25 2412.75 1185.25 -2166.25 2316.75 495.25 -2388.5 2936.75 -1575 1705.5 681 -1576 1723.75 970 -1620.75 1752 683.25 -1621.5 1769.5 961.75 -1763 1735.5 711.75 -1763.75 1749.5 934.75 -2291.25 1549.5 833.75 -1844.25 1732.25 1142.75 -1992.75 1686.25 1303.5 -1907.25 1690.5 1422 -2148.75 1605.75 1533.5 -2122.75 1554 1563.75 -2393.5 1451.5 1568.5 -2355.5 1354.75 1568 -2491.5 1371.75 1527.5 -2467 1345.75 1494.25 -2586.75 1261.25 1436 -1572 1581.5 697.25 -1569.5 1579.5 856.25 -1548.75 1622.75 687.25 -1545 1621.75 853.75 -1549.75 1640.75 974.5 -1601.75 1655 1097 -1680.25 1701.5 1239.25 -1653.5 1618.5 1241.75 -1743.5 1559.75 1349.25 -1757.5 1519.75 1324.75 -1847.5 1505 1419.25 -2733.5 1354.75 525.75 -2814.25 1337.5 733.5 -2814.75 1351.5 956.75 -2932.5 1255 710.5 -2933.5 1272.75 989 -2935.75 1190.25 709.5 -2937 1208.25 998.5 -2909.75 1134.5 884.25 -2901.5 1129 1002.5 -2863.5 1119 885.5 -2856.5 1112.5 996.5 -2337.75 1326.25 1533.5 -2227.75 1389.75 1566 -2216.5 1358.5 1530.25 -2098.5 1488.25 1564.75 -2094.25 1454.5 1530.5 -1981 1546.75 1510.75 -1983.5 1510.5 1478 -1839.25 1543.25 1447.75 -1842.25 1692.25 507.25 -1989.75 1626.25 352.5 -1719.75 1697.75 428 -1903.75 1615.5 235 -1677.75 1649.5 416.25 -1868.25 1564.25 215.5 -1651 1567 424.25 -1750 1512 317 -1669 1528.5 447.5 -1764.25 1475.25 346 -2391.75 1468.5 275.25 -2585.25 1400.75 364.75 -2646.75 1334.25 250.5 -2832 1276.75 451.25 -2639.75 1272.25 232 -2831.25 1212.75 440.5 -2606.25 1192.25 241.25 -2695.5 1151.75 343.75 -2576 1172.75 273.5 -2659.5 1134 371.75 -2182.75 1547.75 271 -2144.5 1517.5 133.25 -2405.5 1418.75 138.75 -2118.5 1462.5 110.5 -2389.25 1359.75 115.5 -2088.5 1381.25 120.75 -2217.75 1311.25 125.75 -2084.5 1352.25 159 -2206.75 1284.75 165.5 -2481.75 1268 171 -2457.5 1246.5 207.5 -2856.75 1154.25 553.5 -2892.75 1096 717 -2813.25 1138.75 569 -2847.75 1080.5 725.25 -2735.5 1394.75 1161.25 -2834.25 1326.75 1244.25 -2835.25 1264 1264 -2857.75 1155 1121 -2814.25 1137.75 1107.75 -1972.5 1467.25 166.25 -1975.25 1435.5 203.25 -1671.25 1577.5 1223.5 -1623.5 1612.75 1085 -1572.75 1598.75 969.75 -2588 1460.75 1316 -2650.5 1409 1437.5 -2643.75 1349.75 1464 -2814.75 1215 1266 -2409.75 1507 1539 -2186 1618.5 1393 -1629 1573.25 561 -1607.25 1613.5 544 -1722.25 1748 1221.25 -1872.75 1641.75 1447.25 -2617 1284.75 1465.5 -2716.25 1238.25 1362.25 -2775 1195.75 1246.75 -2680.25 1217 1336.75 -1853.75 1464 255.5 -1845.25 1498.25 222.5 -2346.25 1270.75 161.25 -2363.75 1294.75 123 -2749.5 1101.5 472.25 -2789.25 1118 450.5 -2395.25 1539.25 1397.25</float_array>
                    <technique_common>
                        <accessor count="495" source="#pointarray17" stride="3">
                            <param name="X" type="float"/>
                            <param name="Y" type="float"/>
                            <param name="Z" type="float"/>
                        </accessor>
                    </technique_common>
                </source>
                <source id="uvs17">
                    <float_array id="uvarray17" count="1230">-0.94091796875 2.126953125 -0.5595703125 2.48486328125 -0.92431640625 1.9384765625 -0.53173828125 2.28564453125 -0.3583984375 1.728515625 0.04052734375 2.546875 0.22802734375 1.99267578125 0.87744140625 2.216796875 0.5185546875 1.2421875 1.158203125 1.49853515625 1.45263671875 0.64892578125 1.7529296875 1.68310546875 2.01416015625 0.869140625 2.44580078125 1.01171875 2.25 0.0419921875 2.62939453125 0.21630859375 2.7158203125 -0.41650390625 2.7724609375 0.29443359375 2.828125 -0.32080078125 -1.0771484375 1.6025390625 -1.07275390625 1.16259765625 -0.7822265625 1.404296875 -0.55029296875 0.6845703125 -0.07177734375 0.958984375 0.31201171875 0.0830078125 0.85107421875 0.37548828125 1.24365234375 -0.51708984375 1.76513671875 -0.216796875 2.0634765625 -0.96484375 2.41162109375 -0.63330078125 2.5791015625 -1.12451171875 2.22119140625 1.00732421875 1.771484375 1.08056640625 2.220703125 0.931640625 1.78173828125 1.00341796875 1.87451171875 0.76953125 1.33447265625 0.85400390625 1.4150390625 0.62060546875 0.97412109375 0.373046875 1.5986328125 0.0810546875 1.1162109375 -0.14599609375 1.27880859375 -0.728515625 0.70166015625 -0.29931640625 0.8408203125 -0.845703125 0.66064453125 -0.865234375 1.1123046875 -1.31005859375 0.9384765625 -1.31591796875 1.337890625 -1.64306640625 2.6396484375 -1.283203125 2.392578125 -1.67041015625 2.3046875 -1.4951171875 1.91357421875 -1.8291015625 1.6201171875 -1.2861328125 1.1669921875 -1.5419921875 0.748046875 -0.79638671875 0.30322265625 -0.970703125 -0.15673828125 -0.13720703125 -0.484375 -0.306640625 -0.87109375 0.4755859375 -1.32080078125 -1.1796875 -1.47412109375 -0.90673828125 -0.7275390625 -1.21240234375 -0.89794921875 -0.92236328125 -0.32373046875 -0.736328125 -1.15234375 -0.203125 -0.56201171875 -0.0625 -0.7392578125 0.8076171875 0.0087890625 0.0703125 -0.15234375 0.86328125 0.14697265625 0.88330078125 -0.37158203125 1.6748046875 -0.08056640625 1.693359375 -0.45263671875 2.36669921875 0.01611328125 1.7197265625 -0.36572265625 2.41650390625 0.83740234375 0.9384765625 0.197265625 0.8759765625 0.82177734375 1.025390625 0.19677734375 0.96728515625 0.31005859375 1.2255859375 -0.40771484375 1.1591796875 -0.29052734375 1.43017578125 -0.7939453125 1.76806640625 0.0263671875 2.0390625 -0.5107421875 2.35693359375 -0.18505859375 3.046875 -0.96630859375 2.60302734375 -0.6787109375 3.2421875 -0.85888671875 3.26904296875 1.96875 0.92822265625 1.80810546875 0.8916015625 2.173828125 0.0615234375 2.01611328125 0.0341796875 2.083984375 -0.8212890625 1.57275390625 0.00439453125 1.685546875 -0.85546875 1.19140625 -0.9296875 1.76171875 -1.56787109375 1.32080078125 -1.61962890625 1.35400390625 -1.8603515625 0.85693359375 -1.49169921875 0.9033203125 -1.70166015625 0.4462890625 -1.3642578125 1.81201171875 -1.779296875 2.271484375 -1.744140625 1.74853515625 -1.64794921875 2.21484375 -1.595703125 2.0400390625 -1.140625 2.60986328125 -1.39599609375 2.48876953125 -0.90869140625 2.84619140625 -0.736328125 2.3369140625 -0.337890625 2.73046875 -0.1484375 2.47705078125 0.42041015625 2.869140625 -0.0498046875 2.60546875 0.52587890625 -0.6064453125 1.08544921875 -0.60302734375 0.41064453125 -0.53369140625 1.03955078125 -0.53125 0.384765625 -0.31689453125 0.42822265625 -0.29296875 -0.3017578125 -0.08544921875 -0.27685546875 0.22607421875 -0.8935546875 0.40234375 -0.16748046875 0.67724609375 -0.88134765625 1.345703125 0.8701171875 0.74951171875 0.810546875 1.12841796875 1.55810546875 0.52490234375 1.494140625 0.4189453125 1.77294921875 -0.04443359375 1.248046875 -0.16015625 1.5068359375 -0.2197265625 1.56982421875 1.390625 -1.5625 1.53857421875 -1.2412109375 1.81591796875 -0.5498046875 2.1025390625 0.2353515625 2.2724609375 2.38525390625 2.1416015625 2.623046875 2.26416015625 2.12939453125 2.02001953125 2.337890625 1.85791015625 1.9306640625 1.72314453125 2.53955078125 1.51416015625 2.111328125 1.1435546875 2.28125 1.259765625 1.63720703125 0.939453125 1.83251953125 0.72705078125 1.42431640625 0.63720703125 1.9775390625 2.6142578125 1.06298828125 2.3837890625 1.82666015625 2.20263671875 1.7998046875 1.92626953125 2.40869140625 1.4716796875 2.32958984375 1.27685546875 2.7880859375 0.6826171875 2.7216796875 0.62646484375 2.88671875 0.84716796875 0.96484375 0.89697265625 1.0283203125 0.54931640625 1.18701171875 0.60986328125 1.23876953125 0.44140625 1.57275390625 0.576171875 1.6474609375 0.48486328125 2.0068359375 0.421875 1.98291015625 1.02197265625 1.22119140625 1.349609375 1.11865234375 1.59619140625 1.509765625 1.85791015625 1.37841796875 2.1181640625 1.76123046875 1.97705078125 2.57275390625 1.72412109375 2.00048828125 1.80859375 2.73486328125 1.5419921875 2.1513671875 1.046875 2.44189453125 1.1484375 1.564453125 0.6279296875 1.79736328125 0.64892578125 2.4296875 0.8115234375 2.40283203125 1.01123046875 2.74462890625 1.36572265625 2.6591796875 1.48681640625 2.9443359375 1.85498046875 2.84619140625 -1.8662109375 -0.7177734375 -2.18798828125 -0.2548828125 -1.724609375 -0.234375 -2.01171875 0.619140625 -1.4033203125 0.7314453125 -1.5849609375 1.68408203125 -0.9521484375 1.68017578125 0.4306640625 2.76220703125 0.82763671875 3.41796875 0.23681640625 3.62353515625 -0.2734375 3.75732421875 0.54931640625 4.0380859375 0.10009765625 3.9970703125 -2.138671875 2.56005859375 -1.6376953125 2.77978515625 -2.17724609375 2.25439453125 -1.6708984375 2.45947265625 -1.06005859375 2.419921875 0.0361328125 -0.8857421875 0.501953125 -1.28076171875 1.2265625 2.93408203125 1.736328125 2.8046875 1.66259765625 2.70263671875 3.3330078125 0.78466796875 3.47265625 1.083984375 3.19140625 0.81005859375 3.341796875 1.22021484375 3.2568359375 1.251953125 3.53564453125 1.6171875 3.453125 1.654296875 3.576171875 2.0595703125 1.78369140625 -1.81884765625 2.10791015625 -1.4931640625 2.01123046875 -1.33984375 -1.68408203125 1.9228515625 -1.62646484375 1.3544921875 -1.48193359375 2.064453125 -1.33642578125 1.3154296875 -1.18896484375 1.3310546875 -1.2470703125 0.4814453125 -1.091796875 0.4716796875 -0.919921875 -0.3173828125 -0.9033203125 1.5068359375 -1.18798828125 2.01220703125 -1.02685546875 2.1142578125 -1.13720703125 2.64501953125 3.87060546875 4.05224609375 3.986328125 3.693359375 3.51220703125 4.1201171875 3.6240234375 3.77001953125 3.1240234375 3.9736328125 3.60302734375 3.59814453125 3.0927734375 3.81103515625 -1.07568359375 -0.28759765625 -1.36474609375 -0.2548828125 -1.00341796875 -0.87841796875 -1.2548828125 -0.7177734375 -1.4560546875 -0.90673828125 0.177734375 0.60888671875 3.15234375 -0.11669921875 3.24853515625 -0.10986328125 3.10498046875 0.36328125 3.197265625 0.36279296875 3.37109375 0.451171875 1.5908203125 1.5908203125 1.5302734375 1.39208984375 1.0361328125 1.837890625 0.7841796875 -2.00927734375 0.45068359375 -1.6943359375 1.083984375 -2.1220703125 0.74755859375 -1.640625 3.28076171875 0.4755859375 3.087890625 0.3916015625 3.12353515625 1.16259765625 2.92626953125 1.0693359375 2.84716796875 1.65625 2.81787109375 1.05908203125 2.73388671875 1.6669921875 1.06982421875 -3.81396484375 1.11474609375 -3.92431640625 1.46630859375 -3.84765625 1.498046875 -3.96044921875 1.876953125 -3.9775390625 1.48681640625 -4.1279296875 1.85498046875 -4.1484375 1.76123046875 -3.95654296875 1.67041015625 -3.75830078125 2.12939453125 -3.94677734375 2.0302734375 -3.74951171875 2.3818359375 -3.7431640625 2.0068359375 -3.62939453125 2.36865234375 -3.6240234375 2.783203125 -0.833984375 2.71337890625 -0.8076171875 -2.01611328125 2.85009765625 -2.14892578125 2.77978515625 -1.6650390625 2.619140625 -1.8037109375 2.56005859375 -1.9697265625 2.25439453125 2.95166015625 -3.85888671875 2.94287109375 -3.9775390625 2.70654296875 -3.74365234375 2.708984375 -3.861328125 2.623046875 -4.03076171875 0.30810546875 0.09912109375 0.25537109375 -0.5625 0.0166015625 -0.43896484375 1.853515625 3.13623046875 1.62060546875 3.51220703125 1.3583984375 3.07275390625 -2.43701171875 1.9228515625 -2.53564453125 1.3544921875 -2.13134765625 1.50537109375 0.9921875 -0.0625 1.93115234375 1.296875 1.58740234375 1.01025390625 1.603515625 1.1435546875 3.25732421875 0.00439453125 3.34765625 0.62890625 3.455078125 0.626953125 3.314453125 1.23681640625 3.42041015625 1.2265625 3.41455078125 1.736328125 2.201171875 0.7470703125 1.22021484375 -2.2744140625 1.6171875 -2.23046875 1.4853515625 -2.0625 -0.14599609375 -1.005859375 -0.04833984375 -1.0576171875 0.3662109375 -0.599609375 2.97412109375 -0.65380859375 2.90869140625 -1.197265625 2.814453125 -1.1337890625 1.26318359375 3.51171875 1.24072265625 3.693359375 0.66357421875 3.43603515625 0.662109375 3.61328125 0.05810546875 3.68505859375 0.54931640625 3.96142578125 3.6708984375 -0.833984375 3.7373046875 -0.32080078125 3.6474609375 -0.30615234375 3.81787109375 0.29443359375 3.7255859375 0.3154296875 3.734375 1.07373046875 3.8310546875 1.06298828125 3.75048828125 1.82666015625 3.654296875 1.8251953125 3.46826171875 2.42578125 0.419921875 0.08154296875 0.52978515625 -0.32861328125 0.59619140625 0.20166015625 0.4765625 -0.2978515625 0.5478515625 0.24560546875 0.86474609375 0.65087890625 0.904296875 0.59423828125 0.72509765625 0.10888671875 1.3095703125 0.92333984375 -3.06591796875 1.00732421875 -3.14111328125 0.931640625 -2.87841796875 0.58984375 -2.9580078125 0.52587890625 -2.72509765625 -0.0498046875 4.71240234375 -1.81884765625 4.61328125 -1.86181640625 4.64599609375 -1.4931640625 4.544921875 -1.5283203125 4.56787109375 -0.8193359375 -2.03564453125 2.93359375 -2.14013671875 2.90869140625 -1.98046875 2.67236328125 -2.0859375 2.65283203125 -2.1240234375 2.271484375 4.57080078125 1.6572265625 4.68505859375 1.5908203125 4.578125 0.9736328125 4.68896484375 0.92822265625 4.71826171875 0.0615234375 -2.40283203125 -0.65380859375 -2.30224609375 -0.64501953125 -2.14013671875 -1.197265625 -2.03564453125 -1.20556640625 -2.1328125 1.81201171875 -2.03173828125 1.80224609375 -2.216796875 1.337890625 -2.1181640625 1.314453125 2.65283203125 -1.5576171875 2.00048828125 4.85400390625 2.57275390625 4.40771484375 2.5302734375 4.25732421875 -2.4560546875 0.5224609375 -2.1181640625 -1.6552734375 -2.216796875 -1.64306640625 -2.376953125 -1.32080078125 -2.47314453125 -1.31591796875 -2.763671875 -0.865234375 0.93798828125 5.1416015625 1.025390625 5.2646484375 1.35302734375 4.97900390625 1.4296875 5.1064453125 4.07568359375 3.5146484375 4.0791015625 3.68505859375 3.75732421875 3.88720703125 3.767578125 4.04736328125 3.26904296875 4.47119140625 2.76513671875 -3.97119140625 2.7724609375 -3.8603515625 2.4296875 -3.9873046875 2.42236328125 -3.8740234375 1.98291015625 -3.748046875 2.97216796875 -0.94091796875 2.86279296875 -0.93115234375 3.18896484375 -0.5595703125 3.08056640625 -0.54443359375 1.337890625 1.4296875 3.6630859375 2.02880859375 3.71337890625 2.392578125 3.62548828125 2.4140625 -0.0048828125 2.7373046875 4.9541015625 0.384765625 4.85107421875 0.41064453125 4.96142578125 -0.3017578125 4.857421875 -0.29833984375 4.79736328125 -0.89794921875 -1.025390625 2.72509765625 3.62548828125 -1.6923828125 3.71337890625 -1.67041015625 3.6015625 -1.29443359375 3.689453125 -1.283203125 1.5068359375 5.248046875 1.43701171875 5.1201171875 2.01220703125 4.966796875 1.9560546875 4.83447265625 2.603515625 4.60205078125 -0.6787109375 4.7080078125 -0.85888671875 4.47119140625 -0.2734375 4.275390625 -0.45654296875 4.04736328125 -0.6083984375 2.19384765625 2.197265625 -3.6357421875 2.19482421875 -3.75830078125 1.9228515625 -3.52587890625 1.93115234375 -3.646484375 1.58740234375 -3.55810546875 0.8828125 4.71533203125 1.3486328125 4.693359375 1.35400390625 4.79345703125 1.794921875 4.61328125 1.78369140625 4.71240234375 0.0361328125 4.89794921875 -0.00634765625 4.79736328125 0.4462890625 4.8291015625 0.41552734375 4.73095703125 -0.43115234375 1.07373046875 -0.94580078125 1.43701171875 -1.53759765625 0.5224609375 1.13037109375 3.87060546875 3.56787109375 2.42236328125 3.41455078125 2.8046875 3.306640625 2.8193359375 1.02392578125 1.91455078125 0.38134765625 1.8486328125 -0.34228515625 0.92919921875 0.77392578125 1.22998046875 1.22705078125 -3.6279296875 1.1943359375 -3.5068359375 0.89697265625 -3.72412109375 0.84716796875 -3.60205078125 -2.671875 -0.85302734375 -2.8720703125 -0.2978515625 3.02685546875 1.6025390625 3.1611328125 1.9384765625 2.97216796875 2.126953125 2.86279296875 2.15625 3.36767578125 -0.0048828125 3.5810546875 -0.83154296875 2.982421875 0.37109375 3.1044921875 -0.3671875 3.20751953125 -0.359375 -0.95849609375 0.3916015625 -0.5830078125 -0.359375 3.4267578125 -1.07421875 3.24853515625 -1.09033203125 3.3916015625 -0.306640625 3.20751953125 -0.5830078125 3.1044921875 -0.58642578125 3.4267578125 -0.01123046875 3.099609375 0.8271484375 2.10791015625 2.42236328125 2.02880859375 -2.00830078125 2.99755859375 -3.81396484375 2.9833984375 -3.92431640625 1.1943359375 -4.06103515625 2.38525390625 -3.9013671875 1.63330078125 -3.6357421875 2.84619140625 -4.1484375 1.5673828125 -3.43798828125 1.94091796875 4.7138671875 3.13623046875 4.2099609375 2.73486328125 4.58349609375 3.9765625 3.51171875 4.6708984375 -0.80517578125 2.64501953125 4.73974609375 -1.32080078125 -1.1962890625 -0.7275390625 -1.5087890625 -1.26318359375 -1.044921875 -0.64599609375 -1.361328125 -0.04833984375 -1.6416015625 -0.14599609375 -1.77294921875 0.10009765625 3.9501953125 0.25439453125 0.88525390625 -0.953125 2.78955078125 -1.5830078125 -2.01611328125 -0.953125 -2.2294921875 -1.6376953125 -2.14892578125 -1.025390625 -2.3505859375 0.9033203125 4.81298828125 -1.3369140625 2.10595703125 1.599609375 4.57080078125 1.02392578125 4.69580078125 1.5908203125 4.68505859375 1.0361328125 4.80615234375 4.609375 0.078125 -0.01123046875 -1.07421875 2.2265625 -0.80517578125 3.24365234375 4.32080078125 1.22705078125 0.93603515625 2.19482421875 1.67041015625 1.11474609375 2.9833984375 1.1943359375 2.9140625 -2.63232421875 -0.01123046875 0.8427734375 2.76513671875 0.3779296875 1.5341796875 1.13037109375 4.05224609375 -2.0185546875 2.27783203125 -2.3740234375 1.390625 -2.35107421875 1.74853515625 -0.84619140625 -0.92578125 -1.044921875 -1.2373046875 -1.1962890625 -1.1796875 3.306640625 1.7666015625 -2.955078125 -0.32861328125 1.86328125 -3.85888671875 2.0068359375 -3.8603515625 4.89794921875 -0.8857421875 0.046875 3.5146484375 0.021484375 0.52197265625 0.08154296875 0.52197265625 0.021484375 0.5 0.08154296875 0.5 0.177734375 0.322265625 0.2177734375 0.322265625 0.5 0 0.25830078125 0.322265625 0.29833984375 0.322265625 0.20068359375 0.5 0.2607421875 0.5 0.2607421875 0.52099609375 0.3203125 0.5224609375 0.3203125 0.56103515625 0.34619140625 0.53076171875 0.38037109375 0.5458984375 0.021484375 0.55322265625 0.05615234375 0.55859375 0.08154296875 0.55322265625 0.10791015625 0.54248046875 0.14111328125 0.52197265625 0.14111328125 0.55322265625 0.171875 0.56640625 0.20068359375 0.56103515625 0.580078125 0.322265625 0.5400390625 0.322265625 0.5 0.322265625 0.5595703125 0.5 0.5 0.5 0.5595703125 0.5224609375 0.5 0.52197265625 0.5234375 0.54638671875 0.5 0.55322265625 0.29296875 0.56640625 0.2607421875 0.5458984375 0.23095703125 0.53857421875 0.82177734375 0.322265625 0.78173828125 0.322265625 0.7412109375 0.322265625 0.91796875 0.5 0.8583984375 0.5 0.91796875 0.52197265625 0.8583984375 0.52099609375 0.91796875 0.55322265625 0.88525390625 0.5576171875 0.66064453125 0.322265625 0.62060546875 0.322265625 0.67919921875 0.5 0.619140625 0.5 0.67919921875 0.52197265625 0.619140625 0.5224609375 0.67919921875 0.55322265625 0.64990234375 0.55859375 0.701171875 0.322265625 0.798828125 0.5 0.73876953125 0.5 0.798828125 0.52197265625 0.73876953125 0.52099609375 0.798828125 0.55322265625 0.76806640625 0.56201171875 0.7119140625 0.53955078125 0.5947265625 0.53759765625 0.5595703125 0.56103515625 0.45947265625 0.322265625 0.43994140625 0.5 0.43994140625 0.52001953125 0.47265625 0.55224609375 0.82861328125 0.537109375 0.41943359375 0.322265625 0.38037109375 0.5 0.38037109375 0.52099609375 0.43994140625 0.5380859375 0.3203125 0.5 0.3388671875 0.322265625 0.9453125 0.5439453125 0.97802734375 0.52197265625 0.97802734375 0.5 0.14111328125 0.5 0.20068359375 0.5224609375 0.4111328125 0.546875 0.8583984375 0.5458984375 0.73876953125 0.5458984375 0.619140625 0.56103515625 0.37890625 0.322265625 0.97802734375 0.55322265625</float_array>
                    <technique_common>
                        <accessor count="615" source="#uvarray17" stride="2">
                            <param name="S" type="float"/>
                            <param name="T" type="float"/>
                        </accessor>
                    </technique_common>
                </source>
                <source id="colors17">
                    <float_array id="colorarray17" count="768">0.5058823529411764 0.5058823529411764 0.611764705882353 1 0.5254901960784314 0.5254901960784314 0.6313725490196078 1 0.5882352941176471 0.5882352941176471 0.6941176470588235 1 0.592156862745098 0.592156862745098 0.6980392156862745 1 0.6 0.6 0.7058823529411765 1 0.5647058823529412 0.5647058823529412 0.6705882352941176 1 0.5098039215686274 0.5098039215686274 0.615686274509804 1 0.4745098039215686 0.4745098039215686 0.5803921568627451 1 0.5803921568627451 0.5803921568627451 0.6862745098039216 1 0.6078431372549019 0.6078431372549019 0.7137254901960784 1 0.5686274509803921 0.5686274509803921 0.6745098039215687 1 0.2901960784313726 0.2901960784313726 0.396078431372549 1 0.29411764705882354 0.29411764705882354 0.4 1 0.5019607843137255 0.5019607843137255 0.6078431372549019 1 0.5843137254901961 0.5843137254901961 0.6901960784313725 1 0.5450980392156862 0.5450980392156862 0.6509803921568628 1 0.5490196078431373 0.5490196078431373 0.6549019607843137 1 0.611764705882353 0.611764705882353 0.7176470588235294 1 0.6313725490196078 0.6313725490196078 0.7411764705882353 1 0.6196078431372549 0.6196078431372549 0.7254901960784313 1 0.6392156862745098 0.6392156862745098 0.7450980392156863 1 0.6509803921568628 0.6509803921568628 0.7568627450980392 1 0.6235294117647059 0.6235294117647059 0.7294117647058823 1 0.6313725490196078 0.6313725490196078 0.7372549019607844 1 0.6431372549019608 0.6431372549019608 0.7490196078431373 1 0.5529411764705883 0.5529411764705883 0.6588235294117647 1 0.596078431372549 0.596078431372549 0.7019607843137254 1 0.5333333333333333 0.5333333333333333 0.6392156862745098 1 0.27058823529411763 0.27058823529411763 0.3764705882352941 1 0.3607843137254902 0.3607843137254902 0.4666666666666667 1 0.5215686274509804 0.5215686274509804 0.6274509803921569 1 0.5137254901960784 0.5137254901960784 0.6196078431372549 1 0.6039215686274509 0.6039215686274509 0.7098039215686275 1 0.6549019607843137 0.6549019607843137 0.7607843137254902 1 0.592156862745098 0.592156862745098 0.7019607843137254 1 0.48627450980392156 0.48627450980392156 0.592156862745098 1 0.47058823529411764 0.47058823529411764 0.5764705882352941 1 0.5411764705882353 0.5411764705882353 0.6470588235294118 1 0.4980392156862745 0.4980392156862745 0.6039215686274509 1 0.3058823529411765 0.3058823529411765 0.4117647058823529 1 0.2901960784313726 0.2901960784313726 0.4 1 0.5176470588235295 0.5176470588235295 0.6235294117647059 1 0.5294117647058824 0.5294117647058824 0.6352941176470588 1 0.3176470588235294 0.3176470588235294 0.42745098039215684 1 0.5764705882352941 0.5764705882352941 0.6823529411764706 1 0.6352941176470588 0.6352941176470588 0.7411764705882353 1 0.6588235294117647 0.6588235294117647 0.7647058823529411 1 0.6588235294117647 0.6588235294117647 0.7686274509803922 1 0.6705882352941176 0.6705882352941176 0.7764705882352941 1 0.6274509803921569 0.6274509803921569 0.7333333333333333 1 0.4470588235294118 0.4470588235294118 0.5529411764705883 1 0.615686274509804 0.615686274509804 0.7215686274509804 1 0.4235294117647059 0.4235294117647059 0.5294117647058824 1 0.36470588235294116 0.36470588235294116 0.47058823529411764 1 0.6627450980392157 0.6627450980392157 0.7686274509803922 1 0.6666666666666666 0.6666666666666666 0.7725490196078432 1 0.6470588235294118 0.6470588235294118 0.7529411764705882 1 0.6196078431372549 0.6196078431372549 0.7294117647058823 1 0.5607843137254902 0.5607843137254902 0.6666666666666666 1 0.49019607843137253 0.49019607843137253 0.596078431372549 1 0.5568627450980392 0.5568627450980392 0.6627450980392157 1 0.5333333333333333 0.5333333333333333 0.6431372549019608 1 0.3137254901960784 0.3137254901960784 0.4196078431372549 1 0.5372549019607843 0.5372549019607843 0.6431372549019608 1 0.3215686274509804 0.3215686274509804 0.42745098039215684 1 0.30196078431372547 0.30196078431372547 0.40784313725490196 1 0.596078431372549 0.596078431372549 0.7058823529411765 1 0.4392156862745098 0.4392156862745098 0.5450980392156862 1 0.4117647058823529 0.4117647058823529 0.5176470588235295 1 0.28627450980392155 0.28627450980392155 0.39215686274509803 1 0.5411764705882353 0.5411764705882353 0.6509803921568628 1 0.27450980392156865 0.27450980392156865 0.3803921568627451 1 0.49411764705882355 0.49411764705882355 0.6039215686274509 1 0.2823529411764706 0.2823529411764706 0.38823529411764707 1 0.2784313725490196 0.2784313725490196 0.3843137254901961 1 0.4823529411764706 0.4823529411764706 0.5882352941176471 1 0.48627450980392156 0.48627450980392156 0.596078431372549 1 0.45098039215686275 0.45098039215686275 0.5568627450980392 1 0.3176470588235294 0.3176470588235294 0.4235294117647059 1 0.2980392156862745 0.2980392156862745 0.403921568627451 1 0.30980392156862746 0.30980392156862746 0.41568627450980394 1 0.2784313725490196 0.2784313725490196 0.38823529411764707 1 0.3254901960784314 0.3254901960784314 0.43137254901960786 1 0.32941176470588235 0.32941176470588235 0.4392156862745098 1 0.37254901960784315 0.37254901960784315 0.47843137254901963 1 0.35294117647058826 0.35294117647058826 0.4588235294117647 1 0.3215686274509804 0.3215686274509804 0.43137254901960786 1 0.3568627450980392 0.3568627450980392 0.4627450980392157 1 0.34901960784313724 0.34901960784313724 0.4549019607843137 1 0.32941176470588235 0.32941176470588235 0.43529411764705883 1 0.6 0.6 0.7098039215686275 1 0.43137254901960786 0.43137254901960786 0.5372549019607843 1 0.40784313725490196 0.40784313725490196 0.5137254901960784 1 0.4 0.4 0.5058823529411764 1 0.33725490196078434 0.33725490196078434 0.44313725490196076 1 0.6196078431372549 0.7333333333333333 1 1 0.7529411764705882 0.8666666666666667 1 1 0.7137254901960784 0.8274509803921568 1 1 0.7803921568627451 0.8941176470588236 1 1 0.792156862745098 0.9058823529411765 1 1 0.8117647058823529 0.9254901960784314 1 1 0.8156862745098039 0.9294117647058824 1 1 0.8313725490196079 0.9450980392156862 1 1 0.8470588235294118 0.9607843137254902 1 1 0.8862745098039215 1 1 1 0.9176470588235294 1 1 1 0.8980392156862745 1 1 1 0.9019607843137255 1 1 1 0.8313725490196079 0.7529411764705882 0.9372549019607843 1 0.8470588235294118 0.7725490196078432 0.9529411764705882 1 0.592156862745098 0.5176470588235295 0.7019607843137254 1 0.6823529411764706 0.6039215686274509 0.788235294117647 1 0.3803921568627451 0.3058823529411765 0.48627450980392156 1 0.44313725490196076 0.3686274509803922 0.5490196078431373 1 0.4980392156862745 0.4235294117647059 0.6039215686274509 1 0.5411764705882353 0.4666666666666667 0.6470588235294118 1 0.6235294117647059 0.5490196078431373 0.7294117647058823 1 0.6823529411764706 0.6078431372549019 0.788235294117647 1 0.7098039215686275 0.6313725490196078 0.8156862745098039 1 0.7450980392156863 0.6666666666666666 0.8509803921568627 1 0.6196078431372549 0.5450980392156862 0.7254901960784313 1 0.6784313725490196 0.6039215686274509 0.7843137254901961 1 0.8431372549019608 0.9607843137254902 1 1 0.8588235294117647 0.9725490196078431 1 1 0.8549019607843137 0.9686274509803922 1 1 0.8235294117647058 0.9372549019607843 1 1 0.9137254901960784 1 1 1 0.7372549019607844 0.6627450980392157 0.8431372549019608 1 0.7568627450980392 0.6823529411764706 0.8627450980392157 1 0.5254901960784314 0.45098039215686275 0.6313725490196078 1 0.6078431372549019 0.5333333333333333 0.7137254901960784 1 0.7058823529411765 0.6313725490196078 0.8117647058823529 1 0.8196078431372549 0.7411764705882353 0.9254901960784314 1 0.6862745098039216 0.611764705882353 0.792156862745098 1 0.8274509803921568 0.7529411764705882 0.9333333333333333 1 0.7137254901960784 0.6392156862745098 0.8196078431372549 1 0.8392156862745098 0.7647058823529411 0.9450980392156862 1 0.6196078431372549 0.5411764705882353 0.7254901960784313 1 0.803921568627451 0.7294117647058823 0.9098039215686274 1 0.7764705882352941 0.8901960784313725 1 1 0.6627450980392157 0.7764705882352941 1 1 0.6352941176470588 0.7490196078431373 1 1 0.5372549019607843 0.6509803921568628 0.984313725490196 1 0.47843137254901963 0.592156862745098 0.9254901960784314 1 0.403921568627451 0.32941176470588235 0.5098039215686274 1 0.32941176470588235 0.25098039215686274 0.43529411764705883 1 0.2823529411764706 0.20784313725490197 0.38823529411764707 1 0.2196078431372549 0.1450980392156863 0.3254901960784314 1 0.8 0.9137254901960784 1 1 0.7372549019607844 0.8509803921568627 1 1 0.6078431372549019 0.7215686274509804 1 1 0.7215686274509804 0.8352941176470589 1 1 0.44313725490196076 0.36470588235294116 0.5490196078431373 1 0.4470588235294118 0.3686274509803922 0.5529411764705883 1 0.2980392156862745 0.2235294117647059 0.403921568627451 1 0.33725490196078434 0.2627450980392157 0.44313725490196076 1 0.7843137254901961 0.8980392156862745 1 1 0.6509803921568628 0.7647058823529411 1 1 0.6862745098039216 0.8 1 1 0.4666666666666667 0.5803921568627451 0.9137254901960784 1 0.5411764705882353 0.6549019607843137 0.9882352941176471 1 0.3215686274509804 0.24705882352941178 0.42745098039215684 1 0.43529411764705883 0.3607843137254902 0.5411764705882353 1 0.24313725490196078 0.16862745098039217 0.34901960784313724 1 0.6705882352941176 0.592156862745098 0.7764705882352941 1 0.41568627450980394 0.33725490196078434 0.5215686274509804 1 0.5176470588235295 0.4392156862745098 0.6235294117647059 1 0.8627450980392157 0.9764705882352941 1 1 0.9215686274509803 1 1 1 0.9333333333333333 1 1 1 0.7490196078431373 0.6745098039215687 0.8549019607843137 1 0.611764705882353 0.5372549019607843 0.7176470588235294 1 0.35294117647058826 0.27450980392156865 0.4588235294117647 1 0.596078431372549 0.5176470588235295 0.7019607843137254 1 0.5058823529411764 0.42745098039215684 0.611764705882353 1 0.5215686274509804 0.44313725490196076 0.6274509803921569 1 0.9372549019607843 1 1 1 0.9098039215686274 1 1 1 0.807843137254902 0.7333333333333333 0.9137254901960784 1 0.2980392156862745 0.2196078431372549 0.403921568627451 1 0.4627450980392157 0.38823529411764707 0.5725490196078431 1 0.8392156862745098 0.9529411764705882 1 1 0.9058823529411765 1 1 1 0.8274509803921568 0.7490196078431373 0.9333333333333333 1 0.7843137254901961 0.7058823529411765 0.8901960784313725 1 0.6509803921568628 0.5725490196078431 0.7568627450980392 1 0.6588235294117647 0.5803921568627451 0.7647058823529411 1 0.3411764705882353 0.2627450980392157 0.4470588235294118 1 0.24705882352941178 0.17254901960784313 0.35294117647058826 1 0.39215686274509803 0.3176470588235294 0.4980392156862745 1 0.42745098039215684 0.34901960784313724 0.5333333333333333 1 0.5568627450980392 0.4823529411764706 0.6627450980392157 1</float_array>
                    <technique_common>
                        <accessor count="192" source="#colorarray17" stride="4">
                            <param name="R" type="float"/>
                            <param name="G" type="float"/>
                            <param name="B" type="float"/>
                            <param name="A" type="float"/>
                        </accessor>
                    </technique_common>
                </source>
                <vertices id="vertices17">
                    <input semantic="POSITION" source="#points17"/>
                </vertices>
                <polylist count="840" material="Material1">
                    <input offset="0" semantic="VERTEX" source="#vertices17"/>
                    <input offset="1" semantic="TEXCOORD" source="#uvs17" set="0"/>
                    <input offset="2" semantic="COLOR" source="#colors17" set="0"/>
                    <vcount>3 3 3 3 3 3 3 3 3 3 3 3 3 3 3 3 3 3 3 3 3 3 3 3 3 3 3 3 3 3 3 3 3 3 3 3 3 3 3 3 3 3 3 3 3 3 3 3 3 3 3 3 3 3 3 3 3 3 3 3 3 3 3 3 3 3 3 3 3 3 3 3 3 3 3 3 3 3 3 3 3 3 3 3 3 3 3 3 3 3 3 3 3 3 3 3 3 3 3 3 3 3 3 3 3 3 3 3 3 3 3 3 3 3 3 3 3 3 3 3 3 3 3 3 3 3 3 3 3 3 3 3 3 3 3 3 3 3 3 3 3 3 3 3 3 3 3 3 3 3 3 3 3 3 3 3 3 3 3 3 3 3 3 3 3 3 3 3 3 3 3 3 3 3 3 3 3 3 3 3 3 3 3 3 3 3 3 3 3 3 3 3 3 3 3 3 3 3 3 3 3 3 3 3 3 3 3 3 3 3 3 3 3 3 3 3 3 3 3 3 3 3 3 3 3 3 3 3 3 3 3 3 3 3 3 3 3 3 3 3 3 3 3 3 3 3 3 3 3 3 3 3 3 3 3 3 3 3 3 3 3 3 3 3 3 3 3 3 3 3 3 3 3 3 3 3 3 3 3 3 3 3 3 3 3 3 3 3 3 3 3 3 3 3 3 3 3 3 3 3 3 3 3 3 3 3 3 3 3 3 3 3 3 3 3 3 3 3 3 3 3 3 3 3 3 3 3 3 3 3 3 3 3 3 3 3 3 3 3 3 3 3 3 3 3 3 3 3 3 3 3 3 3 3 3 3 3 3 3 3 3 3 3 3 3 3 3 3 3 3 3 3 3 3 3 3 3 3 3 3 3 3 3 3 3 3 3 3 3 3 3 3 3 3 3 3 3 3 3 3 3 3 3 3 3 3 3 3 3 3 3 3 3 3 3 3 3 3 3 3 3 3 3 3 3 3 3 3 3 3 3 3 3 3 3 3 3 3 3 3 3 3 3 3 3 3 3 3 3 3 3 3 3 3 3 3 3 3 3 3 3 3 3 3 3 3 3 3 3 3 3 3 3 3 3 3 3 3 3 3 3 3 3 3 3 3 3 3 3 3 3 3 3 3 3 3 3 3 3 3 3 3 3 3 3 3 3 3 3 3 3 3 3 3 3 3 3 3 3 3 3 3 3 3 3 3 3 3 3 3 3 3 3 3 3 3 3 3 3 3 3 3 3 3 3 3 3 3 3 3 3 3 3 3 3 3 3 3 3 3 3 3 3 3 3 3 3 3 3 3 3 3 3 3 3 3 3 3 3 3 3 3 3 3 3 3 3 3 3 3 3 3 3 3 3 3 3 3 3 3 3 3 3 3 3 3 3 3 3 3 3 3 3 3 3 3 3 3 3 3 3 3 3 3 3 3 3 3 3 3 3 3 3 3 3 3 3 3 3 3 3 3 3 3 3 3 3 3 3 3 3 3 3 3 3 3 3 3 3 3 3 3 3 3 3 3 3 3 3 3 3 3 3 3 3 3 3 3 3 3 3 3 3 3 3 3 3 3 3 3 3 3 3 3 3 3 3 3 3 3 3 3 3 3 3 3 3 3 3 3 3 3 3 3 3 3 3 3 3 3 3 3 3 3 3 3 3 3 3 3 3 3 3 3 3 3 3 3 3 3 3 3 3 3 3 3 3 3 3 3 3 3 3 3 3 3 3 3 3 3 3 3 3 3 3 3 3 3 3 3 3 3 3 3 3 3 3 3 3 3 3 3 3 3 3 3 3 3 3 3 3 3 3 3 3 3 3 3 3 3 3 3 3 3 3 3 3 3 3 3 3 3 3 3 3 3 3 3 3 3 3 3 3 3 3 3 3 3 3 3 3 3 3 3 3 3 3 3 3 3</vcount>
                    <p>2 2 2 1 1 1 0 0 0 3 3 3 1 1 1 2 2 2 4 4 4 3 3 3 2 2 2 5 5 2 3 3 3 4 4 4 6 6 4 5 5 2 4 4 4 7 7 4 5 5 2 6 6 4 8 8 4 7 7 4 6 6 4 9 9 4 7 7 4 8 8 4 10 10 4 9 9 4 8 8 4 11 11 4 9 9 4 10 10 4 12 12 4 11 11 4 10 10 4 13 13 2 11 11 4 12 12 4 14 14 4 13 13 2 12 12 4 15 15 2 13 13 2 14 14 4 16 16 5 15 15 2 14 14 4 17 17 6 15 15 2 16 16 5 18 18 7 17 17 6 16 16 5 20 20 9 2 2 2 19 19 8 21 21 4 2 2 2 20 20 9 22 22 4 21 21 4 20 20 9 4 4 4 21 21 4 22 22 4 23 23 4 4 4 4 22 22 4 8 8 4 4 4 4 23 23 4 24 24 4 8 8 4 23 23 4 25 25 4 8 8 4 24 24 4 26 26 4 25 25 4 24 24 4 10 10 4 25 25 4 26 26 4 27 27 4 10 10 4 26 26 4 14 14 4 10 10 4 27 27 4 28 28 4 14 14 4 27 27 4 29 29 4 14 14 4 28 28 4 30 30 10 29 29 4 28 28 4 16 16 5 29 29 4 30 30 10 33 33 13 32 32 12 31 31 11 34 34 0 32 32 12 33 33 13 35 35 2 34 34 0 33 33 13 36 36 6 34 34 0 35 35 2 37 37 2 36 36 6 35 35 2 38 38 8 36 36 6 37 37 2 39 39 4 38 38 8 37 37 2 40 40 4 38 38 8 39 39 4 41 41 4 40 40 4 39 39 4 42 42 14 40 40 4 41 41 4 43 43 3 42 42 14 41 41 4 44 44 15 42 42 14 43 43 3 45 45 9 44 44 15 43 43 3 46 46 16 44 44 15 45 45 9 47 47 16 46 46 16 45 45 9 30 30 10 49 49 6 48 48 7 50 50 3 49 49 6 30 30 10 28 28 4 50 50 3 30 30 10 51 51 3 50 50 3 28 28 4 52 52 4 51 51 3 28 28 4 53 53 4 51 51 3 52 52 4 26 26 4 53 53 4 52 52 4 54 54 4 53 53 4 26 26 4 24 24 4 54 54 4 26 26 4 55 55 4 54 54 4 24 24 4 56 56 4 55 55 4 24 24 4 57 57 17 55 55 4 56 56 4 22 22 4 57 57 17 56 56 4 58 58 17 57 57 17 22 22 4 20 20 9 58 58 17 22 22 4 61 61 19 60 60 18 59 59 9 62 62 20 60 60 18 61 61 19 63 63 21 62 62 20 61 61 19 64 64 22 62 62 20 63 63 21 65 65 23 64 64 22 63 63 21 66 66 9 64 64 22 65 65 23 67 67 24 66 66 9 65 65 23 68 68 19 66 66 9 67 67 24 69 69 25 68 68 19 67 67 24 70 70 26 68 68 19 69 69 25 71 71 27 70 70 26 69 69 25 72 72 27 70 70 26 71 71 27 73 73 28 72 72 27 71 71 27 74 74 28 72 72 27 73 73 28 77 77 30 76 76 29 75 75 29 78 78 13 76 76 29 77 77 30 79 79 23 78 78 13 77 77 30 80 80 31 78 78 13 79 79 23 81 81 22 80 80 31 79 79 23 82 82 32 80 80 31 81 81 22 83 83 33 82 82 32 81 81 22 84 84 24 82 82 32 83 83 33 85 85 21 84 84 24 83 83 33 86 86 9 84 84 24 85 85 21 87 87 19 86 86 9 85 85 21 88 88 6 86 86 9 87 87 19 91 91 6 90 90 2 89 89 0 92 92 2 90 90 2 91 91 6 93 93 3 92 92 2 91 91 6 94 94 4 92 92 2 93 93 3 95 95 4 94 94 4 93 93 3 96 96 4 94 94 4 95 95 4 97 97 26 96 96 4 95 95 4 98 98 34 96 96 4 97 97 26 99 99 6 98 98 34 97 97 26 100 100 8 98 98 34 99 99 6 101 101 35 100 100 8 99 99 6 102 102 36 100 100 8 101 101 35 105 105 32 104 104 37 103 103 16 106 106 3 104 104 37 105 105 32 107 107 4 106 106 3 105 105 32 108 108 2 106 106 3 107 107 4 109 109 4 108 108 2 107 107 4 110 110 14 108 108 2 109 109 4 111 111 4 110 110 14 109 109 4 112 112 14 110 110 14 111 111 4 113 113 14 112 112 14 111 111 4 114 114 0 112 112 14 113 113 14 115 115 38 114 114 0 113 113 14 118 118 27 117 117 40 116 116 39 119 119 1 117 117 40 118 118 27 120 120 26 119 119 1 118 118 27 121 121 41 119 119 1 120 120 26 122 122 3 121 121 41 120 120 26 123 123 8 121 121 41 122 122 3 124 124 4 123 123 8 122 122 3 125 125 4 123 123 8 124 124 4 96 96 4 125 125 4 124 124 4 100 100 8 125 125 4 96 96 4 98 98 34 100 100 8 96 96 4 94 94 4 90 90 2 92 92 2 126 126 4 90 90 2 94 94 4 127 127 4 126 126 4 94 94 4 128 128 26 126 126 4 127 127 4 129 129 3 128 128 26 127 127 4 130 130 37 128 128 26 129 129 3 131 131 26 130 130 37 129 129 3 132 132 42 130 130 37 131 131 26 118 118 27 132 132 42 131 131 26 133 133 43 132 132 42 118 118 27 116 116 39 133 133 43 118 118 27 45 45 9 134 134 9 47 47 16 105 105 32 134 134 9 45 45 9 135 135 4 105 105 32 45 45 9 107 107 4 105 105 32 135 135 4 41 41 4 107 107 4 135 135 4 136 136 4 107 107 4 41 41 4 39 39 4 136 136 4 41 41 4 111 111 4 136 136 4 39 39 4 137 137 4 111 111 4 39 39 4 113 113 14 111 111 4 137 137 4 35 35 2 113 113 14 137 137 4 140 140 14 139 139 44 138 138 10 141 141 19 139 139 44 140 140 14 142 142 33 141 141 19 140 140 14 143 143 45 141 141 19 142 142 33 144 144 46 143 143 45 142 142 33 145 145 47 143 143 45 144 144 46 146 146 48 145 145 47 144 144 46 147 147 48 145 145 47 146 146 48 148 148 33 147 147 48 146 146 48 149 149 49 147 147 48 148 148 33 151 151 1 13 13 2 150 150 30 152 152 3 13 13 2 151 151 1 153 153 2 152 152 3 151 151 1 11 11 4 152 152 3 153 153 2 154 154 4 11 11 4 153 153 2 7 7 4 11 11 4 154 154 4 155 155 3 7 7 4 154 154 4 156 156 3 7 7 4 155 155 3 157 157 42 156 156 3 155 155 3 5 5 2 156 156 3 157 157 42 160 160 52 159 159 51 158 158 50 161 161 2 159 159 51 160 160 52 162 162 25 161 161 2 160 160 52 148 148 33 161 161 2 162 162 25 163 163 22 148 148 33 162 162 25 149 149 49 148 148 33 163 163 22 162 162 25 149 149 49 163 163 22 164 164 30 149 149 49 162 162 25 165 165 53 164 164 30 162 162 25 148 148 33 159 159 51 161 161 2 166 166 54 159 159 51 148 148 33 146 146 48 166 166 54 148 148 33 167 167 54 166 166 54 146 146 48 168 168 55 167 167 54 146 146 48 169 169 56 167 167 54 168 168 55 142 142 33 169 169 56 168 168 55 170 170 57 169 169 56 142 142 33 140 140 14 170 170 57 142 142 33 173 173 22 172 172 1 171 171 30 174 174 45 172 172 1 173 173 22 175 175 46 174 174 45 173 173 22 176 176 20 174 174 45 175 175 46 177 177 33 176 176 20 175 175 46 79 79 23 176 176 20 177 177 33 83 83 33 79 79 23 177 177 33 81 81 22 79 79 23 83 83 33 178 178 30 149 149 49 164 164 30 179 179 51 149 149 49 178 178 30 180 180 14 179 179 51 178 178 30 145 145 47 179 179 51 180 180 14 181 181 49 145 145 47 180 180 14 143 143 45 145 145 47 181 181 49 182 182 44 143 143 45 181 181 49 183 183 8 143 143 45 182 182 44 60 60 18 185 185 17 184 184 22 186 186 19 185 185 17 60 60 18 64 64 22 186 186 19 60 60 18 187 187 4 186 186 19 64 64 22 188 188 4 187 187 4 64 64 22 189 189 4 187 187 4 188 188 4 66 66 9 189 189 4 188 188 4 190 190 4 189 189 4 66 66 9 175 175 46 83 83 33 177 177 33 191 191 46 83 83 33 175 175 46 192 192 33 191 191 46 175 175 46 85 85 21 191 191 46 192 192 33 193 193 56 85 85 21 192 192 33 194 194 51 85 85 21 193 193 56 195 195 22 194 194 51 193 193 56 196 196 4 194 194 51 195 195 22 199 199 4 198 198 58 197 197 16 200 200 4 198 198 58 199 199 4 189 189 4 200 200 4 199 199 4 201 201 4 200 200 4 189 189 4 190 190 4 201 201 4 189 189 4 70 70 26 201 201 4 190 190 4 66 66 9 70 70 26 190 190 4 68 68 19 70 70 26 66 66 9 123 123 8 202 202 59 121 121 41 102 102 36 202 202 59 123 123 8 203 203 60 102 102 36 123 123 8 100 100 8 102 102 36 203 203 60 123 123 8 100 100 8 203 203 60 125 125 4 100 100 8 123 123 8 155 155 3 204 204 31 157 157 42 205 205 41 204 204 31 155 155 3 206 206 3 205 205 41 155 155 3 153 153 2 205 205 41 206 206 3 155 155 3 153 153 2 206 206 3 154 154 4 153 153 2 155 155 3 209 209 61 208 208 17 207 207 17 210 210 16 208 208 17 209 209 61 211 211 62 210 210 16 209 209 61 212 212 63 210 210 16 211 211 62 213 213 64 212 212 63 211 211 62 214 214 65 212 212 63 213 213 64 97 97 26 215 215 31 99 99 6 216 216 31 215 215 31 97 97 26 217 217 2 216 216 31 97 97 26 93 93 3 216 216 31 217 217 2 97 97 26 93 93 3 217 217 2 95 95 4 93 93 3 97 97 26 220 220 63 219 219 66 218 218 26 221 221 15 219 219 66 220 220 63 222 222 28 221 221 15 220 220 63 223 223 60 221 221 15 222 222 28 224 224 12 223 223 60 222 222 28 225 225 39 223 223 60 224 224 12 82 82 32 227 227 38 226 226 13 228 228 2 227 227 38 82 82 32 86 86 9 228 228 2 82 82 32 227 227 38 228 228 2 86 86 9 229 229 38 227 227 38 86 86 9 232 232 49 231 231 25 230 230 23 233 233 37 231 231 25 232 232 49 234 234 27 233 233 37 232 232 49 235 235 67 233 233 37 234 234 27 236 236 68 235 235 67 234 234 27 237 237 60 223 223 60 225 225 39 185 238 17 223 223 60 237 237 60 238 239 8 185 238 17 237 237 60 184 240 22 185 238 17 238 239 8 60 241 18 184 240 22 238 239 8 120 120 26 124 124 4 122 122 3 239 242 4 124 124 4 120 120 26 131 131 26 239 242 4 120 120 26 127 127 4 239 242 4 131 131 26 129 129 3 127 127 4 131 131 26 242 245 71 241 244 70 240 243 69 243 246 1 241 244 70 242 245 71 209 209 61 243 246 1 242 245 71 244 247 51 243 246 1 209 209 61 207 207 17 244 247 51 209 209 61 90 90 2 245 248 30 89 89 0 246 249 14 245 248 30 90 90 2 128 128 26 246 249 14 90 90 2 245 248 30 246 249 14 128 128 26 247 250 27 245 248 30 128 128 26 208 253 17 244 252 51 207 251 17 248 254 9 244 252 51 208 253 17 53 53 4 248 254 9 208 253 17 55 55 4 248 254 9 53 53 4 54 54 4 55 55 4 53 53 4 20 257 9 249 256 16 58 255 17 250 258 41 249 256 16 20 257 9 251 259 72 250 258 41 20 257 9 252 260 73 250 258 41 251 259 72 253 261 74 252 260 73 251 259 72 256 264 69 255 263 35 254 262 69 257 265 36 255 263 35 256 264 69 258 266 75 257 265 36 256 264 69 182 267 44 257 265 36 258 266 75 183 268 8 182 267 44 258 266 75 140 271 14 259 270 27 170 269 57 260 272 41 259 270 27 140 271 14 261 273 76 260 272 41 140 271 14 262 274 11 260 272 41 261 273 76 263 275 11 262 274 11 261 273 76 16 16 5 264 276 77 18 18 7 265 277 42 264 276 77 16 16 5 30 30 10 265 277 42 16 16 5 264 276 77 265 277 42 30 30 10 48 48 7 264 276 77 30 30 10 267 280 79 198 279 58 266 278 78 197 281 16 198 279 58 267 280 79 220 220 63 197 281 16 267 280 79 199 282 4 197 281 16 220 220 63 218 218 26 199 282 4 220 220 63 269 285 69 258 284 75 268 283 73 270 286 36 258 284 75 269 285 69 261 273 76 270 286 36 269 285 69 139 287 44 270 286 36 261 273 76 67 67 24 272 289 9 271 288 2 273 290 21 272 289 9 67 67 24 63 63 21 273 290 21 67 67 24 272 289 9 273 290 21 63 63 21 232 292 49 173 173 22 274 291 17 275 293 24 173 173 22 232 292 49 192 192 33 275 293 24 232 292 49 175 175 46 275 293 24 192 192 33 219 295 66 199 199 4 218 294 26 276 296 4 199 199 4 219 295 66 187 187 4 276 296 4 219 295 66 189 189 4 276 296 4 187 187 4 127 127 4 124 124 4 239 242 4 277 297 4 124 124 4 127 127 4 94 94 4 277 297 4 127 127 4 96 96 4 277 297 4 94 94 4 279 299 8 169 169 56 278 298 60 280 300 56 169 169 56 279 299 8 167 167 54 280 300 56 279 299 8 169 169 56 280 300 56 167 167 54 157 303 42 282 302 39 281 301 79 283 304 12 282 302 39 157 303 42 204 305 31 283 304 12 157 303 42 205 306 41 283 304 12 204 305 31 113 113 14 33 33 13 115 115 38 284 307 44 33 33 13 113 113 14 35 35 2 284 307 44 113 113 14 33 33 13 284 307 44 35 35 2 212 309 63 208 253 17 210 308 16 285 310 26 208 253 17 212 309 63 51 51 3 285 310 26 212 309 63 53 53 4 285 310 26 51 51 3 286 311 51 63 63 21 61 61 19 272 289 9 63 63 21 286 311 51 287 312 78 272 289 9 286 311 51 288 313 80 272 289 9 287 312 78 290 315 31 110 110 14 289 314 13 291 316 44 110 110 14 290 315 31 108 108 2 291 316 44 290 315 31 110 110 14 291 316 44 108 108 2 293 319 67 231 318 25 292 317 77 294 320 63 231 318 25 293 319 67 295 321 41 294 320 63 293 319 67 195 322 22 294 320 63 295 321 41 296 325 28 18 324 7 264 323 77 17 326 6 18 324 7 296 325 28 297 327 81 17 326 6 296 325 28 298 328 69 17 326 6 297 327 81 298 328 69 150 329 30 17 326 6 151 330 1 150 329 30 298 328 69 299 331 12 151 330 1 298 328 69 300 332 69 151 330 1 299 331 12 301 333 69 272 289 9 288 313 80 271 288 2 272 289 9 301 333 69 69 69 25 271 288 2 301 333 69 67 67 24 271 288 2 69 69 25 302 334 13 42 42 14 44 44 15 303 335 35 42 42 14 302 334 13 304 336 74 303 335 35 302 334 13 305 337 74 303 335 35 304 336 74 306 338 69 303 335 35 305 337 74 307 339 59 303 335 35 306 338 69 36 36 6 307 339 59 306 338 69 38 38 8 307 339 59 36 36 6 38 38 8 303 335 35 307 339 59 308 340 5 303 335 35 38 38 8 42 42 14 308 340 5 38 38 8 303 335 35 308 340 5 42 42 14 36 36 6 32 32 12 34 34 0 309 341 12 32 32 12 36 36 6 306 338 69 309 341 12 36 36 6 310 344 69 33 343 13 31 342 11 115 345 38 33 343 13 310 344 69 114 346 0 115 345 38 310 344 69 216 349 31 311 348 65 215 347 31 312 350 73 311 348 65 216 349 31 313 351 28 312 350 73 216 349 31 315 354 82 290 353 31 314 352 39 316 355 1 290 353 31 315 354 82 104 356 37 316 355 1 315 354 82 318 359 74 245 358 30 317 357 65 89 360 0 245 358 30 318 359 74 91 361 6 89 360 0 318 359 74 319 363 12 289 362 13 114 346 0 290 364 31 289 362 13 319 363 12 314 365 39 290 364 31 319 363 12 320 367 83 103 366 16 104 356 37 47 368 16 103 366 16 320 367 83 321 369 78 47 368 16 320 367 83 108 108 2 104 104 37 106 106 3 316 370 1 104 104 37 108 108 2 290 315 31 316 370 1 108 108 2 322 373 84 171 372 30 172 371 1 234 234 27 171 372 30 322 373 84 236 236 68 234 234 27 322 373 84 187 187 4 185 185 17 186 186 19 323 374 4 185 185 17 187 187 4 219 295 66 323 374 4 187 187 4 324 377 65 47 376 16 321 375 78 46 378 16 47 376 16 324 377 65 44 379 15 46 378 16 324 377 65 325 382 85 77 381 30 75 380 29 326 383 1 77 381 30 325 382 85 172 371 1 326 383 1 325 382 85 328 386 84 295 385 41 327 384 68 329 387 0 295 385 41 328 386 84 88 388 6 329 387 0 328 386 84 178 391 30 331 390 69 330 389 6 332 392 86 331 390 69 178 391 30 165 393 53 332 392 86 178 391 30 1 396 1 333 395 79 0 394 0 334 397 80 333 395 79 1 396 1 281 301 79 334 397 80 1 396 1 176 176 20 172 172 1 174 174 45 326 398 1 172 172 1 176 176 20 77 77 30 326 398 1 176 176 20 214 214 65 335 399 1 212 212 63 49 400 6 335 399 1 214 214 65 336 401 79 49 400 6 214 214 65 5 5 2 1 1 1 3 3 3 337 402 27 1 1 1 5 5 2 157 157 42 337 402 27 5 5 2 121 405 41 117 404 40 119 403 1 338 406 73 117 404 40 121 405 41 339 407 28 338 406 73 121 405 41 201 201 4 198 198 58 200 200 4 340 408 16 198 198 58 201 201 4 72 72 27 340 408 16 201 201 4 341 411 74 49 410 6 336 409 79 48 412 7 49 410 6 341 411 74 264 323 77 48 412 7 341 411 74 227 415 38 342 414 29 226 413 13 343 416 87 342 414 29 227 415 38 344 417 88 343 416 87 227 415 38 194 420 51 88 419 6 87 418 19 329 421 0 88 419 6 194 420 51 295 321 41 329 421 0 194 420 51 345 422 3 70 70 26 72 72 27 201 201 4 70 70 26 345 422 3 72 72 27 201 201 4 345 422 3 347 425 53 259 424 27 346 423 89 278 426 60 259 424 27 347 425 53 279 427 8 278 426 60 347 425 53 99 430 6 349 429 65 348 428 69 311 431 65 349 429 65 99 430 6 215 432 31 311 431 65 99 430 6 102 435 36 339 434 28 202 433 59 350 436 28 339 434 28 102 435 36 348 428 69 350 436 28 102 435 36 80 80 31 76 76 29 78 78 13 351 437 29 76 76 29 80 80 31 342 438 29 351 437 29 80 80 31 223 223 60 219 219 66 221 221 15 323 439 4 219 219 66 223 223 60 185 238 17 323 439 4 223 223 60 192 192 33 195 195 22 193 193 56 230 440 23 195 195 22 192 192 33 232 292 49 230 440 23 192 192 33 300 332 69 352 441 1 151 330 1 205 442 41 352 441 1 300 332 69 353 443 73 205 442 41 300 332 69 130 130 37 247 250 27 128 128 26 354 444 82 247 250 27 130 130 37 355 445 89 354 444 82 130 130 37 356 446 3 118 118 27 131 131 26 120 120 26 118 118 27 356 446 3 131 131 26 120 120 26 356 446 3 357 447 22 77 77 30 176 176 20 79 79 23 77 77 30 357 447 22 176 176 20 79 79 23 357 447 22 359 449 91 358 448 90 279 427 8 159 450 51 358 448 90 359 449 91 158 451 50 159 450 51 359 449 91 360 452 12 44 379 15 324 377 65 304 453 74 44 379 15 360 452 12 19 454 8 251 259 72 20 257 9 2 455 2 251 259 72 19 454 8 0 456 0 251 259 72 2 455 2 333 457 79 251 259 72 0 456 0 337 458 27 281 301 79 1 396 1 157 303 42 281 301 79 337 458 27 17 17 6 13 13 2 15 15 2 150 150 30 13 13 2 17 17 6 361 459 28 264 323 77 341 411 74 296 325 28 264 323 77 361 459 28 363 461 69 249 256 16 362 460 65 364 462 16 249 256 16 363 461 69 249 463 16 57 57 17 58 58 17 364 464 16 57 57 17 249 463 16 57 467 17 241 466 70 365 465 51 364 462 16 241 466 70 57 467 17 363 469 69 241 244 70 364 468 16 240 243 69 241 244 70 363 469 69 241 244 70 244 247 51 365 470 51 243 246 1 244 247 51 241 244 70 366 471 74 209 209 61 242 245 71 211 211 62 209 209 61 366 471 74 252 260 73 249 256 16 250 258 41 362 460 65 249 256 16 252 260 73 352 472 1 153 153 2 151 151 1 205 205 41 153 153 2 352 472 1 335 473 1 51 51 3 212 309 63 49 49 6 51 51 3 335 473 1 255 475 35 331 390 69 254 474 69 330 389 6 331 390 69 255 475 35 255 263 35 182 267 44 367 476 10 257 265 36 182 267 44 255 263 35 138 477 10 261 273 76 140 271 14 139 287 44 261 273 76 138 477 10 259 270 27 262 274 11 346 478 89 260 272 41 262 274 11 259 270 27 258 284 75 139 287 44 183 479 8 270 286 36 139 287 44 258 284 75 368 480 92 279 427 8 347 425 53 359 449 91 279 427 8 368 480 92 369 481 85 172 371 1 325 382 85 322 373 84 172 371 1 369 481 85 274 482 17 234 234 27 232 232 49 173 483 22 234 234 27 274 482 17 231 231 25 235 235 67 292 484 77 233 233 37 235 235 67 231 231 25 80 80 31 226 226 13 342 438 29 82 82 32 226 226 13 80 80 31 313 351 28 370 485 13 91 361 6 216 349 31 370 485 13 313 351 28 344 417 88 229 486 38 88 388 6 227 415 38 229 486 38 344 417 88 371 489 80 61 488 19 59 487 9 372 490 89 61 488 19 371 489 80 287 491 78 61 488 19 372 490 89 286 492 51 61 488 19 287 491 78 196 493 4 295 321 41 194 420 51 195 322 22 295 321 41 196 493 4 373 494 28 69 69 25 301 333 69 73 73 28 69 69 25 373 494 28 374 495 79 72 72 27 74 74 28 340 408 16 72 72 27 374 495 79 198 498 58 374 497 79 266 496 78 340 499 16 374 497 79 198 498 58 101 500 35 348 428 69 102 435 36 99 430 6 348 428 69 101 500 35 220 220 63 375 501 73 222 222 28 267 280 79 375 501 73 220 220 63 35 35 2 39 39 4 37 37 2 137 137 4 39 39 4 35 35 2 111 111 4 107 107 4 136 136 4 109 109 4 107 107 4 111 111 4 41 41 4 45 45 9 43 43 3 135 135 4 45 45 9 41 41 4 139 139 44 143 143 45 183 183 8 141 141 19 143 143 45 139 139 44 142 142 33 146 146 48 144 144 46 168 168 55 146 146 48 142 142 33 245 504 30 354 503 82 317 502 65 247 505 27 354 503 82 245 504 30 376 506 28 91 361 6 318 359 74 313 351 28 91 361 6 376 506 28 365 507 51 55 55 4 57 57 17 244 252 51 55 55 4 365 507 51 22 22 4 24 24 4 23 23 4 56 56 4 24 24 4 22 22 4 370 508 13 93 93 3 91 91 6 216 216 31 93 93 3 370 508 13 26 26 4 28 28 4 27 27 4 52 52 4 28 28 4 26 26 4 145 145 47 149 149 49 179 179 51 147 147 48 149 149 49 145 145 47 377 509 85 88 388 6 328 386 84 344 417 88 88 388 6 377 509 85 358 510 90 167 167 54 279 299 8 159 159 51 167 167 54 358 510 90 259 511 27 169 169 56 170 170 57 278 298 60 169 169 56 259 511 27 367 513 10 180 180 14 255 512 35 182 182 44 180 180 14 367 513 10 378 514 11 114 346 0 310 344 69 319 363 12 114 346 0 378 514 11 130 130 37 133 133 43 355 445 89 132 132 42 133 133 43 130 130 37 330 515 6 180 180 14 178 178 30 255 512 35 180 180 14 330 515 6 162 162 25 379 516 93 165 165 53 160 160 52 379 516 93 162 162 25 231 318 25 195 322 22 230 517 23 294 320 63 195 322 22 231 318 25 380 518 94 104 356 37 315 354 82 320 367 83 104 356 37 380 518 94 114 114 0 110 110 14 112 112 14 289 314 13 110 110 14 114 114 0 105 520 32 47 368 16 134 519 9 103 366 16 47 368 16 105 520 32 225 225 39 238 239 8 237 237 60 381 521 80 238 239 8 225 225 39 371 522 80 238 239 8 381 521 80 59 523 9 238 239 8 371 522 80 4 4 4 2 2 2 21 21 4 333 457 79 253 261 74 251 259 72 55 55 4 244 252 51 248 254 9 7 7 4 156 156 3 5 5 2 194 194 51 87 87 19 85 85 21 205 306 41 353 524 73 283 304 12 42 42 14 38 38 8 40 40 4 7 7 4 9 9 4 11 11 4 4 4 4 8 8 4 6 6 4 10 10 4 8 8 4 25 25 4 10 10 4 14 14 4 12 12 4 175 175 46 173 173 22 275 293 24 180 180 14 182 182 44 181 181 49 83 83 33 191 191 46 85 85 21 44 379 15 304 453 74 302 525 13 189 189 4 199 199 4 276 296 4 159 159 51 166 166 54 167 167 54 13 13 2 152 152 3 11 11 4 16 16 5 14 14 4 29 29 4 208 253 17 285 310 26 53 53 4 269 285 69 263 275 11 261 273 76 256 264 69 268 526 73 258 266 75 234 234 27 173 483 22 171 372 30 69 69 25 73 73 28 71 71 27 86 86 9 88 88 6 229 229 38 128 128 26 90 90 2 126 126 4 165 393 53 178 391 30 164 527 30 339 407 28 121 405 41 202 528 59 124 124 4 277 297 4 96 96 4 49 49 6 50 50 3 51 51 3 60 60 18 62 62 20 64 64 22 66 66 9 188 188 4 64 64 22 63 63 21 67 67 24 65 65 23 293 319 67 327 529 68 295 321 41 60 241 18 238 239 8 59 523 9 86 86 9 82 82 32 84 84 24 384 532 97 383 531 96 382 530 95 385 533 98 383 531 96 384 532 97 386 534 99 385 533 98 384 532 97 387 535 100 385 533 98 386 534 99 388 536 101 387 535 100 386 534 99 389 537 102 387 535 100 388 536 101 390 538 103 389 537 102 388 536 101 391 539 104 389 537 102 390 538 103 392 540 105 391 539 104 390 538 103 393 541 106 391 539 104 392 540 105 394 542 107 393 541 106 392 540 105 395 543 108 393 541 106 394 542 107 396 544 109 395 543 108 394 542 107 397 544 110 395 543 108 396 544 109 398 545 111 397 544 110 396 544 109 401 546 114 400 547 113 399 546 112 402 547 115 400 547 113 401 546 114 382 530 95 402 547 115 401 546 114 403 548 116 402 547 115 382 530 95 383 531 96 403 548 116 382 530 95 404 549 117 403 548 116 383 531 96 405 550 102 404 549 117 383 531 96 406 551 118 404 549 117 405 550 102 407 552 119 406 551 118 405 550 102 408 552 120 406 551 118 407 552 119 409 553 121 408 552 120 407 552 119 411 555 122 388 536 101 410 554 102 412 556 123 388 536 101 411 555 122 413 557 124 412 556 123 411 555 122 414 558 107 412 556 123 413 557 124 415 559 125 414 558 107 413 557 124 416 560 126 414 558 107 415 559 125 417 561 127 416 560 126 415 559 125 418 562 128 416 560 126 417 561 127 419 561 129 418 562 128 417 561 127 420 562 130 418 562 128 419 561 129 421 543 131 395 543 108 397 544 110 422 563 132 395 543 108 421 543 131 423 563 133 422 563 132 421 543 131 424 564 134 422 563 132 423 563 133 425 564 135 424 564 134 423 563 133 426 565 136 424 564 134 425 564 135 427 565 137 426 565 136 425 564 135 428 553 138 426 565 136 427 565 137 409 553 121 428 553 138 427 565 137 407 552 119 428 553 138 409 553 121 429 567 139 388 536 101 386 566 99 430 568 139 388 536 101 429 567 139 431 569 140 430 568 139 429 567 139 432 570 141 430 568 139 431 569 140 433 571 142 432 570 141 431 569 140 434 572 143 432 570 141 433 571 142 435 573 144 434 572 143 433 571 142 436 574 145 434 572 143 435 573 144 437 573 146 436 574 145 435 573 144 438 574 147 436 574 145 437 573 146 440 576 101 388 536 101 439 575 148 410 554 102 388 536 101 440 576 101 441 577 149 410 554 102 440 576 101 442 578 148 410 554 102 441 577 149 443 579 150 442 578 148 441 577 149 444 580 151 442 578 148 443 579 150 445 581 152 444 580 151 443 579 150 446 582 153 444 580 151 445 581 152 447 581 154 446 582 153 445 581 152 448 582 155 446 582 153 447 581 154 449 583 156 388 536 101 430 568 139 439 575 148 388 536 101 449 583 156 450 584 157 439 575 148 449 583 156 451 585 158 439 575 148 450 584 157 452 586 159 451 585 158 450 584 157 453 587 160 451 585 158 452 586 159 454 588 161 453 587 160 452 586 159 455 589 161 453 587 160 454 588 161 456 588 147 455 589 161 454 588 161 457 589 147 455 589 161 456 588 147 451 585 158 440 576 101 439 575 148 441 577 149 440 576 101 451 585 158 453 587 160 441 577 149 451 585 158 443 579 150 441 577 149 453 587 160 458 590 162 443 579 150 453 587 160 445 581 152 443 579 150 458 590 162 459 590 163 445 581 152 458 590 162 447 581 154 445 581 152 459 590 163 442 578 148 411 555 122 410 554 102 413 557 124 411 555 122 442 578 148 444 580 151 413 557 124 442 578 148 415 559 125 413 557 124 444 580 151 460 591 116 415 559 125 444 580 151 461 592 164 415 559 125 460 591 116 462 591 165 461 592 164 460 591 116 463 592 166 461 592 164 462 591 165 414 558 107 464 593 167 412 556 123 465 594 168 464 593 167 414 558 107 416 560 126 465 594 168 414 558 107 466 595 169 465 594 168 416 560 126 418 562 128 466 595 169 416 560 126 467 596 170 466 595 169 418 562 128 420 562 130 467 596 170 418 562 128 468 596 171 467 596 170 420 562 130 432 570 141 449 583 156 430 568 139 450 584 157 449 583 156 432 570 141 434 572 143 450 584 157 432 570 141 452 586 159 450 584 157 434 572 143 469 597 172 452 586 159 434 572 143 454 588 161 452 586 159 469 597 172 470 597 147 454 588 161 469 597 172 456 588 147 454 588 161 470 597 147 471 551 173 406 551 118 408 552 120 404 549 117 406 551 118 471 551 173 472 549 174 404 549 117 471 551 173 403 548 116 404 549 117 472 549 174 473 548 175 403 548 116 472 549 174 402 547 115 403 548 116 473 548 175 400 547 113 402 547 115 473 548 175 464 593 167 388 536 101 412 556 123 474 598 167 388 536 101 464 593 167 465 594 168 474 598 167 464 593 167 475 599 176 474 598 167 465 594 168 466 595 169 475 599 176 465 594 168 476 600 177 475 599 176 466 595 169 477 601 178 476 600 177 466 595 169 394 542 107 476 600 177 396 544 109 478 602 176 476 600 177 394 542 107 392 540 105 478 602 176 394 542 107 479 603 124 478 602 176 392 540 105 390 538 103 479 603 124 392 540 105 388 536 101 479 603 124 390 538 103 435 573 144 480 604 179 437 573 146 481 604 180 480 604 179 435 573 144 433 571 142 481 604 180 435 573 144 382 605 95 481 604 180 433 571 142 431 569 140 382 605 95 433 571 142 384 606 97 382 605 95 431 569 140 391 539 104 482 607 181 389 537 102 483 608 182 482 607 181 391 539 104 393 541 106 483 608 182 391 539 104 426 565 136 483 608 182 393 541 106 424 564 134 426 565 136 393 541 106 476 600 177 484 545 183 396 544 109 485 609 184 484 545 183 476 600 177 477 601 178 485 609 184 476 600 177 486 601 185 485 609 184 477 601 178 468 596 171 486 601 185 477 601 178 385 533 98 405 550 102 383 531 96 482 607 181 405 550 102 385 533 98 387 535 100 482 607 181 385 533 98 389 537 102 482 607 181 387 535 100 487 609 186 485 609 184 486 601 185 484 545 183 485 609 184 487 609 186 398 545 111 484 545 183 487 609 186 396 544 109 484 545 183 398 545 111 469 597 172 488 610 147 470 597 147 489 610 187 488 610 147 469 597 172 434 572 143 489 610 187 469 597 172 436 574 145 489 610 187 434 572 143 458 590 162 490 611 188 459 590 163 491 611 189 490 611 188 458 590 162 453 587 160 491 611 189 458 590 162 455 589 161 491 611 189 453 587 160 460 591 116 492 612 190 462 591 165 493 612 191 492 612 190 460 591 116 444 580 151 493 612 191 460 591 116 446 582 153 493 612 191 444 580 151 478 602 176 475 599 176 476 600 177 494 613 123 475 599 176 478 602 176 479 603 124 494 613 123 478 602 176 388 536 101 494 613 123 479 603 124 428 553 138 483 608 182 426 565 136 405 550 102 483 608 182 428 553 138 407 552 119 405 550 102 428 553 138 422 563 132 393 541 106 395 543 108 424 564 134 393 541 106 422 563 132 386 566 99 431 569 140 429 567 139 384 606 97 431 569 140 386 566 99 491 611 189 457 589 147 490 611 188 455 589 161 457 589 147 491 611 189 401 614 114 481 604 180 382 605 95 399 614 112 481 604 180 401 614 114 489 610 187 438 574 147 488 610 147 436 574 145 438 574 147 489 610 187 461 592 164 417 561 127 415 559 125 463 592 166 417 561 127 461 592 164 493 612 191 448 582 155 492 612 190 446 582 153 448 582 155 493 612 191 474 598 167 494 613 123 388 536 101 475 599 176 494 613 123 474 598 167 477 601 178 467 596 170 468 596 171 466 595 169 467 596 170 477 601 178 482 607 181 483 608 182 405 550 102 463 592 166 419 561 129 417 561 127 399 614 112 480 604 179 481 604 180</p>
                </polylist>
            </mesh>
        </geometry>
        <geometry id="mesh18">
            <mesh>
                <source id="points18">
                    <float_array id="pointarray18" count="339">-2863.5 1119 885.5 -2856.5 1112.5 996.5 -2847.75 1080.5 725.25 -2823.75 1035.75 729.5 -2726.5 1056.5 478.75 -2609.75 919 527.75 -2449.5 968.75 353.75 -2338.25 859 455.75 -2167.5 918.75 376.75 -2100.5 832 528 -1970 881.5 525.25 -1976.75 813.5 699.25 -1914.25 838.75 725.5 -2002.25 789.25 882.75 -1866.75 860.25 775.5 -1841 874.25 841.5 -1757.5 971.5 672.75 -1708 998.75 800.5 -1682.5 1116.25 581.25 -1612.5 1154.25 762 -1646.5 1284 507.5 -1560.5 1330.75 728.75 -1652 1463.5 456.5 -1556.25 1515.75 703 -1669 1528.5 447.5 -1847.5 1505 1419.25 -1833 1456.25 1416.75 -2066.25 1374.5 1524.75 -2018 1204.25 1465.25 -2244 1118.75 1470 -2170.5 981.25 1367.25 -2340.75 911.75 1295.25 -2223 827.25 1177.5 -2315 786 1081 -2155.25 764 986.75 -2181 750 920.75 -2180.75 745.5 848.75 -2154.5 751 781.5 -2364.25 750.25 814 -2313.75 761 684.25 -2540.25 803 781.25 -2469 818.25 597.75 -2697 900.5 752.5 -1757.5 1519.75 1324.75 -1654.25 1511.75 1222.75 -1809 1277.5 1368.75 -1648.5 1327.25 1194.75 -1815 1111 1284.5 -1684.25 1151.5 1142.5 -1851.5 968 1169.75 -1758.75 996.75 1069.5 -1915.25 858.25 1032.75 -1867.25 873 980.75 -1841.25 878.75 913.75 -1764.25 1475.25 346 -1829.5 1384 270 -1805.75 1212.5 340.25 -1812.5 1058 444.75 -1849.5 930.5 576.25 -1982.75 988.5 373 -2240.25 1042 257 -2547.5 1112 284.75 -2749.5 1101.5 472.25 -2813.25 1138.75 569 -2318.5 1279 1530 -2452.5 1033.75 1382 -2551 1184.5 1431.75 -2612 962.5 1214.75 -2728.75 1105 1245.25 -2697.75 915.5 993.75 -2824.5 1052.75 998.5 -2457.5 1246.5 207.5 -2576 1172.75 273.5 -2346.25 1270.75 161.25 -2314.25 1193.75 177 -2206.75 1284.75 165.5 -2062.25 1289.25 171.75 -2084.5 1352.25 159 -1853.75 1464 255.5 -1983.5 1510.5 1478 -2094.25 1454.5 1530.5 -2216.5 1358.5 1530.25 -2337.75 1326.25 1533.5 -2586.75 1261.25 1436 -2680.25 1217 1336.75 -1557 1532.75 972.25 -1561.25 1346 970 -1613 1166.75 959 -1708.5 1007.5 939.75 -1985.75 1051 1363.25 -2102.75 876.25 1228.5 -2107.75 785.5 1036.75 -1572 1581.5 697.25 -1569.5 1579.5 856.25 -1572.75 1598.75 969.75 -1671.25 1577.5 1223.5 -2014.25 1127.75 252.25 -2659.5 1134 371.75 -2221.25 789.75 584 -2044.25 788 700.75 -2541 815.5 978.25 -2364.5 759 953.5 -1972.25 925.5 1225.75 -2045.25 810.75 1063.25 -2470.75 853.75 1158.75 -2775 1195.75 1246.75 -2814.25 1137.75 1107.75 -2106.75 766 729.5 -1977.75 836.25 1061.75 -1629 1573.25 561 -1975.25 1435.5 203.25 -2467 1345.75 1494.25 -1623.5 1612.75 1085</float_array>
                    <technique_common>
                        <accessor count="113" source="#pointarray18" stride="3">
                            <param name="X" type="float"/>
                            <param name="Y" type="float"/>
                            <param name="Z" type="float"/>
                        </accessor>
                    </technique_common>
                </source>
                <source id="uvs18">
                    <float_array id="uvarray18" count="238">0.5234375 0.54638671875 0.5 0.55322265625 0.5595703125 0.56103515625 0.5595703125 0.58349609375 0.619140625 0.58349609375 0.619140625 0.6669921875 0.67919921875 0.6669921875 0.67919921875 0.75 0.73876953125 0.75 0.73876953125 0.83349609375 0.798828125 0.83349609375 0.798828125 0.9169921875 0.8583984375 0.9169921875 0.5 1 0.91796875 0.9169921875 0.97802734375 0.9169921875 0.91796875 0.83349609375 0.97802734375 0.83349609375 0.91796875 0.75 0.97802734375 0.75 0.91796875 0.6669921875 0.97802734375 0.6669921875 0.91796875 0.58349609375 0.97802734375 0.58349609375 0.91796875 0.55322265625 0.20068359375 0.56103515625 0.20068359375 0.58349609375 0.2607421875 0.58349609375 0.2607421875 0.6669921875 0.3203125 0.6669921875 0.3203125 0.75 0.38037109375 0.75 0.38037109375 0.83349609375 0.43994140625 0.83349609375 0.43994140625 0.9169921875 0.5 0.9169921875 0.5595703125 0.9169921875 0.619140625 0.9169921875 0.5595703125 0.83349609375 0.619140625 0.83349609375 0.5595703125 0.75 0.619140625 0.75 0.5595703125 0.6669921875 0.171875 0.56640625 0.14111328125 0.58349609375 0.20068359375 0.6669921875 0.14111328125 0.6669921875 0.20068359375 0.75 0.14111328125 0.75 0.20068359375 0.83349609375 0.14111328125 0.83349609375 0.20068359375 0.9169921875 0.14111328125 0.9169921875 0.08154296875 0.9169921875 0.021484375 0.9169921875 0.021484375 0.83349609375 0.88525390625 0.5576171875 0.8583984375 0.58349609375 0.8583984375 0.6669921875 0.8583984375 0.75 0.8583984375 0.83349609375 0.798828125 0.75 0.73876953125 0.6669921875 0.67919921875 0.58349609375 0.619140625 0.56103515625 0.5947265625 0.53759765625 0.3203125 0.58349609375 0.38037109375 0.6669921875 0.38037109375 0.58349609375 0.43994140625 0.6669921875 0.43994140625 0.58349609375 0.5 0.6669921875 0.5 0.58349609375 0.7119140625 0.53955078125 0.67919921875 0.55322265625 0.73876953125 0.5458984375 0.73876953125 0.58349609375 0.76806640625 0.56201171875 0.798828125 0.58349609375 0.798828125 0.55322265625 0.8583984375 0.5458984375 0.23095703125 0.53857421875 0.2607421875 0.5458984375 0.29296875 0.56640625 0.3203125 0.56103515625 0.38037109375 0.5458984375 0.4111328125 0.546875 0.08154296875 0.58349609375 0.08154296875 0.6669921875 0.08154296875 0.75 0.08154296875 0.83349609375 0.2607421875 0.75 0.3203125 0.83349609375 0.38037109375 0.9169921875 0.021484375 0.58349609375 0.021484375 0.6669921875 0.021484375 0.75 0.021484375 0.55322265625 0.05615234375 0.55859375 0.08154296875 0.55322265625 0.14111328125 0.55322265625 0.798828125 0.6669921875 0.64990234375 0.55859375 0.67919921875 0.83349609375 0.73876953125 0.9169921875 0.5 0.75 0.5 0.83349609375 0.2607421875 0.83349609375 0.3203125 0.9169921875 0.43994140625 0.75 0.43994140625 0.5380859375 0.47265625 0.55224609375 0.67919921875 0.9169921875 0.2607421875 0.9169921875 0.9453125 0.5439453125 0.97802734375 0.55322265625 0.82861328125 0.537109375 0.34619140625 0.53076171875 0.10791015625 0.54248046875</float_array>
                    <technique_common>
                        <accessor count="119" source="#uvarray18" stride="2">
                            <param name="S" type="float"/>
                            <param name="T" type="float"/>
                        </accessor>
                    </technique_common>
                </source>
                <source id="colors18">
                    <float_array id="colorarray18" count="384">0.5490196078431373 0.4745098039215686 0.6549019607843137 1 0.6549019607843137 0.5803921568627451 0.7607843137254902 1 0.592156862745098 0.5176470588235295 0.6980392156862745 1 0.7098039215686275 0.6352941176470588 0.8156862745098039 1 0.6039215686274509 0.5294117647058824 0.7098039215686275 1 0.5450980392156862 0.47058823529411764 0.6509803921568628 1 0.43137254901960786 0.3568627450980392 0.5372549019607843 1 0.40784313725490196 0.3333333333333333 0.5137254901960784 1 0.3607843137254902 0.2823529411764706 0.4666666666666667 1 0.3686274509803922 0.29411764705882354 0.4745098039215686 1 0.35294117647058826 0.27450980392156865 0.4588235294117647 1 0.396078431372549 0.3215686274509804 0.5019607843137255 1 0.4 0.3254901960784314 0.5058823529411764 1 0.49019607843137253 0.41568627450980394 0.596078431372549 1 0.41568627450980394 0.33725490196078434 0.5215686274509804 1 0.4392156862745098 0.36470588235294116 0.5450980392156862 1 0.3764705882352941 0.30196078431372547 0.4823529411764706 1 0.44313725490196076 0.36470588235294116 0.5490196078431373 1 0.4549019607843137 0.3803921568627451 0.5607843137254902 1 0.38823529411764707 0.3137254901960784 0.49411764705882355 1 0.4980392156862745 0.4235294117647059 0.6039215686274509 1 0.44313725490196076 0.3686274509803922 0.5490196078431373 1 0.5568627450980392 0.47843137254901963 0.6627450980392157 1 0.3411764705882353 0.26666666666666666 0.4470588235294118 1 0.6470588235294118 0.5686274509803921 0.7529411764705882 1 0.7764705882352941 0.7019607843137254 0.8823529411764706 1 0.807843137254902 0.7294117647058823 0.9137254901960784 1 0.8117647058823529 0.7372549019607844 0.9176470588235294 1 0.8156862745098039 0.7372549019607844 0.9215686274509803 1 0.7411764705882353 0.6666666666666666 0.8470588235294118 1 0.7254901960784313 0.6509803921568628 0.8313725490196079 1 0.6431372549019608 0.5686274509803921 0.7490196078431373 1 0.6235294117647059 0.5450980392156862 0.7294117647058823 1 0.5254901960784314 0.4470588235294118 0.6313725490196078 1 0.4627450980392157 0.38823529411764707 0.5686274509803921 1 0.5372549019607843 0.4627450980392157 0.6470588235294118 1 0.47843137254901963 0.403921568627451 0.5843137254901961 1 0.592156862745098 0.5137254901960784 0.6980392156862745 1 0.4980392156862745 0.4196078431372549 0.6039215686274509 1 0.6666666666666666 0.592156862745098 0.7725490196078432 1 0.6 0.5254901960784314 0.7058823529411765 1 0.7176470588235294 0.6431372549019608 0.8235294117647058 1 0.7843137254901961 0.7058823529411765 0.8901960784313725 1 0.6509803921568628 0.5725490196078431 0.7568627450980392 1 0.6274509803921569 0.5529411764705883 0.7333333333333333 1 0.5764705882352941 0.5019607843137255 0.6823529411764706 1 0.5411764705882353 0.4627450980392157 0.6470588235294118 1 0.5098039215686274 0.43137254901960786 0.615686274509804 1 0.4745098039215686 0.396078431372549 0.5803921568627451 1 0.30980392156862746 0.23137254901960785 0.41568627450980394 1 0.39215686274509803 0.3137254901960784 0.4980392156862745 1 0.3333333333333333 0.25882352941176473 0.4392156862745098 1 0.3215686274509804 0.24705882352941178 0.42745098039215684 1 0.35294117647058826 0.2784313725490196 0.4588235294117647 1 0.32941176470588235 0.2549019607843137 0.43529411764705883 1 0.3764705882352941 0.2980392156862745 0.4823529411764706 1 0.5019607843137255 0.4235294117647059 0.6078431372549019 1 0.5019607843137255 0.42745098039215684 0.6078431372549019 1 0.42745098039215684 0.35294117647058826 0.5333333333333333 1 0.803921568627451 0.7254901960784313 0.9098039215686274 1 0.8313725490196079 0.7529411764705882 0.9372549019607843 1 0.8313725490196079 0.7568627450980392 0.9372549019607843 1 0.7490196078431373 0.6705882352941176 0.8549019607843137 1 0.796078431372549 0.7215686274509804 0.9019607843137255 1 0.3215686274509804 0.24313725490196078 0.42745098039215684 1 0.4 0.3215686274509804 0.5058823529411764 1 0.3058823529411765 0.23137254901960785 0.4117647058823529 1 0.3686274509803922 0.2901960784313726 0.4745098039215686 1 0.2901960784313726 0.21568627450980393 0.396078431372549 1 0.3058823529411765 0.22745098039215686 0.4117647058823529 1 0.6235294117647059 0.5490196078431373 0.7294117647058823 1 0.6352941176470588 0.5607843137254902 0.7411764705882353 1 0.6588235294117647 0.5803921568627451 0.7647058823529411 1 0.6745098039215687 0.6 0.7803921568627451 1 0.611764705882353 0.5372549019607843 0.7176470588235294 1 0.5647058823529412 0.49019607843137253 0.6705882352941176 1 0.5176470588235295 0.4392156862745098 0.6235294117647059 1 0.6549019607843137 0.5803921568627451 0.7647058823529411 1 0.5568627450980392 0.4823529411764706 0.6627450980392157 1 0.4196078431372549 0.34509803921568627 0.5254901960784314 1 0.45098039215686275 0.37254901960784315 0.5568627450980392 1 0.5137254901960784 0.43529411764705883 0.6196078431372549 1 0.5725490196078431 0.49411764705882355 0.6784313725490196 1 0.3254901960784314 0.25098039215686274 0.43529411764705883 1 0.403921568627451 0.3254901960784314 0.5098039215686274 1 0.4117647058823529 0.3333333333333333 0.5176470588235295 1 0.6627450980392157 0.5843137254901961 0.7686274509803922 1 0.5882352941176471 0.5137254901960784 0.6941176470588235 1 0.5647058823529412 0.48627450980392156 0.6705882352941176 1 0.7019607843137254 0.6235294117647059 0.807843137254902 1 0.6392156862745098 0.5647058823529412 0.7450980392156863 1 0.6470588235294118 0.5725490196078431 0.7529411764705882 1 0.5607843137254902 0.4823529411764706 0.6666666666666666 1 0.2235294117647059 0.14901960784313725 0.32941176470588235 1 0.5254901960784314 0.45098039215686275 0.6313725490196078 1 0.49019607843137253 0.4117647058823529 0.596078431372549 1</float_array>
                    <technique_common>
                        <accessor count="96" source="#colorarray18" stride="4">
                            <param name="R" type="float"/>
                            <param name="G" type="float"/>
                            <param name="B" type="float"/>
                            <param name="A" type="float"/>
                        </accessor>
                    </technique_common>
                </source>
                <vertices id="vertices18">
                    <input semantic="POSITION" source="#points18"/>
                </vertices>
                <polylist count="192" material="Material1">
                    <input offset="0" semantic="VERTEX" source="#vertices18"/>
                    <input offset="1" semantic="TEXCOORD" source="#uvs18" set="0"/>
                    <input offset="2" semantic="COLOR" source="#colors18" set="0"/>
                    <vcount>3 3 3 3 3 3 3 3 3 3 3 3 3 3 3 3 3 3 3 3 3 3 3 3 3 3 3 3 3 3 3 3 3 3 3 3 3 3 3 3 3 3 3 3 3 3 3 3 3 3 3 3 3 3 3 3 3 3 3 3 3 3 3 3 3 3 3 3 3 3 3 3 3 3 3 3 3 3 3 3 3 3 3 3 3 3 3 3 3 3 3 3 3 3 3 3 3 3 3 3 3 3 3 3 3 3 3 3 3 3 3 3 3 3 3 3 3 3 3 3 3 3 3 3 3 3 3 3 3 3 3 3 3 3 3 3 3 3 3 3 3 3 3 3 3 3 3 3 3 3 3 3 3 3 3 3 3 3 3 3 3 3 3 3 3 3 3 3 3 3 3 3 3 3 3 3 3 3 3 3 3 3 3 3 3 3 3 3 3 3 3 3</vcount>
                    <p>2 2 2 1 1 1 0 0 0 3 3 3 1 1 1 2 2 2 4 4 4 3 3 3 2 2 2 5 5 5 3 3 3 4 4 4 6 6 6 5 5 5 4 4 4 7 7 7 5 5 5 6 6 6 8 8 8 7 7 7 6 6 6 9 9 9 7 7 7 8 8 8 10 10 10 9 9 9 8 8 8 11 11 11 9 9 9 10 10 10 12 12 12 11 11 11 10 10 10 13 13 13 11 11 11 12 12 12 14 14 14 13 13 13 12 12 12 15 15 15 13 13 13 14 14 14 16 16 16 15 15 15 14 14 14 17 17 17 15 15 15 16 16 16 18 18 8 17 17 17 16 16 16 19 19 18 17 17 17 18 18 8 20 20 19 19 19 18 18 18 8 21 21 20 19 19 18 20 20 19 22 22 21 21 21 20 20 20 19 23 23 22 21 21 20 22 22 21 24 24 23 23 23 22 22 22 21 27 27 26 26 26 25 25 25 24 28 28 27 26 26 25 27 27 26 29 29 28 28 28 27 27 27 26 30 30 29 28 28 27 29 29 28 31 31 30 30 30 29 29 29 28 32 32 31 30 30 29 31 31 30 33 33 32 32 32 31 31 31 30 34 34 5 32 32 31 33 33 32 35 35 33 34 34 5 33 33 32 13 13 13 34 34 5 35 35 33 36 36 20 13 13 13 35 35 33 37 37 34 13 13 13 36 36 20 38 38 35 37 37 34 36 36 20 39 39 36 37 37 34 38 38 35 40 40 37 39 39 36 38 38 35 41 41 38 39 39 36 40 40 37 42 42 39 41 41 38 40 40 37 5 5 5 41 41 38 42 42 39 3 3 3 5 5 5 42 42 39 26 26 25 43 43 40 25 25 24 44 44 41 43 43 40 26 26 25 45 45 42 44 44 41 26 26 25 46 46 3 44 44 41 45 45 42 47 47 3 46 46 3 45 45 42 48 48 43 46 46 3 47 47 3 49 49 44 48 48 43 47 47 3 50 50 45 48 48 43 49 49 44 51 51 46 50 50 45 49 49 44 52 52 47 50 50 45 51 51 46 13 13 13 52 52 47 51 51 46 53 53 48 52 52 47 13 13 13 15 54 15 53 53 48 13 13 13 17 55 17 53 53 48 15 54 15 22 22 21 54 56 49 24 24 23 55 57 50 54 56 49 22 22 21 20 20 19 55 57 50 22 22 21 56 58 51 55 57 50 20 20 19 18 18 8 56 58 51 20 20 19 57 59 52 56 58 51 18 18 8 16 16 16 57 59 52 18 18 8 58 60 53 57 59 52 16 16 16 14 14 14 58 60 53 16 16 16 12 12 12 58 60 53 14 14 14 10 10 10 58 60 53 12 12 12 59 61 54 58 60 53 10 10 10 8 8 8 59 61 54 10 10 10 60 62 55 59 61 54 8 8 8 6 6 6 60 62 55 8 8 8 61 63 56 60 62 55 6 6 6 4 4 4 61 63 56 6 6 6 62 64 57 61 63 56 4 4 4 2 2 2 62 64 57 4 4 4 63 65 58 62 64 57 2 2 2 64 66 59 29 29 28 27 27 26 65 67 26 29 29 28 64 66 59 66 68 60 65 67 26 64 66 59 67 69 42 65 67 26 66 68 60 68 70 61 67 69 42 66 68 60 69 71 62 67 69 42 68 70 61 70 72 63 69 71 62 68 70 61 42 42 39 69 71 62 70 72 63 3 3 3 42 42 39 70 72 63 73 75 10 72 74 65 71 73 64 74 76 58 72 74 65 73 75 10 75 77 66 74 76 58 73 75 10 76 78 67 74 76 58 75 77 66 77 79 68 76 78 67 75 77 66 55 57 50 76 78 67 77 79 68 78 80 69 55 57 50 77 79 68 54 56 49 55 57 50 78 80 69 80 82 70 25 25 24 79 81 22 27 27 26 25 25 24 80 82 70 81 83 71 27 27 26 80 82 70 64 66 59 27 27 26 81 83 71 82 84 72 64 66 59 81 83 71 66 68 60 64 66 59 82 84 72 83 85 73 66 68 60 82 84 72 84 86 43 66 68 60 83 85 73 46 46 3 85 87 31 44 44 41 86 88 74 85 87 31 46 46 3 48 48 43 86 88 74 46 46 3 87 89 75 86 88 74 48 48 43 50 50 45 87 89 75 48 48 43 88 90 76 87 89 75 50 50 45 52 52 47 88 90 76 50 50 45 53 53 48 88 90 76 52 52 47 28 28 27 45 45 42 26 26 25 89 91 29 45 45 42 28 28 27 30 30 29 89 91 29 28 28 27 90 92 77 89 91 29 30 30 29 32 32 31 90 92 77 30 30 29 91 93 78 90 92 77 32 32 31 34 34 5 91 93 78 32 32 31 13 13 13 91 93 78 34 34 5 86 88 74 23 94 22 85 87 31 21 95 20 23 94 22 86 88 74 87 89 75 21 95 20 86 88 74 19 96 18 21 95 20 87 89 75 88 90 76 19 96 18 87 89 75 17 55 17 19 96 18 88 90 76 53 53 48 17 55 17 88 90 76 93 98 80 23 94 22 92 97 79 85 87 31 23 94 22 93 98 80 94 99 81 85 87 31 93 98 80 44 44 41 85 87 31 94 99 81 95 100 82 44 44 41 94 99 81 43 43 40 44 44 41 95 100 82 60 62 55 96 101 83 59 61 54 74 76 58 96 101 83 60 62 55 61 63 56 74 76 58 60 62 55 72 74 65 74 76 58 61 63 56 62 64 57 72 74 65 61 63 56 97 102 84 72 74 65 62 64 57 7 7 7 41 41 38 5 5 5 98 103 14 41 41 38 7 7 7 9 9 9 98 103 14 7 7 7 99 104 85 98 103 14 9 9 9 11 11 11 99 104 85 9 9 9 13 13 13 99 104 85 11 11 11 40 40 37 69 71 62 42 42 39 100 105 86 69 71 62 40 40 37 38 38 35 100 105 86 40 40 37 101 106 87 100 105 86 38 38 35 36 36 20 101 106 87 38 38 35 35 35 33 101 106 87 36 36 20 89 91 29 47 47 3 45 45 42 102 107 72 47 47 3 89 91 29 90 92 77 102 107 72 89 91 29 103 108 88 102 107 72 90 92 77 91 93 78 103 108 88 90 92 77 13 13 13 103 108 88 91 93 78 56 58 51 76 78 67 55 57 50 96 101 83 76 78 67 56 58 51 57 59 52 96 101 83 56 58 51 59 61 54 96 101 83 57 59 52 58 60 53 59 61 54 57 59 52 33 33 32 101 106 87 35 35 33 104 109 89 101 106 87 33 33 32 31 31 30 104 109 89 33 33 32 65 67 26 104 109 89 31 31 30 29 29 28 65 67 26 31 31 30 106 111 91 68 70 61 105 110 90 70 72 63 68 70 61 106 111 91 1 1 1 70 72 63 106 111 91 3 3 3 70 72 63 1 1 1 98 103 14 39 39 36 41 41 38 107 112 6 39 39 36 98 103 14 99 104 85 107 112 6 98 103 14 13 13 13 107 112 6 99 104 85 102 107 72 49 49 44 47 47 3 108 113 92 49 49 44 102 107 72 103 108 88 108 113 92 102 107 72 13 13 13 108 113 92 103 108 88 104 109 89 100 105 86 101 106 87 67 69 42 100 105 86 104 109 89 65 67 26 67 69 42 104 109 89 92 115 79 24 24 23 109 114 64 23 23 22 24 24 23 92 115 79 84 86 43 68 70 61 66 68 60 105 110 90 68 70 61 84 86 43 37 37 34 107 112 6 13 13 13 39 39 36 107 112 6 37 37 34 51 51 46 108 113 92 13 13 13 49 49 44 108 113 92 51 51 46 110 116 93 78 80 69 77 79 68 111 117 94 83 85 73 82 84 72 112 118 95 95 100 82 94 99 81 74 76 58 76 78 67 96 101 83 67 69 42 69 71 62 100 105 86</p>
                </polylist>
            </mesh>
        </geometry>
        <geometry id="mesh19">
            <mesh>
                <source id="points19">
                    <float_array id="pointarray19" count="972">153.75 1523.25 -791 -47.75 1503 -590.25 240.75 1429.5 -718.25 34 1408.5 -512.25 334 1361.75 -626.5 132.25 1341.5 -425.75 428.25 1323.75 -520 242 1305 -334.5 519.25 1317.25 -404.5 357.75 1300.75 -243.5 602.5 1342.25 -285.75 473.5 1329.25 -157.25 673.5 1398 -169.25 583.75 1389 -80 728.75 1481.5 -61.5 682.5 1477 -15.5 765.5 1588.75 32.5 651 1496.25 37.75 640 1535.5 88.25 500.5 1503.5 123 523.75 1604.25 196.5 387.5 1638.5 240.25 478 1789.25 289 363.25 1877.5 316 526.5 2036.25 293.25 436.5 2152.5 284.25 644.25 2264.5 166.75 567.5 2379.75 116.75 769 2400.25 -83.75 687.25 2494.5 -161.75 829.25 2408 -402.25 727.5 2477.25 -483 775.5 2304.75 -705 651.75 2360.75 -761.5 603.75 2151.25 -914.25 481 2215.5 -938.75 364.5 2021.5 -1001.5 263.5 2101.5 -997.25 120.25 1962.25 -977.25 43.5 2043 -1022.5 -105.25 1962.75 -938.25 -24 2091.5 -1109.25 -182.25 2006 -1019.5 -75.25 2103 -1227 -260.25 2003.25 -1122.25 -141 2132.5 -1347.5 -348.75 2020.5 -1230 -218.5 2179.75 -1463.5 -443.25 2058.5 -1336.25 -536.25 2126.25 -1428 -623.25 2220 -1500.75 -743 2105.25 -1222.25 -825 2199.75 -1300 -885.25 2192 -981.5 -963.5 2284 -1065.5 -934.5 2369 -753.75 -1011.5 2456.75 -843.5 -881.25 2601.25 -584.25 -959.5 2683.25 -678 -735.75 2843 -506 -817.75 2918.75 -602 -527.25 3046 -535.25 -614.5 3116.75 -630.25 -296.75 3170.25 -665.5 -389.75 3238 -757.5 -89.75 3191.25 -871.5 -188.25 3258.5 -958.25 52 3104.75 -1112.25 -49.5 3174 -1192.75 101.25 2927.75 -1339.75 -1.5 3001.5 -1414.75 48 2695.25 -1509.5 -53.5 2775 -1580.25 -97.25 2453.75 -1587.5 -195.25 2539.25 -1656.25 -305.75 2250.5 -1558.5 -398.5 2341.25 -1628 -692 3164 -746.25 -484.25 3276 -863.75 -297.75 3295 -1049.25 -169.75 3217 -1266 -125.5 3057.5 -1471.25 -173.5 2848 -1624 -304.5 2630.5 -1694.5 -492.25 2447.5 -1668.25 -700 2335.5 -1550.75 -886.25 2316.5 -1365.25 -1014.5 2394.5 -1148.25 -1058.75 2554 -943.25 -1010.75 2763.25 -790.25 -879.75 2981 -720 -755.5 3185.5 -877.25 -575.25 3282.75 -979.25 -413.5 3299 -1140.25 -302.5 3231.25 -1328.5 -264 3093 -1506.5 -305.5 2911.25 -1639 -419.25 2722.5 -1700 -582.25 2563.5 -1677.25 -762.5 2466.5 -1575.5 -924.25 2450 -1414.5 -1035.25 2517.75 -1226.25 -1073.75 2656 -1048.25 -1032.25 2837.75 -915.5 -918.5 3026.75 -854.5 -802 3180 -1016.75 -658.25 3257.5 -1098.25 -529.25 3270.5 -1226.5 -440.75 3216.5 -1376.5 -410 3106.25 -1518.5 -443.25 2961.25 -1624.25 -533.75 2810.75 -1673 -664 2684 -1654.75 -807.75 2606.5 -1573.5 -936.5 2593.5 -1445.25 -1025.25 2647.5 -1295.25 -1056 2757.75 -1153.25 -1022.75 2902.75 -1047.25 -932 3053.25 -998.75 -829.25 3147.75 -1158 -729.25 3201.75 -1214.5 -639.5 3210.75 -1303.75 -577.75 3173.25 -1408.25 -556.5 3096.5 -1507 -579.5 2995.75 -1580.75 -642.75 2890.75 -1614.5 -733.25 2802.75 -1602 -833.25 2748.75 -1545.25 -923 2739.75 -1456 -984.5 2777.25 -1351.5 -1006 2854 -1252.75 -982.75 2954.75 -1179.25 -919.75 3059.75 -1145.25 -835.75 3090.5 -1293.5 -784.5 3118.25 -1322.5 -738.5 3123 -1368.25 -706.75 3103.5 -1421.75 -696 3064.25 -1472.5 -707.75 3012.5 -1510.25 -740 2958.75 -1527.5 -786.5 2913.5 -1521 -837.75 2886 -1492 -883.75 2881.25 -1446.25 -915.5 2900.5 -1392.75 -926.5 2940 -1342 -914.5 2991.5 -1304.25 -882.25 3045.25 -1287 46.75 2315.5 -1373.5 92 2266 -1250.25 177.5 2533.25 -1303.25 208.5 2459.75 -1187.5 225.75 2742.5 -1150.5 251.25 2646.25 -1051.5 181.25 2902 -945.25 211.75 2788.25 -868.75 53.25 2980 -728.5 97.75 2857.75 -675.75 -133 2961.25 -543 -68 2841 -510.5 -340.5 2849.25 -425.5 -253 2741.25 -405.75 -528.5 2666.25 -399.25 -420.25 2578.25 -382.5 -659.5 2448.5 -469.5 -537 2384.25 -445 -707.5 2239.25 -622.5 -579.75 2197.75 -581.25 -663 2079.75 -827.5 -540.25 2055.75 -764 -535 2001.75 -1044.5 -413.75 2007 -950.5 -15 2377.75 -1491.75 126.5 2613.5 -1415.75 178.5 2840 -1250.25 130.25 3012.5 -1028.25 -8 3097 -793.75 -209.5 3076.5 -593 -434.25 2955.25 -465.75 -637.75 2757.25 -437.5 -779.5 2521.75 -513.5 -831.5 2295.25 -679 -783.25 2122.5 -901 -644.75 2038.25 -1135.5 119 2231 -1129 219 2397 -1075.5 255.5 2556.5 -959 221.75 2678 -802.75 124 2737.5 -637.5 -17.75 2723 -496 -176 2637.75 -406.5 -319.25 2498.25 -386.5 -419 2332.25 -440 -455.75 2172.75 -556.5 -421.75 2051.25 -713 -324.25 1991.75 -878.25 178.25 2174.25 -1041.25 272 2330.25 -990.75 306.5 2480.25 -881.25 274.75 2594.75 -734 183 2650.75 -578.75 49.25 2637.25 -445.75 -99.25 2556.75 -361.5 -234 2425.5 -342.75 -328 2269.5 -393 -362.5 2119.5 -502.75 -330.5 2005 -649.75 -238.75 1949.25 -805.25 363.25 2267.5 -943.75 399.75 2427 -827.25 366 2548.5 -671 268.25 2608 -505.75 126.25 2593.75 -364.25 -31.75 2508.25 -274.75 -175 2369 -254.75 -274.75 2203 -308.25 -311.25 2043.5 -424.75 -277.5 1921.75 -581.25 -180 1862.5 -746.5 -38 1876.75 -887.75 524 2402 -802.75 484.25 2544 -620 370.25 2613.5 -426.75 204.25 2596.75 -261.5 19.25 2497 -157 -147.75 2334 -133.5 -264.5 2140 -196.25 -307.25 1953.5 -332.25 -267.75 1811.5 -515 -153.75 1742 -708.25 12 1758.75 -873.5 197 1858.5 -978 607.25 2520.25 -556.25 479.25 2598.25 -339.5 293 2579.25 -154 85.25 2467.25 -36.5 -102.5 2284.25 -10.25 -233.5 2066.5 -80.5 -281.5 1857.25 -233.5 -237 1697.75 -438.5 -109 1619.75 -655.25 77 1638.75 -841 284.75 1750.75 -958.5 472.75 1933.75 -984.5 589 2561.75 -248.25 387.25 2541.25 -47.5 162.5 2420 79.25 -40.5 2222 107.75 -182.25 1986.5 31.5 -234.25 1760 -133.5 -186.25 1587.25 -355.5 378.5 1644.5 -918 581.75 1842.5 -946.5 723.5 2078.25 -870.25 826.25 1554.5 -97 858.75 1608.25 -79.5 870.5 1660 -41.75 927 1645 -204.75 950 1745.75 -131 966.75 1697.25 -336.5 1000 1842 -230.75 976.25 1762 -468.25 1018 1943.75 -335.5 955 1836.5 -593.5 1003 2045.75 -440.5 903.75 1916.75 -705.75 955.75 2143.25 -540.5 825.25 1998.5 -799.75 878.5 2231 -630 780 1509.25 -90.5 773.5 1452 -226 864 1540.25 -238.5 746.25 1419.75 -367 876.25 1546.5 -385 699.5 1414.25 -506.5 862.75 1573.25 -529.25 636 1435.75 -637.5 824 1618.75 -663.75 558.75 1483 -753.5 762 1681 -782 471.25 1553.75 -848.75 680 1757 -877.75 480.5 2473.5 44 249.75 2349.25 174.5 41.25 2146.25 203.5 -103.75 1904.5 125.5 -157.25 1672.25 -44 -107.75 1495.25 -271.75 907.75 2315.75 -318.5 830.5 2283.25 -18.75 706.75 2133.5 191.25 608 1915.75 270.75 586.75 1709 230.5 652 1587.25 126.25 342.75 2258.5 243.75 139.25 2060.5 272.25 -2 1825 196 -54 1598.5 30.75 -6 1425.75 -191 958.5 2205.25 -235.5 868.25 2149.75 30.25 751.75 1993.25 189.5 677.25 1797.25 217.75 684.25 1641 143.5 248.5 1969.5 310.25 117.5 1751.75 240 69.5 1542.5 87.25 114 1383 -117.75 979.5 2082 -157.5 880.75 2006.5 61 777.25 1851 161.25 730.75 1686.25 137 969.25 1952.5 -88.75 867 1860.25 72 782 1714 108 246.5 1368.5 -55.5 385 1383.25 -7.25 522 1426.5 24.25 354.25 1493.75 134.5 249.75 1688.5 255 928.75 1822.5 -32.25 828 1718.5 62.25 208 1507 122.25 859.5 1699.25 8.75 -821.25 3011.25 -1416.5</float_array>
                    <technique_common>
                        <accessor count="324" source="#pointarray19" stride="3">
                            <param name="X" type="float"/>
                            <param name="Y" type="float"/>
                            <param name="Z" type="float"/>
                        </accessor>
                    </technique_common>
                </source>
                <source id="uvs19">
                    <float_array id="uvarray19" count="358">1.751953125 1.42236328125 1.65380859375 1.1826171875 1.37255859375 1.5 1.5 1.2138671875 1 1.35693359375 1.345703125 1.1826171875 1 1.2138671875 1.2333984375 1.1025390625 1 1.0712890625 1.158203125 0.998046875 1 0.9287109375 1.10595703125 0.8798828125 1 0.7861328125 1.0654296875 0.755859375 1 0.64306640625 1.03125 0.62890625 1 0.5 1.05615234375 0.5888671875 1.0693359375 0.53173828125 1.1396484375 0.56201171875 1.1396484375 0.4384765625 1.2099609375 0.41162109375 1.17724609375 0.24609375 1.24658203125 0.17626953125 1.158203125 0.00244140625 1.2333984375 -0.1025390625 1 -0.2138671875 1 -0.35693359375 0.65380859375 -0.1826171875 0.50146484375 -0.22607421875 0.5 0.07177734375 0.4091796875 0.08447265625 0.4267578125 0.36083984375 0.353515625 0.37158203125 0.353515625 0.62890625 0.28173828125 0.611328125 0.24658203125 0.82421875 0.17724609375 0.75439453125 0.10595703125 0.8798828125 0.0654296875 0.755859375 0 0.7861328125 0 0.9287109375 0.158203125 0.998046875 0 1.0712890625 0.2333984375 1.1025390625 0 1.2138671875 0.345703125 1.1826171875 0 1.35693359375 1.5 0.9287109375 1.4091796875 0.916015625 1.5 0.64306640625 1.4267578125 0.6396484375 1.5 0.357421875 1.4267578125 0.36083984375 1.5 0.07177734375 1.4091796875 0.08447265625 1.5 -0.2138671875 1.345703125 -0.1826171875 1.00048828125 -0.51904296875 0.59033203125 0.08447265625 0.5 0.357421875 0.57275390625 0.36083984375 0.5 0.64306640625 0.57275390625 0.6396484375 0.5 0.9287109375 0.59033203125 0.916015625 0.5 1.2138671875 0.65380859375 1.1826171875 0.49951171875 1.45263671875 0.76611328125 -0.1025390625 0.67529296875 0.12060546875 0.64599609375 0.37158203125 0.64599609375 0.62890625 0.67529296875 0.8798828125 0.76611328125 1.1025390625 1.32421875 0.8798828125 1.353515625 0.62890625 1.353515625 0.37158203125 1.32421875 0.12060546875 1 -0.0712890625 0.84130859375 0.00244140625 0.7529296875 0.17626953125 0.71826171875 0.38916015625 0.71826171875 0.611328125 0.7529296875 0.82421875 0.84130859375 0.998046875 1.24658203125 0.82421875 1.28173828125 0.611328125 1.28173828125 0.38916015625 1.10595703125 0.12060546875 1 0.07177734375 0.8935546875 0.12060546875 0.822265625 0.24609375 0.78955078125 0.41162109375 0.78955078125 0.5888671875 0.822265625 0.75439453125 0.8935546875 0.8798828125 1.17724609375 0.75439453125 1.2099609375 0.5888671875 1.0654296875 0.24462890625 1 0.21435546875 0.93408203125 0.24462890625 0.88525390625 0.32568359375 0.85986328125 0.4384765625 0.85986328125 0.56201171875 0.88525390625 0.6748046875 0.93408203125 0.755859375 1.1142578125 0.6748046875 1.1142578125 0.32568359375 1.03125 0.37158203125 1 0.357421875 0.96826171875 0.37158203125 0.943359375 0.41162109375 0.93017578125 0.46875 0.93017578125 0.53173828125 0.943359375 0.5888671875 0.96826171875 0.62890625 1.0693359375 0.46875 1.05615234375 0.41162109375 0.32421875 0.8798828125 0.28173828125 0.38916015625 0.32421875 0.12060546875 0.24658203125 0.17626953125 0.2333984375 -0.1025390625 0.158203125 0.00244140625 0 -0.2138671875 0 -0.0712890625 -0.2333984375 -0.1025390625 -0.158203125 0.00244140625 -0.32421875 0.12060546875 -0.24658203125 0.17626953125 -0.353515625 0.37158203125 -0.28125 0.38916015625 -0.353515625 0.62890625 -0.28125 0.611328125 -0.32421875 0.8798828125 -0.24658203125 0.82421875 -0.2333984375 1.1025390625 -0.158203125 0.998046875 0.4091796875 0.916015625 0.4267578125 0.6396484375 0.345703125 -0.1826171875 0 -0.4931640625 0 -0.35693359375 -0.49951171875 -0.2138671875 -0.36181640625 -0.1826171875 -0.49951171875 0.07177734375 -0.4091796875 0.08447265625 -0.49951171875 0.357421875 -0.4267578125 0.36083984375 -0.49951171875 0.64306640625 -0.4267578125 0.6396484375 -0.49951171875 0.9287109375 -0.4091796875 0.916015625 -0.49951171875 1.2138671875 -0.345703125 1.1826171875 0.2099609375 0.5888671875 0.2099609375 0.41162109375 0.17724609375 0.24609375 0.10595703125 0.12060546875 0 0.07177734375 -0.10595703125 0.12060546875 -0.17724609375 0.24609375 -0.2099609375 0.41162109375 -0.2099609375 0.5888671875 -0.17724609375 0.75439453125 -0.10595703125 0.8798828125 0.1142578125 0.6748046875 0.1396484375 0.56201171875 0.1396484375 0.4384765625 0.1142578125 0.32568359375 0.0654296875 0.24462890625 0 0.21435546875 -0.0654296875 0.24462890625 -0.1142578125 0.32568359375 -0.1396484375 0.4384765625 -0.1396484375 0.56201171875 -0.1142578125 0.6748046875 -0.0654296875 0.755859375</float_array>
                    <technique_common>
                        <accessor count="179" source="#uvarray19" stride="2">
                            <param name="S" type="float"/>
                            <param name="T" type="float"/>
                        </accessor>
                    </technique_common>
                </source>
                <source id="colors19">
                    <float_array id="colorarray19" count="672">0.47058823529411764 0.47058823529411764 0.6549019607843137 1 0.4980392156862745 0.4980392156862745 0.6784313725490196 1 0.4 0.4 0.5843137254901961 1 0.41568627450980394 0.41568627450980394 0.6 1 0.3176470588235294 0.3176470588235294 0.5019607843137255 1 0.3411764705882353 0.3411764705882353 0.5254901960784314 1 0.25098039215686274 0.25098039215686274 0.43529411764705883 1 0.26666666666666666 0.26666666666666666 0.45098039215686275 1 0.28627450980392155 0.28627450980392155 0.47058823529411764 1 0.27058823529411763 0.27058823529411763 0.4549019607843137 1 0.30980392156862746 0.30980392156862746 0.49019607843137253 1 0.32941176470588235 0.32941176470588235 0.5137254901960784 1 0.3843137254901961 0.3843137254901961 0.5686274509803921 1 0.43529411764705883 0.43529411764705883 0.6196078431372549 1 0.49019607843137253 0.49019607843137253 0.6745098039215687 1 0.5568627450980392 0.5568627450980392 0.7411764705882353 1 0.5882352941176471 0.5882352941176471 0.7725490196078432 1 0.6627450980392157 0.6627450980392157 0.8470588235294118 1 0.6235294117647059 0.6235294117647059 0.807843137254902 1 0.6862745098039216 0.6862745098039216 0.8705882352941177 1 0.611764705882353 0.611764705882353 0.792156862745098 1 0.6745098039215687 0.6745098039215687 0.8588235294117647 1 0.592156862745098 0.592156862745098 0.7725490196078432 1 0.6352941176470588 0.6352941176470588 0.8196078431372549 1 0.5686274509803921 0.5686274509803921 0.7529411764705882 1 0.5450980392156862 0.5450980392156862 0.7294117647058823 1 0.5215686274509804 0.5215686274509804 0.7058823529411765 1 0.4549019607843137 0.4549019607843137 0.6352941176470588 1 0.3607843137254902 0.3607843137254902 0.5450980392156862 1 0.396078431372549 0.396078431372549 0.5764705882352941 1 0.2901960784313726 0.2901960784313726 0.4745098039215686 1 0.29411764705882354 0.29411764705882354 0.47843137254901963 1 0.34901960784313724 0.34901960784313724 0.5333333333333333 1 0.34509803921568627 0.34509803921568627 0.5294117647058824 1 0.39215686274509803 0.39215686274509803 0.5764705882352941 1 0.403921568627451 0.403921568627451 0.5882352941176471 1 0.45098039215686275 0.45098039215686275 0.6352941176470588 1 0.5176470588235295 0.5176470588235295 0.7019607843137254 1 0.592156862745098 0.592156862745098 0.7764705882352941 1 0.6392156862745098 0.6392156862745098 0.8235294117647058 1 0.6431372549019608 0.6431372549019608 0.8274509803921568 1 0.7058823529411765 0.7058823529411765 0.8901960784313725 1 0.7098039215686275 0.7098039215686275 0.8941176470588236 1 0.7725490196078432 0.7725490196078432 0.9568627450980393 1 0.7607843137254902 0.7607843137254902 0.9450980392156862 1 0.8235294117647058 0.8235294117647058 1 1 0.803921568627451 0.803921568627451 0.9882352941176471 1 0.8705882352941177 0.8705882352941177 1 1 0.8156862745098039 0.8156862745098039 1 1 0.8784313725490196 0.8784313725490196 1 1 0.7803921568627451 0.7803921568627451 0.9647058823529412 1 0.8352941176470589 0.8352941176470589 1 1 0.6274509803921569 0.6274509803921569 0.8117647058823529 1 0.6901960784313725 0.6901960784313725 0.8745098039215686 1 0.5098039215686274 0.5098039215686274 0.6941176470588235 1 0.5803921568627451 0.5803921568627451 0.7647058823529411 1 0.5647058823529412 0.5647058823529412 0.7490196078431373 1 0.4823529411764706 0.4823529411764706 0.6666666666666666 1 0.5607843137254902 0.5607843137254902 0.7411764705882353 1 0.9372549019607843 0.9372549019607843 1 1 0.8901960784313725 0.8901960784313725 1 1 0.8196078431372549 0.8196078431372549 1 1 0.7529411764705882 0.7529411764705882 0.9372549019607843 1 0.6980392156862745 0.6980392156862745 0.8823529411764706 1 0.6549019607843137 0.6549019607843137 0.8392156862745098 1 0.6666666666666666 0.6666666666666666 0.8509803921568627 1 0.7686274509803922 0.7686274509803922 0.9529411764705882 1 0.8313725490196079 0.8313725490196079 1 1 0.8862745098039215 0.8862745098039215 1 1 0.9411764705882353 0.9411764705882353 1 1 0.9764705882352941 0.9764705882352941 1 1 0.8745098039215686 0.8745098039215686 1 1 0.7647058823529411 0.7647058823529411 0.9490196078431372 1 0.7294117647058823 0.7294117647058823 0.9137254901960784 1 0.7176470588235294 0.7176470588235294 0.9019607843137255 1 0.7450980392156863 0.7450980392156863 0.9294117647058824 1 0.8274509803921568 0.8274509803921568 1 1 0.8823529411764706 0.8823529411764706 1 1 0.9294117647058824 0.9294117647058824 1 1 0.9607843137254902 0.9607843137254902 1 1 0.9882352941176471 0.9882352941176471 1 1 0.9254901960784314 0.9254901960784314 1 1 0.796078431372549 0.796078431372549 0.9803921568627451 1 0.8509803921568627 0.8509803921568627 1 1 0.9568627450980393 0.9568627450980393 1 1 0.9803921568627451 0.9803921568627451 1 1 0.9921568627450981 0.9921568627450981 1 1 0.9647058823529412 0.9647058823529412 1 1 0.8941176470588236 0.8941176470588236 1 1 0.8627450980392157 0.8627450980392157 1 1 0.9176470588235294 0.9176470588235294 1 1 0.9450980392156862 0.9450980392156862 1 1 0.9725490196078431 0.9725490196078431 1 1 0.996078431372549 0.996078431372549 1 1 0.9490196078431372 0.9490196078431372 1 1 0.9333333333333333 0.9333333333333333 1 1 0.984313725490196 0.984313725490196 1 1 1 1 1 1 0.3568627450980392 0.3568627450980392 0.5411764705882353 1 0.30980392156862746 0.30980392156862746 0.49411764705882355 1 0.35294117647058826 0.35294117647058826 0.5372549019607843 1 0.45098039215686275 0.45098039215686275 0.6313725490196078 1 0.4117647058823529 0.4117647058823529 0.596078431372549 1 0.596078431372549 0.596078431372549 0.7803921568627451 1 0.5607843137254902 0.5607843137254902 0.7450980392156863 1 0.6588235294117647 0.6588235294117647 0.8431372549019608 1 0.6235294117647059 0.6235294117647059 0.803921568627451 1 0.6823529411764706 0.6823529411764706 0.8666666666666667 1 0.6705882352941176 0.6705882352941176 0.8549019607843137 1 0.6313725490196078 0.6313725490196078 0.8156862745098039 1 0.5843137254901961 0.5843137254901961 0.7686274509803922 1 0.5254901960784314 0.5254901960784314 0.7098039215686275 1 0.4745098039215686 0.4745098039215686 0.6588235294117647 1 0.44313725490196076 0.44313725490196076 0.6274509803921569 1 0.5019607843137255 0.5019607843137255 0.6862745098039216 1 0.5725490196078431 0.5725490196078431 0.7568627450980392 1 0.6470588235294118 0.6470588235294118 0.8313725490196079 1 0.7411764705882353 0.7411764705882353 0.9254901960784314 1 0.5058823529411764 0.5058823529411764 0.6901960784313725 1 0.3058823529411765 0.3058823529411765 0.49019607843137253 1 0.3333333333333333 0.3333333333333333 0.5176470588235295 1 0.4549019607843137 0.4549019607843137 0.6392156862745098 1 0.5333333333333333 0.5333333333333333 0.7176470588235294 1 0.6039215686274509 0.6039215686274509 0.788235294117647 1 0.4666666666666667 0.4666666666666667 0.6509803921568628 1 0.4235294117647059 0.4235294117647059 0.6039215686274509 1 0.3803921568627451 0.3803921568627451 0.5647058823529412 1 0.5137254901960784 0.5137254901960784 0.6980392156862745 1 0.6941176470588235 0.6941176470588235 0.8784313725490196 1 0.6509803921568628 0.6509803921568628 0.8352941176470589 1 0.4470588235294118 0.4470588235294118 0.6313725490196078 1 0.47843137254901963 0.47843137254901963 0.6627450980392157 1 0.5803921568627451 0.5803921568627451 0.7607843137254902 1 0.7215686274509804 0.7215686274509804 0.9058823529411765 1 0.7568627450980392 0.7568627450980392 0.9411764705882353 1 0.6862745098039216 0.6862745098039216 0.8666666666666667 1 0.6078431372549019 0.6078431372549019 0.792156862745098 1 0.5411764705882353 0.5411764705882353 0.7254901960784313 1 0.8470588235294118 0.8470588235294118 1 1 0.611764705882353 0.611764705882353 0.796078431372549 1 0.792156862745098 0.792156862745098 0.9764705882352941 1 0.8392156862745098 0.8392156862745098 1 1 0.6784313725490196 0.6784313725490196 0.8588235294117647 1 0.5882352941176471 0.5882352941176471 0.7686274509803922 1 0.4980392156862745 0.4980392156862745 0.6823529411764706 1 0.2784313725490196 0.2784313725490196 0.4627450980392157 1 0.2823529411764706 0.2823529411764706 0.4666666666666667 1 0.30196078431372547 0.30196078431372547 0.48627450980392156 1 0.33725490196078434 0.33725490196078434 0.5215686274509804 1 0.3254901960784314 0.3254901960784314 0.5098039215686274 1 0.38823529411764707 0.38823529411764707 0.5725490196078431 1 0.396078431372549 0.396078431372549 0.5803921568627451 1 0.36470588235294116 0.36470588235294116 0.5490196078431373 1 0.40784313725490196 0.40784313725490196 0.592156862745098 1 0.7490196078431373 0.7490196078431373 0.9333333333333333 1 0.7019607843137254 0.7019607843137254 0.8862745098039215 1 0.5294117647058824 0.5294117647058824 0.7137254901960784 1 0.5490196078431373 0.5490196078431373 0.7333333333333333 1 0.4235294117647059 0.4235294117647059 0.6078431372549019 1 0.7333333333333333 0.7333333333333333 0.9137254901960784 1 0.5529411764705883 0.5529411764705883 0.7333333333333333 1 0.4588235294117647 0.4588235294117647 0.6431372549019608 1 0.49411764705882355 0.49411764705882355 0.6784313725490196 1 0.4392156862745098 0.4392156862745098 0.6235294117647059 1 0.43137254901960786 0.43137254901960786 0.615686274509804 1 0.3764705882352941 0.3764705882352941 0.5607843137254902 1 0.3137254901960784 0.3137254901960784 0.4980392156862745 1 0.3411764705882353 0.3411764705882353 0.5215686274509804 1</float_array>
                    <technique_common>
                        <accessor count="168" source="#colorarray19" stride="4">
                            <param name="R" type="float"/>
                            <param name="G" type="float"/>
                            <param name="B" type="float"/>
                            <param name="A" type="float"/>
                        </accessor>
                    </technique_common>
                </source>
                <vertices id="vertices19">
                    <input semantic="POSITION" source="#points19"/>
                </vertices>
                <polylist count="644" material="Material1">
                    <input offset="0" semantic="VERTEX" source="#vertices19"/>
                    <input offset="1" semantic="TEXCOORD" source="#uvs19" set="0"/>
                    <input offset="2" semantic="COLOR" source="#colors19" set="0"/>
                    <vcount>3 3 3 3 3 3 3 3 3 3 3 3 3 3 3 3 3 3 3 3 3 3 3 3 3 3 3 3 3 3 3 3 3 3 3 3 3 3 3 3 3 3 3 3 3 3 3 3 3 3 3 3 3 3 3 3 3 3 3 3 3 3 3 3 3 3 3 3 3 3 3 3 3 3 3 3 3 3 3 3 3 3 3 3 3 3 3 3 3 3 3 3 3 3 3 3 3 3 3 3 3 3 3 3 3 3 3 3 3 3 3 3 3 3 3 3 3 3 3 3 3 3 3 3 3 3 3 3 3 3 3 3 3 3 3 3 3 3 3 3 3 3 3 3 3 3 3 3 3 3 3 3 3 3 3 3 3 3 3 3 3 3 3 3 3 3 3 3 3 3 3 3 3 3 3 3 3 3 3 3 3 3 3 3 3 3 3 3 3 3 3 3 3 3 3 3 3 3 3 3 3 3 3 3 3 3 3 3 3 3 3 3 3 3 3 3 3 3 3 3 3 3 3 3 3 3 3 3 3 3 3 3 3 3 3 3 3 3 3 3 3 3 3 3 3 3 3 3 3 3 3 3 3 3 3 3 3 3 3 3 3 3 3 3 3 3 3 3 3 3 3 3 3 3 3 3 3 3 3 3 3 3 3 3 3 3 3 3 3 3 3 3 3 3 3 3 3 3 3 3 3 3 3 3 3 3 3 3 3 3 3 3 3 3 3 3 3 3 3 3 3 3 3 3 3 3 3 3 3 3 3 3 3 3 3 3 3 3 3 3 3 3 3 3 3 3 3 3 3 3 3 3 3 3 3 3 3 3 3 3 3 3 3 3 3 3 3 3 3 3 3 3 3 3 3 3 3 3 3 3 3 3 3 3 3 3 3 3 3 3 3 3 3 3 3 3 3 3 3 3 3 3 3 3 3 3 3 3 3 3 3 3 3 3 3 3 3 3 3 3 3 3 3 3 3 3 3 3 3 3 3 3 3 3 3 3 3 3 3 3 3 3 3 3 3 3 3 3 3 3 3 3 3 3 3 3 3 3 3 3 3 3 3 3 3 3 3 3 3 3 3 3 3 3 3 3 3 3 3 3 3 3 3 3 3 3 3 3 3 3 3 3 3 3 3 3 3 3 3 3 3 3 3 3 3 3 3 3 3 3 3 3 3 3 3 3 3 3 3 3 3 3 3 3 3 3 3 3 3 3 3 3 3 3 3 3 3 3 3 3 3 3 3 3 3 3 3 3 3 3 3 3 3 3 3 3 3 3 3 3 3 3 3 3 3 3 3 3 3 3 3 3 3 3 3 3 3 3 3 3 3 3 3 3 3 3 3 3 3 3 3 3 3 3 3 3 3 3 3 3 3 3 3 3 3 3 3 3 3 3 3 3 3 3 3 3 3 3 3 3 3 3 3 3 3 3 3 3 3 3 3 3 3 3 3 3 3 3 3 3 3 3 3 3</vcount>
                    <p>2 2 2 1 1 1 0 0 0 3 3 3 1 1 1 2 2 2 4 4 4 3 3 3 2 2 2 5 5 5 3 3 3 4 4 4 6 6 6 5 5 5 4 4 4 7 7 7 5 5 5 6 6 6 8 8 6 7 7 7 6 6 6 9 9 6 7 7 7 8 8 6 10 10 6 9 9 6 8 8 6 11 11 6 9 9 6 10 10 6 12 12 6 11 11 6 10 10 6 13 13 6 11 11 6 12 12 6 14 14 6 13 13 6 12 12 6 15 15 6 13 13 6 14 14 6 16 16 8 15 15 6 14 14 6 17 17 9 15 15 6 16 16 8 18 18 10 17 17 9 16 16 8 19 19 11 17 17 9 18 18 10 20 20 12 19 19 11 18 18 10 21 21 13 19 19 11 20 20 12 22 22 14 21 21 13 20 20 12 23 23 15 21 21 13 22 22 14 24 24 16 23 23 15 22 22 14 25 25 17 23 23 15 24 24 16 26 26 18 25 25 17 24 24 16 27 27 19 25 25 17 26 26 18 28 28 20 27 27 19 26 26 18 29 29 21 27 27 19 28 28 20 30 30 22 29 29 21 28 28 20 31 31 23 29 29 21 30 30 22 32 32 24 31 31 23 30 30 22 33 33 16 31 31 23 32 32 24 34 34 25 33 33 16 32 32 24 35 35 25 33 33 16 34 34 25 36 36 26 35 35 25 34 34 25 37 37 27 35 35 25 36 36 26 38 38 13 37 37 27 36 36 26 39 39 28 37 37 27 38 38 13 40 40 29 39 39 28 38 38 13 41 38 30 39 39 28 40 40 29 42 41 5 41 38 30 40 40 29 43 42 31 41 38 30 42 41 5 44 43 32 43 42 31 42 41 5 45 44 33 43 42 31 44 43 32 46 45 34 45 44 33 44 43 32 47 46 35 45 44 33 46 45 34 48 47 36 47 46 35 46 45 34 51 3 24 50 4 38 49 2 37 52 5 39 50 4 38 51 3 24 53 48 40 52 5 39 51 3 24 54 49 41 52 5 39 53 48 40 55 50 42 54 49 41 53 48 40 56 51 43 54 49 41 55 50 42 57 52 44 56 51 43 55 50 42 58 53 45 56 51 43 57 52 44 59 54 46 58 53 45 57 52 44 60 55 47 58 53 45 59 54 46 61 56 48 60 55 47 59 54 46 62 57 49 60 55 47 61 56 48 63 58 50 62 57 49 61 56 48 64 27 51 62 57 49 63 58 50 65 29 41 64 27 51 63 58 50 66 28 44 64 27 51 65 29 41 67 30 52 66 28 44 65 29 41 68 59 53 66 28 44 67 30 52 69 60 15 68 59 53 67 30 52 70 61 52 68 59 53 69 60 15 71 62 54 70 61 52 69 60 15 72 63 55 70 61 52 71 62 54 73 64 14 72 63 55 71 62 54 74 65 56 72 63 55 73 64 14 75 66 57 74 65 56 73 64 14 76 67 58 74 65 56 75 66 57 49 68 37 76 67 58 75 66 57 50 4 38 76 67 58 49 68 37 64 27 51 77 25 59 62 57 49 78 26 60 77 25 59 64 27 51 66 28 44 78 26 60 64 27 51 79 69 61 78 26 60 66 28 44 68 59 53 79 69 61 66 28 44 80 70 62 79 69 61 68 59 53 70 61 52 80 70 62 68 59 53 81 71 63 80 70 62 70 61 52 72 63 55 81 71 63 70 61 52 82 72 64 81 71 63 72 63 55 74 65 56 82 72 64 72 63 55 83 73 40 82 72 64 74 65 56 76 67 58 83 73 40 74 65 56 84 74 23 83 73 40 76 67 58 50 4 38 84 74 23 76 67 58 85 6 65 84 74 23 50 4 38 52 5 39 85 6 65 50 4 38 86 7 41 85 6 65 52 5 39 54 49 41 86 7 41 52 5 39 87 75 66 86 7 41 54 49 41 56 51 43 87 75 66 54 49 41 88 76 67 87 75 66 56 51 43 58 53 45 88 76 67 56 51 43 89 77 68 88 76 67 58 53 45 60 55 47 89 77 68 58 53 45 90 78 69 89 77 68 60 55 47 62 57 49 90 78 69 60 55 47 77 25 59 90 78 69 62 57 49 78 26 60 91 24 70 77 25 59 92 79 59 91 24 70 78 26 60 79 69 61 92 79 59 78 26 60 93 80 71 92 79 59 79 69 61 80 70 62 93 80 71 79 69 61 94 81 48 93 80 71 80 70 62 81 71 63 94 81 48 80 70 62 95 82 72 94 81 48 81 71 63 82 72 64 95 82 72 81 71 63 96 83 73 95 82 72 82 72 64 83 73 40 96 83 73 82 72 64 97 84 74 96 83 73 83 73 40 84 74 23 97 84 74 83 73 40 98 85 74 97 84 74 84 74 23 85 6 65 98 85 74 84 74 23 99 8 75 98 85 74 85 6 65 86 7 41 99 8 75 85 6 65 100 9 50 99 8 75 86 7 41 87 75 66 100 9 50 86 7 41 101 86 76 100 9 50 87 75 66 88 76 67 101 86 76 87 75 66 102 87 77 101 86 76 88 76 67 89 77 68 102 87 77 88 76 67 103 88 78 102 87 77 89 77 68 90 78 69 103 88 78 89 77 68 104 23 79 103 88 78 90 78 69 77 25 59 104 23 79 90 78 69 91 24 70 104 23 79 77 25 59 92 79 59 105 89 80 91 24 70 106 90 70 105 89 80 92 79 59 93 80 71 106 90 70 92 79 59 107 91 81 106 90 70 93 80 71 94 81 48 107 91 81 93 80 71 108 92 49 107 91 81 94 81 48 95 82 72 108 92 49 94 81 48 109 93 51 108 92 49 95 82 72 96 83 73 109 93 51 95 82 72 110 94 46 109 93 51 96 83 73 97 84 74 110 94 46 96 83 73 111 95 82 110 94 46 97 84 74 98 85 74 111 95 82 97 84 74 112 96 82 111 95 82 98 85 74 99 8 75 112 96 82 98 85 74 113 10 61 112 96 82 99 8 75 100 9 50 113 10 61 99 8 75 114 11 83 113 10 61 100 9 50 101 86 76 114 11 83 100 9 50 115 97 68 114 11 83 101 86 76 102 87 77 115 97 68 101 86 76 116 98 78 115 97 68 102 87 77 103 88 78 116 98 78 102 87 77 117 21 84 116 98 78 103 88 78 104 23 79 117 21 84 103 88 78 118 22 85 117 21 84 104 23 79 91 24 70 118 22 85 104 23 79 105 89 80 118 22 85 91 24 70 106 90 70 119 99 86 105 89 80 120 100 86 119 99 86 106 90 70 107 91 81 120 100 86 106 90 70 121 101 87 120 100 86 107 91 81 108 92 49 121 101 87 107 91 81 122 102 78 121 101 87 108 92 49 109 93 51 122 102 78 108 92 49 123 103 88 122 102 78 109 93 51 110 94 46 123 103 88 109 93 51 124 104 47 123 103 88 110 94 46 111 95 82 124 104 47 110 94 46 125 105 89 124 104 47 111 95 82 112 96 82 125 105 89 111 95 82 126 106 47 125 105 89 112 96 82 113 10 61 126 106 47 112 96 82 127 12 68 126 106 47 113 10 61 114 11 83 127 12 68 113 10 61 128 13 90 127 12 68 114 11 83 115 97 68 128 13 90 114 11 83 129 107 91 128 13 90 115 97 68 116 98 78 129 107 91 115 97 68 130 19 92 129 107 91 116 98 78 117 21 84 130 19 92 116 98 78 131 20 80 130 19 92 117 21 84 118 22 85 131 20 80 117 21 84 132 108 93 131 20 80 118 22 85 105 89 80 132 108 93 118 22 85 119 99 86 132 108 93 105 89 80 120 100 86 133 109 93 119 99 86 134 110 93 133 109 93 120 100 86 121 101 87 134 110 93 120 100 86 135 111 85 134 110 93 121 101 87 122 102 78 135 111 85 121 101 87 136 112 87 135 111 85 122 102 78 123 103 88 136 112 87 122 102 78 137 113 94 136 112 87 123 103 88 124 104 47 137 113 94 123 103 88 138 114 95 137 113 94 124 104 47 125 105 89 138 114 95 124 104 47 139 115 78 138 114 95 125 105 89 126 106 47 139 115 78 125 105 89 140 116 95 139 115 78 126 106 47 127 12 68 140 116 95 126 106 47 141 14 94 140 116 95 127 12 68 128 13 90 141 14 94 127 12 68 142 15 87 141 14 94 128 13 90 129 107 91 142 15 87 128 13 90 143 17 96 142 15 87 129 107 91 130 19 92 143 17 96 129 107 91 144 18 93 143 17 96 130 19 92 131 20 80 144 18 93 130 19 92 145 117 97 144 18 93 131 20 80 132 108 93 145 117 97 131 20 80 146 118 97 145 117 97 132 108 93 119 99 86 146 118 97 132 108 93 133 109 93 146 118 97 119 99 86 147 119 98 43 42 31 45 44 33 148 36 99 43 42 31 147 119 98 149 34 34 148 36 99 147 119 98 150 35 100 148 36 99 149 34 34 151 33 101 150 35 100 149 34 34 152 120 102 150 35 100 151 33 101 153 121 26 152 120 102 151 33 101 154 122 57 152 120 102 153 121 26 155 123 103 154 122 57 153 121 26 156 124 104 154 122 57 155 123 103 157 125 105 156 124 104 155 123 103 158 126 106 156 124 104 157 125 105 159 127 107 158 126 106 157 125 105 160 128 23 158 126 106 159 127 107 161 129 108 160 128 23 159 127 107 162 130 18 160 128 23 161 129 108 163 131 109 162 130 18 161 129 108 164 132 110 162 130 18 163 131 109 165 133 16 164 132 110 163 131 109 166 134 25 164 132 110 165 133 16 167 135 111 166 134 25 165 133 16 168 136 112 166 134 25 167 135 111 169 137 36 168 136 112 167 135 111 170 138 35 168 136 112 169 137 36 46 45 34 170 138 35 169 137 36 44 43 32 170 138 35 46 45 34 75 66 57 48 47 36 49 68 37 47 46 35 48 47 36 75 66 57 73 64 14 47 46 35 75 66 57 171 139 3 47 46 35 73 64 14 71 62 54 171 139 3 73 64 14 172 140 113 171 139 3 71 62 54 69 60 15 172 140 113 71 62 54 173 32 114 172 140 113 69 60 15 67 30 52 173 32 114 69 60 15 174 31 115 173 32 114 67 30 52 65 29 41 174 31 115 67 30 52 175 141 116 174 31 115 65 29 41 63 142 50 175 141 116 65 29 41 176 143 74 175 141 116 63 142 50 61 144 48 176 143 74 63 142 50 177 145 117 176 143 74 61 144 48 59 146 46 177 145 117 61 144 48 178 147 73 177 145 117 59 146 46 57 148 44 178 147 73 59 146 46 179 149 53 178 147 73 57 148 44 55 150 42 179 149 53 57 148 44 180 151 40 179 149 53 55 150 42 53 152 40 180 151 40 55 150 42 181 153 55 180 151 40 53 152 40 51 154 24 181 153 55 53 152 40 182 155 118 181 153 55 51 154 24 171 139 3 45 44 33 47 46 35 147 119 98 45 44 33 171 139 3 172 140 113 147 119 98 171 139 3 149 34 34 147 119 98 172 140 113 173 32 114 149 34 34 172 140 113 151 33 101 149 34 34 173 32 114 174 31 115 151 33 101 173 32 114 153 121 26 151 33 101 174 31 115 175 141 116 153 121 26 174 31 115 155 123 103 153 121 26 175 141 116 176 143 74 155 123 103 175 141 116 157 125 105 155 123 103 176 143 74 177 145 117 157 125 105 176 143 74 159 127 107 157 125 105 177 145 117 178 147 73 159 127 107 177 145 117 161 129 108 159 127 107 178 147 73 179 149 53 161 129 108 178 147 73 163 131 109 161 129 108 179 149 53 180 151 40 163 131 109 179 149 53 165 133 16 163 131 109 180 151 40 181 153 55 165 133 16 180 151 40 167 135 111 165 133 16 181 153 55 182 155 118 167 135 111 181 153 55 169 137 36 167 135 111 182 155 118 48 47 36 169 137 36 182 155 118 46 45 34 169 137 36 48 47 36 148 36 99 41 38 30 43 42 31 183 37 119 41 38 30 148 36 99 150 35 100 183 37 119 148 36 99 184 156 120 183 37 119 150 35 100 152 120 102 184 156 120 150 35 100 185 157 12 184 156 120 152 120 102 154 122 57 185 157 12 152 120 102 186 158 121 185 157 12 154 122 57 156 124 104 186 158 121 154 122 57 187 159 122 186 158 121 156 124 104 158 126 106 187 159 122 156 124 104 188 160 123 187 159 122 158 126 106 160 128 23 188 160 123 158 126 106 189 161 116 188 160 123 160 128 23 162 130 18 189 161 116 160 128 23 190 162 52 189 161 116 162 130 18 164 132 110 190 162 52 162 130 18 191 163 110 190 162 52 164 132 110 166 134 25 191 163 110 164 132 110 192 164 25 191 163 110 166 134 25 168 136 112 192 164 25 166 134 25 193 165 124 192 164 25 168 136 112 170 138 35 193 165 124 168 136 112 194 166 125 193 165 124 170 138 35 44 43 32 194 166 125 170 138 35 42 41 5 194 166 125 44 43 32 183 37 119 39 39 28 41 38 30 195 167 126 39 39 28 183 37 119 184 156 120 195 167 126 183 37 119 196 168 35 195 167 126 184 156 120 185 157 12 196 168 35 184 156 120 197 169 101 196 168 35 185 157 12 186 158 121 197 169 101 185 157 12 198 170 127 197 169 101 186 158 121 187 159 122 198 170 127 186 158 121 199 171 16 198 170 127 187 159 122 188 160 123 199 171 16 187 159 122 200 172 17 199 171 16 188 160 123 189 161 116 200 172 17 188 160 123 201 173 41 200 172 17 189 161 116 190 162 52 201 173 41 189 161 116 202 174 128 201 173 41 190 162 52 191 163 110 202 174 128 190 162 52 203 175 129 202 174 128 191 163 110 192 164 25 203 175 129 191 163 110 204 176 16 203 175 129 192 164 25 193 165 124 204 176 16 192 164 25 205 177 127 204 176 16 193 165 124 194 166 125 205 177 127 193 165 124 206 178 130 205 177 127 194 166 125 42 41 5 206 178 130 194 166 125 40 40 29 206 178 130 42 41 5 195 167 126 37 37 27 39 39 28 207 156 131 37 37 27 195 167 126 196 168 35 207 156 131 195 167 126 208 157 26 207 156 131 196 168 35 197 169 101 208 157 26 196 168 35 209 158 132 208 157 26 197 169 101 198 170 127 209 158 132 197 169 101 210 159 116 209 158 132 198 170 127 199 171 16 210 159 116 198 170 127 211 160 133 210 159 116 199 171 16 200 172 17 211 160 133 199 171 16 212 161 62 211 160 133 200 172 17 201 173 41 212 161 62 200 172 17 213 162 44 212 161 62 201 173 41 202 174 128 213 162 44 201 173 41 214 163 63 213 162 44 202 174 128 203 175 129 214 163 63 202 174 128 215 164 52 214 163 63 203 175 129 204 176 16 215 164 52 203 175 129 216 165 104 215 164 52 204 176 16 205 177 127 216 165 104 204 176 16 217 166 14 216 165 104 205 177 127 206 178 130 217 166 14 205 177 127 218 41 36 217 166 14 206 178 130 40 40 29 218 41 36 206 178 130 38 38 13 218 41 36 40 40 29 207 156 131 35 35 25 37 37 27 219 120 55 35 35 25 207 156 131 208 157 26 219 120 55 207 156 131 220 122 39 219 120 55 208 157 26 209 158 132 220 122 39 208 157 26 221 124 41 220 122 39 209 158 132 210 159 116 221 124 41 209 158 132 222 126 50 221 124 41 210 159 116 211 160 133 222 126 50 210 159 116 223 128 45 222 126 50 211 160 133 212 161 62 223 128 45 211 160 133 224 130 76 223 128 45 212 161 62 213 162 44 224 130 76 212 161 62 225 132 134 224 130 76 213 162 44 214 163 63 225 132 134 213 162 44 226 134 135 225 132 134 214 163 63 215 164 52 226 134 135 214 163 63 227 136 136 226 134 135 215 164 52 216 165 104 227 136 136 215 164 52 228 138 137 227 136 136 216 165 104 217 166 14 228 138 137 216 165 104 229 43 118 228 138 137 217 166 14 218 41 36 229 43 118 217 166 14 230 42 114 229 43 118 218 41 36 38 38 13 230 42 114 218 41 36 36 36 26 230 42 114 38 38 13 219 120 55 33 33 16 35 35 25 231 121 116 33 33 16 219 120 55 220 122 39 231 121 116 219 120 55 232 123 133 231 121 116 220 122 39 221 124 41 232 123 133 220 122 39 233 125 82 232 123 133 221 124 41 222 126 50 233 125 82 221 124 41 234 127 138 233 125 82 222 126 50 223 128 45 234 127 138 222 126 50 235 129 138 234 127 138 223 128 45 224 130 76 235 129 138 223 128 45 236 131 43 235 129 138 224 130 76 225 132 134 236 131 43 224 130 76 237 133 53 236 131 43 225 132 134 226 134 135 237 133 53 225 132 134 238 135 139 237 133 53 226 134 135 227 136 136 238 135 139 226 134 135 239 137 122 238 135 139 227 136 136 228 138 137 239 137 122 227 136 136 240 45 118 239 137 122 228 138 137 229 43 118 240 45 118 228 138 137 241 44 114 240 45 118 229 43 118 230 42 114 241 44 114 229 43 118 242 119 26 241 44 114 230 42 114 36 36 26 242 119 26 230 42 114 34 34 25 242 119 26 36 36 26 231 121 116 31 31 23 33 33 16 243 141 42 31 31 23 231 121 116 232 123 133 243 141 42 231 121 116 244 143 140 243 141 42 232 123 133 233 125 82 244 143 140 232 123 133 245 145 141 244 143 140 233 125 82 234 127 138 245 145 141 233 125 82 246 147 67 245 145 141 234 127 138 235 129 138 246 147 67 234 127 138 247 149 44 246 147 67 235 129 138 236 131 43 247 149 44 235 129 138 248 151 142 247 149 44 236 131 43 237 133 53 248 151 142 236 131 43 249 153 143 248 151 142 237 133 53 238 135 139 249 153 143 237 133 53 1 155 1 249 153 143 238 135 139 239 137 122 1 155 1 238 135 139 0 47 0 1 155 1 239 137 122 240 45 118 0 47 0 239 137 122 250 46 124 0 47 0 240 45 118 241 44 114 250 46 124 240 45 118 251 139 144 250 46 124 241 44 114 242 119 26 251 139 144 241 44 114 252 140 26 251 139 144 242 119 26 34 34 25 252 140 26 242 119 26 32 32 24 252 140 26 34 34 25 254 114 6 16 16 8 253 115 6 255 113 145 16 16 8 254 114 6 256 104 6 255 113 145 254 114 6 257 103 146 255 113 145 256 104 6 258 94 6 257 103 146 256 104 6 259 93 147 257 103 146 258 94 6 260 83 9 259 93 147 258 94 6 261 82 148 259 93 147 260 83 9 262 72 149 261 82 148 260 83 9 263 71 150 261 82 148 262 72 149 264 63 151 263 71 150 262 72 149 265 61 36 263 71 150 264 63 151 266 62 0 265 61 36 264 63 151 267 60 37 265 61 36 266 62 0 252 140 26 267 60 37 266 62 0 32 32 24 267 60 37 252 140 26 268 116 6 16 16 8 14 14 6 253 115 6 16 16 8 268 116 6 269 106 6 253 115 6 268 116 6 270 105 6 253 115 6 269 106 6 271 96 6 270 105 6 269 106 6 272 95 6 270 105 6 271 96 6 273 85 6 272 95 6 271 96 6 274 84 6 272 95 6 273 85 6 275 74 6 274 84 6 273 85 6 276 73 31 274 84 6 275 74 6 277 67 149 276 73 31 275 74 6 278 65 152 276 73 31 277 67 149 279 66 153 278 65 152 277 67 149 280 64 113 278 65 152 279 66 153 250 46 124 280 64 113 279 66 153 251 139 144 280 64 113 250 46 124 243 141 42 29 29 21 31 31 23 281 142 154 29 29 21 243 141 42 244 143 140 281 142 154 243 141 42 282 144 140 281 142 154 244 143 140 245 145 141 282 144 140 244 143 140 283 146 43 282 144 140 245 145 141 246 147 67 283 146 43 245 145 141 284 148 155 283 146 43 246 147 67 247 149 44 284 148 155 246 147 67 285 150 139 284 148 155 247 149 44 248 151 142 285 150 139 247 149 44 286 152 156 285 150 139 248 151 142 249 153 143 286 152 156 248 151 142 3 154 3 286 152 156 249 153 143 1 155 1 3 154 3 249 153 143 12 12 6 268 116 6 14 14 6 269 106 6 268 116 6 12 12 6 10 10 6 269 106 6 12 12 6 271 96 6 269 106 6 10 10 6 8 8 6 271 96 6 10 10 6 273 85 6 271 96 6 8 8 6 6 6 6 273 85 6 8 8 6 275 74 6 273 85 6 6 6 6 4 4 4 275 74 6 6 6 6 277 67 149 275 74 6 4 4 4 2 68 2 277 67 149 4 4 4 279 66 153 277 67 149 2 68 2 0 47 0 279 66 153 2 68 2 250 46 124 279 66 153 0 47 0 30 30 22 267 60 37 32 32 24 287 59 156 267 60 37 30 30 22 28 28 20 287 59 156 30 30 22 288 69 157 287 59 156 28 28 20 26 26 18 288 69 157 28 28 20 289 79 104 288 69 157 26 26 18 24 24 16 289 79 104 26 26 18 290 89 37 289 79 104 24 24 16 22 22 14 290 89 37 24 24 16 291 108 158 290 89 37 22 22 14 20 20 12 291 108 158 22 22 14 292 117 120 291 108 158 20 20 12 18 18 10 292 117 120 20 20 12 16 16 8 292 117 120 18 18 10 270 105 6 254 114 6 253 115 6 256 104 6 254 114 6 270 105 6 272 95 6 256 104 6 270 105 6 258 94 6 256 104 6 272 95 6 274 84 6 258 94 6 272 95 6 260 83 9 258 94 6 274 84 6 276 73 31 260 83 9 274 84 6 262 72 149 260 83 9 276 73 31 278 65 152 262 72 149 276 73 31 264 63 151 262 72 149 278 65 152 280 64 113 264 63 151 278 65 152 266 62 0 264 63 151 280 64 113 251 139 144 266 62 0 280 64 113 252 140 26 266 62 0 251 139 144 281 58 154 27 27 19 29 29 21 293 57 159 27 27 19 281 58 154 282 56 140 293 57 159 281 58 154 294 55 42 293 57 159 282 56 140 283 54 43 294 55 42 282 56 140 295 53 40 294 55 42 283 54 43 284 52 155 295 53 40 283 54 43 296 51 160 295 53 40 284 52 155 285 50 139 296 51 160 284 52 155 297 49 161 296 51 160 285 50 139 286 48 156 297 49 161 285 50 139 5 5 5 297 49 161 286 48 156 3 3 3 5 5 5 286 48 156 287 59 156 265 61 36 267 60 37 298 70 0 265 61 36 287 59 156 288 69 157 298 70 0 287 59 156 299 80 162 298 70 0 288 69 157 289 79 104 299 80 162 288 69 157 300 90 114 299 80 162 289 79 104 290 89 37 300 90 114 289 79 104 301 99 113 300 90 114 290 89 37 291 108 158 301 99 113 290 89 37 302 118 98 301 99 113 291 108 158 292 117 120 302 118 98 291 108 158 16 16 8 302 118 98 292 117 120 293 57 159 25 25 17 27 27 19 303 78 23 25 25 17 293 57 159 294 55 42 303 78 23 293 57 159 304 77 24 303 78 23 294 55 42 295 53 40 304 77 24 294 55 42 305 76 131 304 77 24 295 53 40 296 51 160 305 76 131 295 53 40 306 75 12 305 76 131 296 51 160 297 49 161 306 75 12 296 51 160 7 7 7 306 75 12 297 49 161 5 5 5 7 7 7 297 49 161 298 70 0 263 71 150 265 61 36 307 81 3 263 71 150 298 70 0 299 80 162 307 81 3 298 70 0 308 91 163 307 81 3 299 80 162 300 90 114 308 91 163 299 80 162 309 100 164 308 91 163 300 90 114 301 99 113 309 100 164 300 90 114 310 109 152 309 100 164 301 99 113 302 118 98 310 109 152 301 99 113 16 16 8 310 109 152 302 118 98 307 81 3 261 82 148 263 71 150 311 92 165 261 82 148 307 81 3 308 91 163 311 92 165 307 81 3 312 101 151 311 92 165 308 91 163 309 100 164 312 101 151 308 91 163 313 110 98 312 101 151 309 100 164 310 109 152 313 110 98 309 100 164 16 16 8 313 110 98 310 109 152 9 9 6 306 75 12 7 7 7 314 86 166 306 75 12 9 9 6 11 11 6 314 86 166 9 9 6 315 97 9 314 86 166 11 11 6 13 13 6 315 97 9 11 11 6 316 107 7 315 97 9 13 13 6 15 15 6 316 107 7 13 13 6 17 17 9 316 107 7 15 15 6 19 19 11 316 107 7 17 17 9 317 98 152 316 107 7 19 19 11 21 21 13 317 98 152 19 19 11 318 88 114 317 98 152 21 21 13 23 23 15 318 88 114 21 21 13 303 78 23 318 88 114 23 23 15 25 25 17 303 78 23 23 23 15 311 92 165 259 93 147 261 82 148 319 102 5 259 93 147 311 92 165 312 101 151 319 102 5 311 92 165 320 111 167 319 102 5 312 101 151 313 110 98 320 111 167 312 101 151 16 16 8 320 111 167 313 110 98 317 98 152 315 97 9 316 107 7 321 87 102 315 97 9 317 98 152 318 88 114 321 87 102 317 98 152 304 77 24 321 87 102 318 88 114 303 78 23 304 77 24 318 88 114 319 102 5 257 103 146 259 93 147 322 112 166 257 103 146 319 102 5 320 111 167 322 112 166 319 102 5 16 16 8 322 112 166 320 111 167 321 87 102 314 86 166 315 97 9 305 76 131 314 86 166 321 87 102 304 77 24 305 76 131 321 87 102 323 16 80 133 109 93 134 110 93 146 118 97 133 109 93 323 16 80 145 117 97 146 118 97 323 16 80 255 113 145 322 112 166 16 16 8 257 103 146 322 112 166 255 113 145 182 1 118 49 2 37 48 0 36 51 3 24 49 2 37 182 1 118 135 111 85 323 16 80 134 110 93 136 112 87 323 16 80 135 111 85 137 113 94 323 16 80 136 112 87 138 114 95 323 16 80 137 113 94 139 115 78 323 16 80 138 114 95 140 116 95 323 16 80 139 115 78 141 14 94 323 16 80 140 116 95 142 15 87 323 16 80 141 14 94 143 17 96 323 16 80 142 15 87 144 18 93 323 16 80 143 17 96 305 76 131 306 75 12 314 86 166 145 117 97 323 16 80 144 18 93</p>
                </polylist>
            </mesh>
        </geometry>
    </library_geometries>
    <library_visual_scenes>
        <visual_scene id="VisualSceneNode">
            <node id="node0" name="m0" type="NODE">
                <instance_geometry url="#mesh0">
                    <bind_material>
                        <technique_common>
                            <instance_material symbol="Material1" target="#mat0">
                                <bind_vertex_input semantic="UVSET0" input_semantic="TEXCOORD" input_set="0"></bind_vertex_input>
                            </instance_material>
                        </technique_common>
                    </bind_material>
                </instance_geometry>
            </node>
            <node id="node1" name="m1" type="NODE">
                <instance_geometry url="#mesh1">
                    <bind_material>
                        <technique_common>
                            <instance_material symbol="Material1" target="#mat1">
                                <bind_vertex_input semantic="UVSET0" input_semantic="TEXCOORD" input_set="0"></bind_vertex_input>
                            </instance_material>
                        </technique_common>
                    </bind_material>
                </instance_geometry>
            </node>
            <node id="node2" name="m2" type="NODE">
                <instance_geometry url="#mesh2">
                    <bind_material>
                        <technique_common>
                            <instance_material symbol="Material1" target="#mat19">
                                <bind_vertex_input semantic="UVSET0" input_semantic="TEXCOORD" input_set="0"></bind_vertex_input>
                            </instance_material>
                        </technique_common>
                    </bind_material>
                </instance_geometry>
            </node>
            <node id="node3" name="m3" type="NODE">
                <instance_geometry url="#mesh3">
                    <bind_material>
                        <technique_common>
                            <instance_material symbol="Material1" target="#mat2">
                                <bind_vertex_input semantic="UVSET0" input_semantic="TEXCOORD" input_set="0"></bind_vertex_input>
                            </instance_material>
                        </technique_common>
                    </bind_material>
                </instance_geometry>
            </node>
            <node id="node4" name="m4" type="NODE">
                <instance_geometry url="#mesh4">
                    <bind_material>
                        <technique_common>
                            <instance_material symbol="Material1" target="#mat3">
                                <bind_vertex_input semantic="UVSET0" input_semantic="TEXCOORD" input_set="0"></bind_vertex_input>
                            </instance_material>
                        </technique_common>
                    </bind_material>
                </instance_geometry>
            </node>
            <node id="node5" name="m5" type="NODE">
                <instance_geometry url="#mesh5">
                    <bind_material>
                        <technique_common>
                            <instance_material symbol="Material1" target="#mat4">
                                <bind_vertex_input semantic="UVSET0" input_semantic="TEXCOORD" input_set="0"></bind_vertex_input>
                            </instance_material>
                        </technique_common>
                    </bind_material>
                </instance_geometry>
            </node>
            <node id="node6" name="m6" type="NODE">
                <instance_geometry url="#mesh6">
                    <bind_material>
                        <technique_common>
                            <instance_material symbol="Material1" target="#mat17">
                                <bind_vertex_input semantic="UVSET0" input_semantic="TEXCOORD" input_set="0"></bind_vertex_input>
                            </instance_material>
                        </technique_common>
                    </bind_material>
                </instance_geometry>
            </node>
            <node id="node7" name="m7" type="NODE">
                <instance_geometry url="#mesh7">
                    <bind_material>
                        <technique_common>
                            <instance_material symbol="Material1" target="#mat10">
                                <bind_vertex_input semantic="UVSET0" input_semantic="TEXCOORD" input_set="0"></bind_vertex_input>
                            </instance_material>
                        </technique_common>
                    </bind_material>
                </instance_geometry>
            </node>
            <node id="node8" name="m8" type="NODE">
                <instance_geometry url="#mesh8">
                    <bind_material>
                        <technique_common>
                            <instance_material symbol="Material1" target="#mat11">
                                <bind_vertex_input semantic="UVSET0" input_semantic="TEXCOORD" input_set="0"></bind_vertex_input>
                            </instance_material>
                        </technique_common>
                    </bind_material>
                </instance_geometry>
            </node>
            <node id="node9" name="m9" type="NODE">
                <instance_geometry url="#mesh9">
                    <bind_material>
                        <technique_common>
                            <instance_material symbol="Material1" target="#mat12">
                                <bind_vertex_input semantic="UVSET0" input_semantic="TEXCOORD" input_set="0"></bind_vertex_input>
                            </instance_material>
                        </technique_common>
                    </bind_material>
                </instance_geometry>
            </node>
            <node id="node10" name="m10" type="NODE">
                <instance_geometry url="#mesh10">
                    <bind_material>
                        <technique_common>
                            <instance_material symbol="Material1" target="#mat9">
                                <bind_vertex_input semantic="UVSET0" input_semantic="TEXCOORD" input_set="0"></bind_vertex_input>
                            </instance_material>
                        </technique_common>
                    </bind_material>
                </instance_geometry>
            </node>
            <node id="node11" name="m11" type="NODE">
                <instance_geometry url="#mesh11">
                    <bind_material>
                        <technique_common>
                            <instance_material symbol="Material1" target="#mat8">
                                <bind_vertex_input semantic="UVSET0" input_semantic="TEXCOORD" input_set="0"></bind_vertex_input>
                            </instance_material>
                        </technique_common>
                    </bind_material>
                </instance_geometry>
            </node>
            <node id="node12" name="m12" type="NODE">
                <instance_geometry url="#mesh12">
                    <bind_material>
                        <technique_common>
                            <instance_material symbol="Material1" target="#mat16">
                                <bind_vertex_input semantic="UVSET0" input_semantic="TEXCOORD" input_set="0"></bind_vertex_input>
                            </instance_material>
                        </technique_common>
                    </bind_material>
                </instance_geometry>
            </node>
            <node id="node13" name="m13" type="NODE">
                <instance_geometry url="#mesh13">
                    <bind_material>
                        <technique_common>
                            <instance_material symbol="Material1" target="#mat13">
                                <bind_vertex_input semantic="UVSET0" input_semantic="TEXCOORD" input_set="0"></bind_vertex_input>
                            </instance_material>
                        </technique_common>
                    </bind_material>
                </instance_geometry>
            </node>
            <node id="node14" name="m14" type="NODE">
                <instance_geometry url="#mesh14">
                    <bind_material>
                        <technique_common>
                            <instance_material symbol="Material1" target="#mat15">
                                <bind_vertex_input semantic="UVSET0" input_semantic="TEXCOORD" input_set="0"></bind_vertex_input>
                            </instance_material>
                        </technique_common>
                    </bind_material>
                </instance_geometry>
            </node>
            <node id="node15" name="m15" type="NODE">
                <instance_geometry url="#mesh15">
                    <bind_material>
                        <technique_common>
                            <instance_material symbol="Material1" target="#mat14">
                                <bind_vertex_input semantic="UVSET0" input_semantic="TEXCOORD" input_set="0"></bind_vertex_input>
                            </instance_material>
                        </technique_common>
                    </bind_material>
                </instance_geometry>
            </node>
            <node id="node16" name="m16" type="NODE">
                <instance_geometry url="#mesh16">
                    <bind_material>
                        <technique_common>
                            <instance_material symbol="Material1" target="#mat6">
                                <bind_vertex_input semantic="UVSET0" input_semantic="TEXCOORD" input_set="0"></bind_vertex_input>
                            </instance_material>
                        </technique_common>
                    </bind_material>
                </instance_geometry>
            </node>
            <node id="node17" name="m17" type="NODE">
                <instance_geometry url="#mesh17">
                    <bind_material>
                        <technique_common>
                            <instance_material symbol="Material1" target="#mat5">
                                <bind_vertex_input semantic="UVSET0" input_semantic="TEXCOORD" input_set="0"></bind_vertex_input>
                            </instance_material>
                        </technique_common>
                    </bind_material>
                </instance_geometry>
            </node>
            <node id="node18" name="m18" type="NODE">
                <instance_geometry url="#mesh18">
                    <bind_material>
                        <technique_common>
                            <instance_material symbol="Material1" target="#mat7">
                                <bind_vertex_input semantic="UVSET0" input_semantic="TEXCOORD" input_set="0"></bind_vertex_input>
                            </instance_material>
                        </technique_common>
                    </bind_material>
                </instance_geometry>
            </node>
            <node id="node19" name="m19" type="NODE">
                <instance_geometry url="#mesh19">
                    <bind_material>
                        <technique_common>
                            <instance_material symbol="Material1" target="#mat18">
                                <bind_vertex_input semantic="UVSET0" input_semantic="TEXCOORD" input_set="0"></bind_vertex_input>
                            </instance_material>
                        </technique_common>
                    </bind_material>
                </instance_geometry>
            </node>
        </visual_scene>
    </library_visual_scenes>
    <scene>
        <instance_visual_scene url="#VisualSceneNode"></instance_visual_scene>
    </scene>
</COLLADA>
